-- MySQL dump 10.13  Distrib 8.0.44, for Win64 (x86_64)
--
-- Host: 192.168.5.175    Database: eams_plan
-- ------------------------------------------------------
-- Server version	8.4.8

/*!40101 SET @OLD_CHARACTER_SET_CLIENT=@@CHARACTER_SET_CLIENT */;
/*!40101 SET @OLD_CHARACTER_SET_RESULTS=@@CHARACTER_SET_RESULTS */;
/*!40101 SET @OLD_COLLATION_CONNECTION=@@COLLATION_CONNECTION */;
/*!50503 SET NAMES utf8mb4 */;
/*!40103 SET @OLD_TIME_ZONE=@@TIME_ZONE */;
/*!40103 SET TIME_ZONE='+00:00' */;
/*!40014 SET @OLD_UNIQUE_CHECKS=@@UNIQUE_CHECKS, UNIQUE_CHECKS=0 */;
/*!40014 SET @OLD_FOREIGN_KEY_CHECKS=@@FOREIGN_KEY_CHECKS, FOREIGN_KEY_CHECKS=0 */;
/*!40101 SET @OLD_SQL_MODE=@@SQL_MODE, SQL_MODE='NO_AUTO_VALUE_ON_ZERO' */;
/*!40111 SET @OLD_SQL_NOTES=@@SQL_NOTES, SQL_NOTES=0 */;

--
-- Table structure for table `asset_category`
--

DROP TABLE IF EXISTS `asset_category`;
/*!40101 SET @saved_cs_client     = @@character_set_client */;
/*!50503 SET character_set_client = utf8mb4 */;
CREATE TABLE `asset_category` (
  `id` bigint NOT NULL AUTO_INCREMENT COMMENT '分类ID',
  `parent_id` bigint DEFAULT '0' COMMENT '父分类ID，0表示顶级分类',
  `category_name` varchar(50) NOT NULL COMMENT '分类名称',
  `category_code` varchar(50) DEFAULT NULL COMMENT '分类编码',
  `sort_order` int DEFAULT '0' COMMENT '排序顺序',
  `description` varchar(200) DEFAULT NULL COMMENT '分类描述',
  `deleted` tinyint NOT NULL DEFAULT '0' COMMENT '删除标记：0-未删除，1-已删除',
  `create_time` datetime NOT NULL DEFAULT CURRENT_TIMESTAMP COMMENT '创建时间',
  `update_time` datetime NOT NULL DEFAULT CURRENT_TIMESTAMP ON UPDATE CURRENT_TIMESTAMP COMMENT '更新时间',
  PRIMARY KEY (`id`),
  UNIQUE KEY `uk_category_code` (`category_code`),
  KEY `idx_parent_id` (`parent_id`)
) ENGINE=InnoDB AUTO_INCREMENT=12 DEFAULT CHARSET=utf8mb4 COLLATE=utf8mb4_0900_ai_ci COMMENT='资产分类表';
/*!40101 SET character_set_client = @saved_cs_client */;

--
-- Dumping data for table `asset_category`
--

LOCK TABLES `asset_category` WRITE;
/*!40000 ALTER TABLE `asset_category` DISABLE KEYS */;
INSERT INTO `asset_category` VALUES (1,0,'固定资产','GDZC',0,'',0,'2026-02-08 21:59:14','2026-02-08 21:59:14'),(2,0,'流动资产','LDZC',0,'',0,'2026-02-08 21:59:22','2026-02-08 21:59:22'),(3,1,'机器设备','JQSB',0,'',0,'2026-02-08 21:59:48','2026-02-08 21:59:48'),(4,1,'运输工具','YSGJ',1,'',0,'2026-02-08 22:00:07','2026-02-08 22:00:07'),(5,3,'流水线机器','LSXJQ',0,'',0,'2026-02-08 22:00:30','2026-02-08 22:00:30'),(6,4,'轿车','JC',0,'',0,'2026-02-08 22:00:39','2026-02-08 22:00:39'),(7,4,'皮卡车','PKC',0,'',0,'2026-02-08 22:00:46','2026-02-08 22:00:46'),(8,1,'办公设备','BGSB',0,'',0,'2026-02-08 22:01:19','2026-02-08 22:01:58'),(9,8,'计算机','JSJ',0,'',0,'2026-02-08 22:02:07','2026-02-08 22:02:07'),(10,8,'桌子','ZZ',0,'',0,'2026-02-08 22:02:21','2026-02-08 22:02:21'),(11,8,'椅子','YZ',0,'',0,'2026-02-08 22:02:27','2026-02-08 22:02:27');
/*!40000 ALTER TABLE `asset_category` ENABLE KEYS */;
UNLOCK TABLES;

--
-- Table structure for table `asset_info`
--

DROP TABLE IF EXISTS `asset_info`;
/*!40101 SET @saved_cs_client     = @@character_set_client */;
/*!50503 SET character_set_client = utf8mb4 */;
CREATE TABLE `asset_info` (
  `id` bigint NOT NULL AUTO_INCREMENT COMMENT '资产ID',
  `asset_number` varchar(50) NOT NULL COMMENT '资产编号（唯一）',
  `asset_name` varchar(100) NOT NULL COMMENT '资产名称',
  `category_id` bigint NOT NULL COMMENT '资产分类ID',
  `purchase_detail_id` bigint DEFAULT NULL COMMENT '采购明细ID',
  `purchase_amount` decimal(15,2) DEFAULT NULL COMMENT '采购金额',
  `purchase_date` date DEFAULT NULL COMMENT '采购日期',
  `department_id` bigint DEFAULT NULL COMMENT '使用部门ID',
  `custodian` varchar(50) DEFAULT NULL COMMENT '责任人',
  `asset_status` tinyint NOT NULL DEFAULT '1' COMMENT '资产状态：0-采购，1-闲置，2-使用中，3-维修中，4-报废，6-取消采购',
  `specifications` text COMMENT '规格型号',
  `manufacturer` varchar(100) DEFAULT NULL COMMENT '生产厂商',
  `remark` text COMMENT '备注',
  `deleted` tinyint NOT NULL DEFAULT '0' COMMENT '删除标记：0-未删除，1-已删除',
  `create_time` datetime NOT NULL DEFAULT CURRENT_TIMESTAMP COMMENT '创建时间',
  `update_time` datetime NOT NULL DEFAULT CURRENT_TIMESTAMP ON UPDATE CURRENT_TIMESTAMP COMMENT '更新时间',
  PRIMARY KEY (`id`),
  UNIQUE KEY `uk_asset_number` (`asset_number`),
  KEY `idx_category_id` (`category_id`),
  KEY `idx_asset_status` (`asset_status`),
  KEY `idx_department_id` (`department_id`)
) ENGINE=InnoDB AUTO_INCREMENT=351 DEFAULT CHARSET=utf8mb4 COLLATE=utf8mb4_0900_ai_ci COMMENT='资产信息表';
/*!40101 SET character_set_client = @saved_cs_client */;

--
-- Dumping data for table `asset_info`
--

LOCK TABLES `asset_info` WRITE;
/*!40000 ALTER TABLE `asset_info` DISABLE KEYS */;
INSERT INTO `asset_info` VALUES (1,'PKC-20260208-0001','长城牌皮卡车',7,1,200000.00,'2026-02-08',7,'wangwu01',4,'长城跑','长城汽车','',0,'2026-02-08 22:04:34','2026-02-08 22:04:34'),(2,'PKC-20260208-0002','长城牌皮卡车',7,1,200000.00,'2026-02-08',7,'zhangsan01',2,'长城跑','长城汽车','',0,'2026-02-08 22:04:34','2026-02-08 22:04:34'),(3,'PKC-20260208-0003','长城牌皮卡车',7,1,200000.00,'2026-02-08',11,'zhouzhou01',2,'长城跑','长城汽车','',0,'2026-02-08 22:04:34','2026-02-08 22:04:34'),(4,'JC-20260208-0001','奥迪牌轿车',6,2,500000.00,'2026-02-08',7,'zhangsan01',2,'A6 45TFSI','奥迪汽车','',0,'2026-02-08 22:04:34','2026-02-08 22:04:34'),(5,'JC-20260208-0002','奥迪牌轿车',6,2,500000.00,'2026-02-08',11,'zhouzhou01',2,'A6 45TFSI','奥迪汽车','',0,'2026-02-08 22:04:34','2026-02-08 22:04:34'),(6,'JC-20260208-0003','奥迪牌轿车',6,2,500000.00,'2026-02-08',1,'admin',0,'A6 45TFSI','奥迪汽车','',0,'2026-02-08 22:04:34','2026-02-08 22:04:34'),(7,'JC-20260208-0004','奥迪牌轿车',6,2,500000.00,'2026-02-08',1,'admin',0,'A6 45TFSI','奥迪汽车','',0,'2026-02-08 22:04:34','2026-02-08 22:04:34'),(8,'JC-20260208-0005','奥迪牌轿车',6,2,500000.00,'2026-02-08',1,'admin',0,'A6 45TFSI','奥迪汽车','',0,'2026-02-08 22:04:34','2026-02-08 22:04:34'),(9,'LSXJQ-20260208-0001','贴片机',5,3,4500000.00,'2026-02-08',7,'wangwu01',4,'65SX-PRO','B厂','',0,'2026-02-08 22:06:28','2026-02-08 22:06:28'),(10,'LSXJQ-20260208-0002','贴片机',5,3,4500000.00,'2026-02-08',7,'zhangsan01',2,'65SX-PRO','B厂','',0,'2026-02-08 22:06:28','2026-02-08 22:06:28'),(11,'JSJ-20260208-0001','联想台式电脑',9,4,7000.00,'2026-02-08',7,'zhangsan01',2,'i7-3050-16-500','联想电脑','',0,'2026-02-08 22:08:27','2026-02-08 22:08:27'),(12,'JSJ-20260208-0002','联想台式电脑',9,4,7000.00,'2026-02-08',7,'zhangsan01',2,'i7-3050-16-500','联想电脑','',0,'2026-02-08 22:08:27','2026-02-08 22:08:27'),(13,'JSJ-20260208-0003','联想台式电脑',9,4,7000.00,'2026-02-08',7,'zhangsan01',2,'i7-3050-16-500','联想电脑','',0,'2026-02-08 22:08:27','2026-02-08 22:08:27'),(14,'JSJ-20260208-0004','联想台式电脑',9,4,7000.00,'2026-02-08',7,'zhangsan01',2,'i7-3050-16-500','联想电脑','',0,'2026-02-08 22:08:27','2026-02-08 22:08:27'),(15,'JSJ-20260208-0005','联想台式电脑',9,4,7000.00,'2026-02-08',7,'zhangsan01',2,'i7-3050-16-500','联想电脑','',0,'2026-02-08 22:08:27','2026-02-08 22:08:27'),(16,'JSJ-20260208-0006','联想台式电脑',9,4,7000.00,'2026-02-08',7,'zhangsan01',2,'i7-3050-16-500','联想电脑','',0,'2026-02-08 22:08:27','2026-02-08 22:08:27'),(17,'JSJ-20260208-0007','联想台式电脑',9,4,7000.00,'2026-02-08',11,'zhouzhou01',2,'i7-3050-16-500','联想电脑','',0,'2026-02-08 22:08:27','2026-02-08 22:08:27'),(18,'JSJ-20260208-0008','联想台式电脑',9,4,7000.00,'2026-02-08',12,'zhaozhao01',1,'i7-3050-16-500','联想电脑','',0,'2026-02-08 22:08:27','2026-02-08 22:08:27'),(19,'JSJ-20260208-0009','联想台式电脑',9,4,7000.00,'2026-02-08',12,'zhaozhao01',1,'i7-3050-16-500','联想电脑','',0,'2026-02-08 22:08:27','2026-02-08 22:08:27'),(20,'JSJ-20260208-0010','联想台式电脑',9,4,7000.00,'2026-02-08',12,'zhaozhao01',1,'i7-3050-16-500','联想电脑','',0,'2026-02-08 22:08:27','2026-02-08 22:08:27'),(21,'JSJ-20260208-0011','联想台式电脑',9,4,7000.00,'2026-02-08',12,'zhaozhao01',1,'i7-3050-16-500','联想电脑','',0,'2026-02-08 22:08:27','2026-02-08 22:08:27'),(22,'JSJ-20260208-0012','联想台式电脑',9,4,7000.00,'2026-02-08',12,'zhaozhao01',1,'i7-3050-16-500','联想电脑','',0,'2026-02-08 22:08:27','2026-02-08 22:08:27'),(23,'JSJ-20260208-0013','联想台式电脑',9,4,7000.00,'2026-02-08',12,'zhaozhao01',1,'i7-3050-16-500','联想电脑','',0,'2026-02-08 22:08:27','2026-02-08 22:08:27'),(24,'JSJ-20260208-0014','联想台式电脑',9,4,7000.00,'2026-02-08',12,'zhaozhao01',1,'i7-3050-16-500','联想电脑','',0,'2026-02-08 22:08:27','2026-02-08 22:08:27'),(25,'JSJ-20260208-0015','联想台式电脑',9,4,7000.00,'2026-02-08',12,'zhaozhao01',1,'i7-3050-16-500','联想电脑','',0,'2026-02-08 22:08:27','2026-02-08 22:08:27'),(26,'JSJ-20260208-0016','联想台式电脑',9,4,7000.00,'2026-02-08',12,'zhaozhao01',1,'i7-3050-16-500','联想电脑','',0,'2026-02-08 22:08:27','2026-02-08 22:08:27'),(27,'JSJ-20260208-0017','联想台式电脑',9,4,7000.00,'2026-02-08',12,'zhaozhao01',1,'i7-3050-16-500','联想电脑','',0,'2026-02-08 22:08:27','2026-02-08 22:08:27'),(28,'JSJ-20260208-0018','联想台式电脑',9,4,7000.00,'2026-02-08',1,'admin',0,'i7-3050-16-500','联想电脑','',0,'2026-02-08 22:08:27','2026-02-08 22:08:27'),(29,'JSJ-20260208-0019','联想台式电脑',9,4,7000.00,'2026-02-08',1,'admin',0,'i7-3050-16-500','联想电脑','',0,'2026-02-08 22:08:27','2026-02-08 22:08:27'),(30,'JSJ-20260208-0020','联想台式电脑',9,4,7000.00,'2026-02-08',1,'admin',0,'i7-3050-16-500','联想电脑','',0,'2026-02-08 22:08:27','2026-02-08 22:08:27'),(31,'JSJ-20260208-0021','联想台式电脑',9,4,7000.00,'2026-02-08',1,'admin',0,'i7-3050-16-500','联想电脑','',0,'2026-02-08 22:08:27','2026-02-08 22:08:27'),(32,'JSJ-20260208-0022','联想台式电脑',9,4,7000.00,'2026-02-08',1,'admin',0,'i7-3050-16-500','联想电脑','',0,'2026-02-08 22:08:27','2026-02-08 22:08:27'),(33,'JSJ-20260208-0023','联想台式电脑',9,4,7000.00,'2026-02-08',1,'admin',0,'i7-3050-16-500','联想电脑','',0,'2026-02-08 22:08:27','2026-02-08 22:08:27'),(34,'JSJ-20260208-0024','联想台式电脑',9,4,7000.00,'2026-02-08',1,'admin',0,'i7-3050-16-500','联想电脑','',0,'2026-02-08 22:08:27','2026-02-08 22:08:27'),(35,'JSJ-20260208-0025','联想台式电脑',9,4,7000.00,'2026-02-08',1,'admin',0,'i7-3050-16-500','联想电脑','',0,'2026-02-08 22:08:27','2026-02-08 22:08:27'),(36,'JSJ-20260208-0026','联想台式电脑',9,4,7000.00,'2026-02-08',1,'admin',0,'i7-3050-16-500','联想电脑','',0,'2026-02-08 22:08:27','2026-02-08 22:08:27'),(37,'JSJ-20260208-0027','联想台式电脑',9,4,7000.00,'2026-02-08',1,'admin',0,'i7-3050-16-500','联想电脑','',0,'2026-02-08 22:08:27','2026-02-08 22:08:27'),(38,'JSJ-20260208-0028','联想台式电脑',9,4,7000.00,'2026-02-08',1,'admin',0,'i7-3050-16-500','联想电脑','',0,'2026-02-08 22:08:27','2026-02-08 22:08:27'),(39,'JSJ-20260208-0029','联想台式电脑',9,4,7000.00,'2026-02-08',1,'admin',0,'i7-3050-16-500','联想电脑','',0,'2026-02-08 22:08:27','2026-02-08 22:08:27'),(40,'JSJ-20260208-0030','联想台式电脑',9,4,7000.00,'2026-02-08',1,'admin',0,'i7-3050-16-500','联想电脑','',0,'2026-02-08 22:08:27','2026-02-08 22:08:27'),(41,'JSJ-20260208-0031','联想笔记本电脑',9,5,6500.00,'2026-02-08',7,'zhangsan01',2,'i7-16-500','联想电脑','',0,'2026-02-08 22:08:27','2026-02-08 22:08:27'),(42,'JSJ-20260208-0032','联想笔记本电脑',9,5,6500.00,'2026-02-08',7,'zhangsan01',2,'i7-16-500','联想电脑','',0,'2026-02-08 22:08:27','2026-02-08 22:08:27'),(43,'JSJ-20260208-0033','联想笔记本电脑',9,5,6500.00,'2026-02-08',7,'zhangsan01',2,'i7-16-500','联想电脑','',0,'2026-02-08 22:08:27','2026-02-08 22:08:27'),(44,'JSJ-20260208-0034','联想笔记本电脑',9,5,6500.00,'2026-02-08',7,'zhangsan01',2,'i7-16-500','联想电脑','',0,'2026-02-08 22:08:27','2026-02-08 22:08:27'),(45,'JSJ-20260208-0035','联想笔记本电脑',9,5,6500.00,'2026-02-08',7,'zhangsan01',2,'i7-16-500','联想电脑','',0,'2026-02-08 22:08:27','2026-02-08 22:08:27'),(46,'JSJ-20260208-0036','联想笔记本电脑',9,5,6500.00,'2026-02-08',7,'zhangsan01',2,'i7-16-500','联想电脑','',0,'2026-02-08 22:08:27','2026-02-08 22:08:27'),(47,'JSJ-20260208-0037','联想笔记本电脑',9,5,6500.00,'2026-02-08',11,'zhouzhou01',2,'i7-16-500','联想电脑','',0,'2026-02-08 22:08:27','2026-02-08 22:08:27'),(48,'JSJ-20260208-0038','联想笔记本电脑',9,5,6500.00,'2026-02-08',12,'zhaozhao01',1,'i7-16-500','联想电脑','',0,'2026-02-08 22:08:27','2026-02-08 22:08:27'),(49,'JSJ-20260208-0039','联想笔记本电脑',9,5,6500.00,'2026-02-08',12,'zhaozhao01',1,'i7-16-500','联想电脑','',0,'2026-02-08 22:08:27','2026-02-08 22:08:27'),(50,'JSJ-20260208-0040','联想笔记本电脑',9,5,6500.00,'2026-02-08',12,'zhaozhao01',1,'i7-16-500','联想电脑','',0,'2026-02-08 22:08:27','2026-02-08 22:08:27'),(51,'ZZ-20260208-0001','单人办公桌',10,6,700.00,'2026-02-08',7,'zhangsan01',2,'1人用','萨蒂家具','',0,'2026-02-08 22:10:19','2026-02-08 22:10:19'),(52,'ZZ-20260208-0002','单人办公桌',10,6,700.00,'2026-02-08',12,'zhaozhao01',2,'1人用','萨蒂家具','',0,'2026-02-08 22:10:19','2026-02-08 22:10:19'),(53,'ZZ-20260208-0003','单人办公桌',10,6,700.00,'2026-02-08',12,'zhaozhao01',2,'1人用','萨蒂家具','',0,'2026-02-08 22:10:19','2026-02-08 22:10:19'),(54,'ZZ-20260208-0004','单人办公桌',10,6,700.00,'2026-02-08',12,'zhaozhao01',2,'1人用','萨蒂家具','',0,'2026-02-08 22:10:19','2026-02-08 22:10:19'),(55,'ZZ-20260208-0005','单人办公桌',10,6,700.00,'2026-02-08',12,'zhaozhao01',2,'1人用','萨蒂家具','',0,'2026-02-08 22:10:19','2026-02-08 22:10:19'),(56,'ZZ-20260208-0006','单人办公桌',10,6,700.00,'2026-02-08',12,'zhaozhao01',2,'1人用','萨蒂家具','',0,'2026-02-08 22:10:19','2026-02-08 22:10:19'),(57,'ZZ-20260208-0007','单人办公桌',10,6,700.00,'2026-02-08',10,'wangwu01',2,'1人用','萨蒂家具','',0,'2026-02-08 22:10:19','2026-02-08 22:10:19'),(58,'ZZ-20260208-0008','单人办公桌',10,6,700.00,'2026-02-08',10,'wangwu01',2,'1人用','萨蒂家具','',0,'2026-02-08 22:10:19','2026-02-08 22:10:19'),(59,'ZZ-20260208-0009','单人办公桌',10,6,700.00,'2026-02-08',10,'wangwu01',2,'1人用','萨蒂家具','',0,'2026-02-08 22:10:19','2026-02-08 22:10:19'),(60,'ZZ-20260208-0010','单人办公桌',10,6,700.00,'2026-02-08',10,'wangwu01',2,'1人用','萨蒂家具','',0,'2026-02-08 22:10:19','2026-02-08 22:10:19'),(61,'ZZ-20260208-0011','单人办公桌',10,6,700.00,'2026-02-08',10,'wangwu01',2,'1人用','萨蒂家具','',0,'2026-02-08 22:10:19','2026-02-08 22:10:19'),(62,'ZZ-20260208-0012','单人办公桌',10,6,700.00,'2026-02-08',10,'wangwu01',2,'1人用','萨蒂家具','',0,'2026-02-08 22:10:19','2026-02-08 22:10:19'),(63,'ZZ-20260208-0013','单人办公桌',10,6,700.00,'2026-02-08',10,'wangwu01',2,'1人用','萨蒂家具','',0,'2026-02-08 22:10:19','2026-02-08 22:10:19'),(64,'ZZ-20260208-0014','单人办公桌',10,6,700.00,'2026-02-08',10,'wangwu01',2,'1人用','萨蒂家具','',0,'2026-02-08 22:10:19','2026-02-08 22:10:19'),(65,'ZZ-20260208-0015','单人办公桌',10,6,700.00,'2026-02-08',10,'wangwu01',2,'1人用','萨蒂家具','',0,'2026-02-08 22:10:19','2026-02-08 22:10:19'),(66,'ZZ-20260208-0016','单人办公桌',10,6,700.00,'2026-02-08',10,'wangwu01',2,'1人用','萨蒂家具','',0,'2026-02-08 22:10:19','2026-02-08 22:10:19'),(67,'ZZ-20260208-0017','单人办公桌',10,6,700.00,'2026-02-08',10,'wangwu01',2,'1人用','萨蒂家具','',0,'2026-02-08 22:10:19','2026-02-08 22:10:19'),(68,'ZZ-20260208-0018','单人办公桌',10,6,700.00,'2026-02-08',10,'wangwu01',2,'1人用','萨蒂家具','',0,'2026-02-08 22:10:19','2026-02-08 22:10:19'),(69,'ZZ-20260208-0019','单人办公桌',10,6,700.00,'2026-02-08',10,'wangwu01',2,'1人用','萨蒂家具','',0,'2026-02-08 22:10:19','2026-02-08 22:10:19'),(70,'ZZ-20260208-0020','单人办公桌',10,6,700.00,'2026-02-08',10,'wangwu01',2,'1人用','萨蒂家具','',0,'2026-02-08 22:10:19','2026-02-08 22:10:19'),(71,'ZZ-20260208-0021','单人办公桌',10,6,700.00,'2026-02-08',10,'wangwu01',2,'1人用','萨蒂家具','',0,'2026-02-08 22:10:19','2026-02-08 22:10:19'),(72,'ZZ-20260208-0022','单人办公桌',10,6,700.00,'2026-02-08',10,'wangwu01',2,'1人用','萨蒂家具','',0,'2026-02-08 22:10:19','2026-02-08 22:10:19'),(73,'ZZ-20260208-0023','单人办公桌',10,6,700.00,'2026-02-08',10,'wangwu01',2,'1人用','萨蒂家具','',0,'2026-02-08 22:10:19','2026-02-08 22:10:19'),(74,'ZZ-20260208-0024','单人办公桌',10,6,700.00,'2026-02-08',10,'wangwu01',2,'1人用','萨蒂家具','',0,'2026-02-08 22:10:19','2026-02-08 22:10:19'),(75,'ZZ-20260208-0025','单人办公桌',10,6,700.00,'2026-02-08',10,'wangwu01',2,'1人用','萨蒂家具','',0,'2026-02-08 22:10:19','2026-02-08 22:10:19'),(76,'ZZ-20260208-0026','单人办公桌',10,6,700.00,'2026-02-08',10,'wangwu01',2,'1人用','萨蒂家具','',0,'2026-02-08 22:10:19','2026-02-08 22:10:19'),(77,'ZZ-20260208-0027','单人办公桌',10,6,700.00,'2026-02-08',7,'zhangsan01',2,'1人用','萨蒂家具','',0,'2026-02-08 22:10:19','2026-02-08 22:10:19'),(78,'ZZ-20260208-0028','单人办公桌',10,6,700.00,'2026-02-08',7,'zhangsan01',2,'1人用','萨蒂家具','',0,'2026-02-08 22:10:20','2026-02-08 22:10:20'),(79,'ZZ-20260208-0029','单人办公桌',10,6,700.00,'2026-02-08',7,'zhangsan01',2,'1人用','萨蒂家具','',0,'2026-02-08 22:10:20','2026-02-08 22:10:20'),(80,'ZZ-20260208-0030','单人办公桌',10,6,700.00,'2026-02-08',7,'zhangsan01',2,'1人用','萨蒂家具','',0,'2026-02-08 22:10:20','2026-02-08 22:10:20'),(81,'ZZ-20260208-0031','单人办公桌',10,6,700.00,'2026-02-08',7,'zhangsan01',2,'1人用','萨蒂家具','',0,'2026-02-08 22:10:20','2026-02-08 22:10:20'),(82,'ZZ-20260208-0032','单人办公桌',10,6,700.00,'2026-02-08',7,'zhangsan01',2,'1人用','萨蒂家具','',0,'2026-02-08 22:10:20','2026-02-08 22:10:20'),(83,'ZZ-20260208-0033','单人办公桌',10,6,700.00,'2026-02-08',7,'zhangsan01',2,'1人用','萨蒂家具','',0,'2026-02-08 22:10:20','2026-02-08 22:10:20'),(84,'ZZ-20260208-0034','单人办公桌',10,6,700.00,'2026-02-08',7,'zhangsan01',2,'1人用','萨蒂家具','',0,'2026-02-08 22:10:20','2026-02-08 22:10:20'),(85,'ZZ-20260208-0035','单人办公桌',10,6,700.00,'2026-02-08',7,'zhangsan01',2,'1人用','萨蒂家具','',0,'2026-02-08 22:10:20','2026-02-08 22:10:20'),(86,'ZZ-20260208-0036','单人办公桌',10,6,700.00,'2026-02-08',7,'zhangsan01',2,'1人用','萨蒂家具','',0,'2026-02-08 22:10:20','2026-02-08 22:10:20'),(87,'ZZ-20260208-0037','单人办公桌',10,6,700.00,'2026-02-08',7,'zhangsan01',2,'1人用','萨蒂家具','',0,'2026-02-08 22:10:20','2026-02-08 22:10:20'),(88,'ZZ-20260208-0038','单人办公桌',10,6,700.00,'2026-02-08',7,'zhangsan01',2,'1人用','萨蒂家具','',0,'2026-02-08 22:10:20','2026-02-08 22:10:20'),(89,'ZZ-20260208-0039','单人办公桌',10,6,700.00,'2026-02-08',7,'zhangsan01',2,'1人用','萨蒂家具','',0,'2026-02-08 22:10:20','2026-02-08 22:10:20'),(90,'ZZ-20260208-0040','单人办公桌',10,6,700.00,'2026-02-08',7,'zhangsan01',2,'1人用','萨蒂家具','',0,'2026-02-08 22:10:20','2026-02-08 22:10:20'),(91,'ZZ-20260208-0041','单人办公桌',10,6,700.00,'2026-02-08',7,'zhangsan01',2,'1人用','萨蒂家具','',0,'2026-02-08 22:10:20','2026-02-08 22:10:20'),(92,'ZZ-20260208-0042','单人办公桌',10,6,700.00,'2026-02-08',7,'zhangsan01',2,'1人用','萨蒂家具','',0,'2026-02-08 22:10:20','2026-02-08 22:10:20'),(93,'ZZ-20260208-0043','单人办公桌',10,6,700.00,'2026-02-08',7,'zhangsan01',2,'1人用','萨蒂家具','',0,'2026-02-08 22:10:20','2026-02-08 22:10:20'),(94,'ZZ-20260208-0044','单人办公桌',10,6,700.00,'2026-02-08',7,'zhangsan01',2,'1人用','萨蒂家具','',0,'2026-02-08 22:10:20','2026-02-08 22:10:20'),(95,'ZZ-20260208-0045','单人办公桌',10,6,700.00,'2026-02-08',7,'zhangsan01',2,'1人用','萨蒂家具','',0,'2026-02-08 22:10:20','2026-02-08 22:10:20'),(96,'ZZ-20260208-0046','单人办公桌',10,6,700.00,'2026-02-08',7,'zhangsan01',2,'1人用','萨蒂家具','',0,'2026-02-08 22:10:20','2026-02-08 22:10:20'),(97,'ZZ-20260208-0047','单人办公桌',10,6,700.00,'2026-02-08',7,'zhangsan01',2,'1人用','萨蒂家具','',0,'2026-02-08 22:10:20','2026-02-08 22:10:20'),(98,'ZZ-20260208-0048','单人办公桌',10,6,700.00,'2026-02-08',7,'zhangsan01',2,'1人用','萨蒂家具','',0,'2026-02-08 22:10:20','2026-02-08 22:10:20'),(99,'ZZ-20260208-0049','单人办公桌',10,6,700.00,'2026-02-08',7,'zhangsan01',2,'1人用','萨蒂家具','',0,'2026-02-08 22:10:20','2026-02-08 22:10:20'),(100,'ZZ-20260208-0050','单人办公桌',10,6,700.00,'2026-02-08',7,'zhangsan01',2,'1人用','萨蒂家具','',0,'2026-02-08 22:10:20','2026-02-08 22:10:20'),(101,'ZZ-20260208-0051','单人办公桌',10,6,700.00,'2026-02-08',7,'zhangsan01',2,'1人用','萨蒂家具','',0,'2026-02-08 22:10:20','2026-02-08 22:10:20'),(102,'ZZ-20260208-0052','单人办公桌',10,6,700.00,'2026-02-08',7,'zhangsan01',2,'1人用','萨蒂家具','',0,'2026-02-08 22:10:20','2026-02-08 22:10:20'),(103,'ZZ-20260208-0053','单人办公桌',10,6,700.00,'2026-02-08',7,'zhangsan01',2,'1人用','萨蒂家具','',0,'2026-02-08 22:10:20','2026-02-08 22:10:20'),(104,'ZZ-20260208-0054','单人办公桌',10,6,700.00,'2026-02-08',7,'zhangsan01',2,'1人用','萨蒂家具','',0,'2026-02-08 22:10:20','2026-02-08 22:10:20'),(105,'ZZ-20260208-0055','单人办公桌',10,6,700.00,'2026-02-08',7,'zhangsan01',2,'1人用','萨蒂家具','',0,'2026-02-08 22:10:20','2026-02-08 22:10:20'),(106,'ZZ-20260208-0056','单人办公桌',10,6,700.00,'2026-02-08',7,'zhangsan01',2,'1人用','萨蒂家具','',0,'2026-02-08 22:10:20','2026-02-08 22:10:20'),(107,'ZZ-20260208-0057','单人办公桌',10,6,700.00,'2026-02-08',7,'zhangsan01',2,'1人用','萨蒂家具','',0,'2026-02-08 22:10:20','2026-02-08 22:10:20'),(108,'ZZ-20260208-0058','单人办公桌',10,6,700.00,'2026-02-08',7,'zhangsan01',2,'1人用','萨蒂家具','',0,'2026-02-08 22:10:20','2026-02-08 22:10:20'),(109,'ZZ-20260208-0059','单人办公桌',10,6,700.00,'2026-02-08',7,'zhangsan01',2,'1人用','萨蒂家具','',0,'2026-02-08 22:10:20','2026-02-08 22:10:20'),(110,'ZZ-20260208-0060','单人办公桌',10,6,700.00,'2026-02-08',7,'zhangsan01',2,'1人用','萨蒂家具','',0,'2026-02-08 22:10:20','2026-02-08 22:10:20'),(111,'ZZ-20260208-0061','单人办公桌',10,6,700.00,'2026-02-08',7,'zhangsan01',2,'1人用','萨蒂家具','',0,'2026-02-08 22:10:20','2026-02-08 22:10:20'),(112,'ZZ-20260208-0062','单人办公桌',10,6,700.00,'2026-02-08',7,'zhangsan01',2,'1人用','萨蒂家具','',0,'2026-02-08 22:10:20','2026-02-08 22:10:20'),(113,'ZZ-20260208-0063','单人办公桌',10,6,700.00,'2026-02-08',7,'zhangsan01',2,'1人用','萨蒂家具','',0,'2026-02-08 22:10:20','2026-02-08 22:10:20'),(114,'ZZ-20260208-0064','单人办公桌',10,6,700.00,'2026-02-08',7,'zhangsan01',2,'1人用','萨蒂家具','',0,'2026-02-08 22:10:20','2026-02-08 22:10:20'),(115,'ZZ-20260208-0065','单人办公桌',10,6,700.00,'2026-02-08',7,'zhangsan01',2,'1人用','萨蒂家具','',0,'2026-02-08 22:10:20','2026-02-08 22:10:20'),(116,'ZZ-20260208-0066','单人办公桌',10,6,700.00,'2026-02-08',7,'zhangsan01',2,'1人用','萨蒂家具','',0,'2026-02-08 22:10:20','2026-02-08 22:10:20'),(117,'ZZ-20260208-0067','单人办公桌',10,6,700.00,'2026-02-08',7,'zhangsan01',2,'1人用','萨蒂家具','',0,'2026-02-08 22:10:20','2026-02-08 22:10:20'),(118,'ZZ-20260208-0068','单人办公桌',10,6,700.00,'2026-02-08',7,'zhangsan01',2,'1人用','萨蒂家具','',0,'2026-02-08 22:10:20','2026-02-08 22:10:20'),(119,'ZZ-20260208-0069','单人办公桌',10,6,700.00,'2026-02-08',7,'zhangsan01',2,'1人用','萨蒂家具','',0,'2026-02-08 22:10:20','2026-02-08 22:10:20'),(120,'ZZ-20260208-0070','单人办公桌',10,6,700.00,'2026-02-08',7,'zhangsan01',2,'1人用','萨蒂家具','',0,'2026-02-08 22:10:20','2026-02-08 22:10:20'),(121,'ZZ-20260208-0071','单人办公桌',10,6,700.00,'2026-02-08',7,'zhangsan01',2,'1人用','萨蒂家具','',0,'2026-02-08 22:10:20','2026-02-08 22:10:20'),(122,'ZZ-20260208-0072','单人办公桌',10,6,700.00,'2026-02-08',7,'zhangsan01',2,'1人用','萨蒂家具','',0,'2026-02-08 22:10:20','2026-02-08 22:10:20'),(123,'ZZ-20260208-0073','单人办公桌',10,6,700.00,'2026-02-08',7,'zhangsan01',2,'1人用','萨蒂家具','',0,'2026-02-08 22:10:20','2026-02-08 22:10:20'),(124,'ZZ-20260208-0074','单人办公桌',10,6,700.00,'2026-02-08',7,'zhangsan01',2,'1人用','萨蒂家具','',0,'2026-02-08 22:10:20','2026-02-08 22:10:20'),(125,'ZZ-20260208-0075','单人办公桌',10,6,700.00,'2026-02-08',7,'zhangsan01',2,'1人用','萨蒂家具','',0,'2026-02-08 22:10:20','2026-02-08 22:10:20'),(126,'ZZ-20260208-0076','单人办公桌',10,6,700.00,'2026-02-08',7,'zhangsan01',2,'1人用','萨蒂家具','',0,'2026-02-08 22:10:20','2026-02-08 22:10:20'),(127,'ZZ-20260208-0077','单人办公桌',10,6,700.00,'2026-02-08',11,'zhouzhou01',2,'1人用','萨蒂家具','',0,'2026-02-08 22:10:20','2026-02-08 22:10:20'),(128,'ZZ-20260208-0078','单人办公桌',10,6,700.00,'2026-02-08',11,'zhouzhou01',2,'1人用','萨蒂家具','',0,'2026-02-08 22:10:20','2026-02-08 22:10:20'),(129,'ZZ-20260208-0079','单人办公桌',10,6,700.00,'2026-02-08',11,'zhouzhou01',2,'1人用','萨蒂家具','',0,'2026-02-08 22:10:20','2026-02-08 22:10:20'),(130,'ZZ-20260208-0080','单人办公桌',10,6,700.00,'2026-02-08',11,'zhouzhou01',2,'1人用','萨蒂家具','',0,'2026-02-08 22:10:20','2026-02-08 22:10:20'),(131,'ZZ-20260208-0081','单人办公桌',10,6,700.00,'2026-02-08',11,'zhouzhou01',2,'1人用','萨蒂家具','',0,'2026-02-08 22:10:20','2026-02-08 22:10:20'),(132,'ZZ-20260208-0082','单人办公桌',10,6,700.00,'2026-02-08',11,'zhouzhou01',2,'1人用','萨蒂家具','',0,'2026-02-08 22:10:20','2026-02-08 22:10:20'),(133,'ZZ-20260208-0083','单人办公桌',10,6,700.00,'2026-02-08',11,'zhouzhou01',2,'1人用','萨蒂家具','',0,'2026-02-08 22:10:20','2026-02-08 22:10:20'),(134,'ZZ-20260208-0084','单人办公桌',10,6,700.00,'2026-02-08',11,'zhouzhou01',2,'1人用','萨蒂家具','',0,'2026-02-08 22:10:20','2026-02-08 22:10:20'),(135,'ZZ-20260208-0085','单人办公桌',10,6,700.00,'2026-02-08',11,'zhouzhou01',2,'1人用','萨蒂家具','',0,'2026-02-08 22:10:20','2026-02-08 22:10:20'),(136,'ZZ-20260208-0086','单人办公桌',10,6,700.00,'2026-02-08',11,'zhouzhou01',2,'1人用','萨蒂家具','',0,'2026-02-08 22:10:20','2026-02-08 22:10:20'),(137,'ZZ-20260208-0087','单人办公桌',10,6,700.00,'2026-02-08',11,'zhouzhou01',2,'1人用','萨蒂家具','',0,'2026-02-08 22:10:20','2026-02-08 22:10:20'),(138,'ZZ-20260208-0088','单人办公桌',10,6,700.00,'2026-02-08',11,'zhouzhou01',2,'1人用','萨蒂家具','',0,'2026-02-08 22:10:20','2026-02-08 22:10:20'),(139,'ZZ-20260208-0089','单人办公桌',10,6,700.00,'2026-02-08',11,'zhouzhou01',2,'1人用','萨蒂家具','',0,'2026-02-08 22:10:20','2026-02-08 22:10:20'),(140,'ZZ-20260208-0090','单人办公桌',10,6,700.00,'2026-02-08',11,'zhouzhou01',2,'1人用','萨蒂家具','',0,'2026-02-08 22:10:20','2026-02-08 22:10:20'),(141,'ZZ-20260208-0091','单人办公桌',10,6,700.00,'2026-02-08',11,'zhouzhou01',2,'1人用','萨蒂家具','',0,'2026-02-08 22:10:20','2026-02-08 22:10:20'),(142,'ZZ-20260208-0092','单人办公桌',10,6,700.00,'2026-02-08',11,'zhouzhou01',2,'1人用','萨蒂家具','',0,'2026-02-08 22:10:20','2026-02-08 22:10:20'),(143,'ZZ-20260208-0093','单人办公桌',10,6,700.00,'2026-02-08',11,'zhouzhou01',2,'1人用','萨蒂家具','',0,'2026-02-08 22:10:20','2026-02-08 22:10:20'),(144,'ZZ-20260208-0094','单人办公桌',10,6,700.00,'2026-02-08',11,'zhouzhou01',2,'1人用','萨蒂家具','',0,'2026-02-08 22:10:20','2026-02-08 22:10:20'),(145,'ZZ-20260208-0095','单人办公桌',10,6,700.00,'2026-02-08',11,'zhouzhou01',2,'1人用','萨蒂家具','',0,'2026-02-08 22:10:20','2026-02-08 22:10:20'),(146,'ZZ-20260208-0096','单人办公桌',10,6,700.00,'2026-02-08',11,'zhouzhou01',2,'1人用','萨蒂家具','',0,'2026-02-08 22:10:20','2026-02-08 22:10:20'),(147,'ZZ-20260208-0097','单人办公桌',10,6,700.00,'2026-02-08',11,'zhouzhou01',2,'1人用','萨蒂家具','',0,'2026-02-08 22:10:20','2026-02-08 22:10:20'),(148,'ZZ-20260208-0098','单人办公桌',10,6,700.00,'2026-02-08',11,'zhouzhou01',2,'1人用','萨蒂家具','',0,'2026-02-08 22:10:20','2026-02-08 22:10:20'),(149,'ZZ-20260208-0099','单人办公桌',10,6,700.00,'2026-02-08',11,'zhouzhou01',2,'1人用','萨蒂家具','',0,'2026-02-08 22:10:20','2026-02-08 22:10:20'),(150,'ZZ-20260208-0100','单人办公桌',10,6,700.00,'2026-02-08',11,'zhouzhou01',2,'1人用','萨蒂家具','',0,'2026-02-08 22:10:20','2026-02-08 22:10:20'),(151,'ZZ-20260208-0101','单人办公桌',10,6,700.00,'2026-02-08',11,'zhouzhou01',2,'1人用','萨蒂家具','',0,'2026-02-08 22:10:21','2026-02-08 22:10:21'),(152,'ZZ-20260208-0102','单人办公桌',10,6,700.00,'2026-02-08',11,'zhouzhou01',2,'1人用','萨蒂家具','',0,'2026-02-08 22:10:21','2026-02-08 22:10:21'),(153,'ZZ-20260208-0103','单人办公桌',10,6,700.00,'2026-02-08',11,'zhouzhou01',2,'1人用','萨蒂家具','',0,'2026-02-08 22:10:21','2026-02-08 22:10:21'),(154,'ZZ-20260208-0104','单人办公桌',10,6,700.00,'2026-02-08',11,'zhouzhou01',2,'1人用','萨蒂家具','',0,'2026-02-08 22:10:21','2026-02-08 22:10:21'),(155,'ZZ-20260208-0105','单人办公桌',10,6,700.00,'2026-02-08',11,'zhouzhou01',2,'1人用','萨蒂家具','',0,'2026-02-08 22:10:21','2026-02-08 22:10:21'),(156,'ZZ-20260208-0106','单人办公桌',10,6,700.00,'2026-02-08',11,'zhouzhou01',2,'1人用','萨蒂家具','',0,'2026-02-08 22:10:21','2026-02-08 22:10:21'),(157,'ZZ-20260208-0107','单人办公桌',10,6,700.00,'2026-02-08',1,'admin',0,'1人用','萨蒂家具','',0,'2026-02-08 22:10:21','2026-02-08 22:10:21'),(158,'ZZ-20260208-0108','单人办公桌',10,6,700.00,'2026-02-08',1,'admin',0,'1人用','萨蒂家具','',0,'2026-02-08 22:10:21','2026-02-08 22:10:21'),(159,'ZZ-20260208-0109','单人办公桌',10,6,700.00,'2026-02-08',1,'admin',0,'1人用','萨蒂家具','',0,'2026-02-08 22:10:21','2026-02-08 22:10:21'),(160,'ZZ-20260208-0110','单人办公桌',10,6,700.00,'2026-02-08',1,'admin',0,'1人用','萨蒂家具','',0,'2026-02-08 22:10:21','2026-02-08 22:10:21'),(161,'ZZ-20260208-0111','单人办公桌',10,6,700.00,'2026-02-08',1,'admin',0,'1人用','萨蒂家具','',0,'2026-02-08 22:10:21','2026-02-08 22:10:21'),(162,'ZZ-20260208-0112','单人办公桌',10,6,700.00,'2026-02-08',1,'admin',0,'1人用','萨蒂家具','',0,'2026-02-08 22:10:21','2026-02-08 22:10:21'),(163,'ZZ-20260208-0113','单人办公桌',10,6,700.00,'2026-02-08',1,'admin',0,'1人用','萨蒂家具','',0,'2026-02-08 22:10:21','2026-02-08 22:10:21'),(164,'ZZ-20260208-0114','单人办公桌',10,6,700.00,'2026-02-08',1,'admin',0,'1人用','萨蒂家具','',0,'2026-02-08 22:10:21','2026-02-08 22:10:21'),(165,'ZZ-20260208-0115','单人办公桌',10,6,700.00,'2026-02-08',1,'admin',0,'1人用','萨蒂家具','',0,'2026-02-08 22:10:21','2026-02-08 22:10:21'),(166,'ZZ-20260208-0116','单人办公桌',10,6,700.00,'2026-02-08',1,'admin',0,'1人用','萨蒂家具','',0,'2026-02-08 22:10:21','2026-02-08 22:10:21'),(167,'ZZ-20260208-0117','单人办公桌',10,6,700.00,'2026-02-08',1,'admin',0,'1人用','萨蒂家具','',0,'2026-02-08 22:10:21','2026-02-08 22:10:21'),(168,'ZZ-20260208-0118','单人办公桌',10,6,700.00,'2026-02-08',1,'admin',0,'1人用','萨蒂家具','',0,'2026-02-08 22:10:21','2026-02-08 22:10:21'),(169,'ZZ-20260208-0119','单人办公桌',10,6,700.00,'2026-02-08',1,'admin',0,'1人用','萨蒂家具','',0,'2026-02-08 22:10:21','2026-02-08 22:10:21'),(170,'ZZ-20260208-0120','单人办公桌',10,6,700.00,'2026-02-08',1,'admin',0,'1人用','萨蒂家具','',0,'2026-02-08 22:10:21','2026-02-08 22:10:21'),(171,'ZZ-20260208-0121','单人办公桌',10,6,700.00,'2026-02-08',1,'admin',0,'1人用','萨蒂家具','',0,'2026-02-08 22:10:21','2026-02-08 22:10:21'),(172,'ZZ-20260208-0122','单人办公桌',10,6,700.00,'2026-02-08',1,'admin',0,'1人用','萨蒂家具','',0,'2026-02-08 22:10:21','2026-02-08 22:10:21'),(173,'ZZ-20260208-0123','单人办公桌',10,6,700.00,'2026-02-08',1,'admin',0,'1人用','萨蒂家具','',0,'2026-02-08 22:10:21','2026-02-08 22:10:21'),(174,'ZZ-20260208-0124','单人办公桌',10,6,700.00,'2026-02-08',1,'admin',0,'1人用','萨蒂家具','',0,'2026-02-08 22:10:21','2026-02-08 22:10:21'),(175,'ZZ-20260208-0125','单人办公桌',10,6,700.00,'2026-02-08',1,'admin',0,'1人用','萨蒂家具','',0,'2026-02-08 22:10:21','2026-02-08 22:10:21'),(176,'ZZ-20260208-0126','单人办公桌',10,6,700.00,'2026-02-08',1,'admin',0,'1人用','萨蒂家具','',0,'2026-02-08 22:10:21','2026-02-08 22:10:21'),(177,'ZZ-20260208-0127','单人办公桌',10,6,700.00,'2026-02-08',1,'admin',0,'1人用','萨蒂家具','',0,'2026-02-08 22:10:21','2026-02-08 22:10:21'),(178,'ZZ-20260208-0128','单人办公桌',10,6,700.00,'2026-02-08',1,'admin',0,'1人用','萨蒂家具','',0,'2026-02-08 22:10:21','2026-02-08 22:10:21'),(179,'ZZ-20260208-0129','单人办公桌',10,6,700.00,'2026-02-08',1,'admin',0,'1人用','萨蒂家具','',0,'2026-02-08 22:10:21','2026-02-08 22:10:21'),(180,'ZZ-20260208-0130','单人办公桌',10,6,700.00,'2026-02-08',1,'admin',0,'1人用','萨蒂家具','',0,'2026-02-08 22:10:21','2026-02-08 22:10:21'),(181,'ZZ-20260208-0131','单人办公桌',10,6,700.00,'2026-02-08',1,'admin',0,'1人用','萨蒂家具','',0,'2026-02-08 22:10:21','2026-02-08 22:10:21'),(182,'ZZ-20260208-0132','单人办公桌',10,6,700.00,'2026-02-08',1,'admin',0,'1人用','萨蒂家具','',0,'2026-02-08 22:10:21','2026-02-08 22:10:21'),(183,'ZZ-20260208-0133','单人办公桌',10,6,700.00,'2026-02-08',1,'admin',0,'1人用','萨蒂家具','',0,'2026-02-08 22:10:21','2026-02-08 22:10:21'),(184,'ZZ-20260208-0134','单人办公桌',10,6,700.00,'2026-02-08',1,'admin',0,'1人用','萨蒂家具','',0,'2026-02-08 22:10:21','2026-02-08 22:10:21'),(185,'ZZ-20260208-0135','单人办公桌',10,6,700.00,'2026-02-08',1,'admin',0,'1人用','萨蒂家具','',0,'2026-02-08 22:10:21','2026-02-08 22:10:21'),(186,'ZZ-20260208-0136','单人办公桌',10,6,700.00,'2026-02-08',1,'admin',0,'1人用','萨蒂家具','',0,'2026-02-08 22:10:21','2026-02-08 22:10:21'),(187,'ZZ-20260208-0137','单人办公桌',10,6,700.00,'2026-02-08',1,'admin',0,'1人用','萨蒂家具','',0,'2026-02-08 22:10:21','2026-02-08 22:10:21'),(188,'ZZ-20260208-0138','单人办公桌',10,6,700.00,'2026-02-08',1,'admin',0,'1人用','萨蒂家具','',0,'2026-02-08 22:10:21','2026-02-08 22:10:21'),(189,'ZZ-20260208-0139','单人办公桌',10,6,700.00,'2026-02-08',1,'admin',0,'1人用','萨蒂家具','',0,'2026-02-08 22:10:21','2026-02-08 22:10:21'),(190,'ZZ-20260208-0140','单人办公桌',10,6,700.00,'2026-02-08',1,'admin',0,'1人用','萨蒂家具','',0,'2026-02-08 22:10:21','2026-02-08 22:10:21'),(191,'ZZ-20260208-0141','单人办公桌',10,6,700.00,'2026-02-08',1,'admin',0,'1人用','萨蒂家具','',0,'2026-02-08 22:10:21','2026-02-08 22:10:21'),(192,'ZZ-20260208-0142','单人办公桌',10,6,700.00,'2026-02-08',1,'admin',0,'1人用','萨蒂家具','',0,'2026-02-08 22:10:21','2026-02-08 22:10:21'),(193,'ZZ-20260208-0143','单人办公桌',10,6,700.00,'2026-02-08',1,'admin',0,'1人用','萨蒂家具','',0,'2026-02-08 22:10:21','2026-02-08 22:10:21'),(194,'ZZ-20260208-0144','单人办公桌',10,6,700.00,'2026-02-08',1,'admin',0,'1人用','萨蒂家具','',0,'2026-02-08 22:10:21','2026-02-08 22:10:21'),(195,'ZZ-20260208-0145','单人办公桌',10,6,700.00,'2026-02-08',1,'admin',0,'1人用','萨蒂家具','',0,'2026-02-08 22:10:21','2026-02-08 22:10:21'),(196,'ZZ-20260208-0146','单人办公桌',10,6,700.00,'2026-02-08',1,'admin',0,'1人用','萨蒂家具','',0,'2026-02-08 22:10:21','2026-02-08 22:10:21'),(197,'ZZ-20260208-0147','单人办公桌',10,6,700.00,'2026-02-08',1,'admin',0,'1人用','萨蒂家具','',0,'2026-02-08 22:10:21','2026-02-08 22:10:21'),(198,'ZZ-20260208-0148','单人办公桌',10,6,700.00,'2026-02-08',1,'admin',0,'1人用','萨蒂家具','',0,'2026-02-08 22:10:21','2026-02-08 22:10:21'),(199,'ZZ-20260208-0149','单人办公桌',10,6,700.00,'2026-02-08',1,'admin',0,'1人用','萨蒂家具','',0,'2026-02-08 22:10:21','2026-02-08 22:10:21'),(200,'ZZ-20260208-0150','单人办公桌',10,6,700.00,'2026-02-08',1,'admin',0,'1人用','萨蒂家具','',0,'2026-02-08 22:10:21','2026-02-08 22:10:21'),(201,'YZ-20260208-0001','单人办公椅',11,7,180.00,'2026-02-08',7,'zhangsan01',2,'1人用','萨蒂家具','',0,'2026-02-08 22:10:21','2026-02-08 22:10:21'),(202,'YZ-20260208-0002','单人办公椅',11,7,180.00,'2026-02-08',7,'zhangsan01',2,'1人用','萨蒂家具','',0,'2026-02-08 22:10:21','2026-02-08 22:10:21'),(203,'YZ-20260208-0003','单人办公椅',11,7,180.00,'2026-02-08',7,'zhangsan01',2,'1人用','萨蒂家具','',0,'2026-02-08 22:10:21','2026-02-08 22:10:21'),(204,'YZ-20260208-0004','单人办公椅',11,7,180.00,'2026-02-08',7,'zhangsan01',2,'1人用','萨蒂家具','',0,'2026-02-08 22:10:21','2026-02-08 22:10:21'),(205,'YZ-20260208-0005','单人办公椅',11,7,180.00,'2026-02-08',7,'zhangsan01',2,'1人用','萨蒂家具','',0,'2026-02-08 22:10:21','2026-02-08 22:10:21'),(206,'YZ-20260208-0006','单人办公椅',11,7,180.00,'2026-02-08',7,'zhangsan01',2,'1人用','萨蒂家具','',0,'2026-02-08 22:10:21','2026-02-08 22:10:21'),(207,'YZ-20260208-0007','单人办公椅',11,7,180.00,'2026-02-08',7,'zhangsan01',2,'1人用','萨蒂家具','',0,'2026-02-08 22:10:21','2026-02-08 22:10:21'),(208,'YZ-20260208-0008','单人办公椅',11,7,180.00,'2026-02-08',7,'zhangsan01',2,'1人用','萨蒂家具','',0,'2026-02-08 22:10:21','2026-02-08 22:10:21'),(209,'YZ-20260208-0009','单人办公椅',11,7,180.00,'2026-02-08',7,'zhangsan01',2,'1人用','萨蒂家具','',0,'2026-02-08 22:10:21','2026-02-08 22:10:21'),(210,'YZ-20260208-0010','单人办公椅',11,7,180.00,'2026-02-08',7,'zhangsan01',2,'1人用','萨蒂家具','',0,'2026-02-08 22:10:21','2026-02-08 22:10:21'),(211,'YZ-20260208-0011','单人办公椅',11,7,180.00,'2026-02-08',7,'zhangsan01',2,'1人用','萨蒂家具','',0,'2026-02-08 22:10:21','2026-02-08 22:10:21'),(212,'YZ-20260208-0012','单人办公椅',11,7,180.00,'2026-02-08',7,'zhangsan01',2,'1人用','萨蒂家具','',0,'2026-02-08 22:10:21','2026-02-08 22:10:21'),(213,'YZ-20260208-0013','单人办公椅',11,7,180.00,'2026-02-08',7,'zhangsan01',2,'1人用','萨蒂家具','',0,'2026-02-08 22:10:21','2026-02-08 22:10:21'),(214,'YZ-20260208-0014','单人办公椅',11,7,180.00,'2026-02-08',7,'zhangsan01',2,'1人用','萨蒂家具','',0,'2026-02-08 22:10:21','2026-02-08 22:10:21'),(215,'YZ-20260208-0015','单人办公椅',11,7,180.00,'2026-02-08',7,'zhangsan01',2,'1人用','萨蒂家具','',0,'2026-02-08 22:10:21','2026-02-08 22:10:21'),(216,'YZ-20260208-0016','单人办公椅',11,7,180.00,'2026-02-08',7,'zhangsan01',2,'1人用','萨蒂家具','',0,'2026-02-08 22:10:21','2026-02-08 22:10:21'),(217,'YZ-20260208-0017','单人办公椅',11,7,180.00,'2026-02-08',7,'zhangsan01',2,'1人用','萨蒂家具','',0,'2026-02-08 22:10:21','2026-02-08 22:10:21'),(218,'YZ-20260208-0018','单人办公椅',11,7,180.00,'2026-02-08',7,'zhangsan01',2,'1人用','萨蒂家具','',0,'2026-02-08 22:10:21','2026-02-08 22:10:21'),(219,'YZ-20260208-0019','单人办公椅',11,7,180.00,'2026-02-08',7,'zhangsan01',2,'1人用','萨蒂家具','',0,'2026-02-08 22:10:21','2026-02-08 22:10:21'),(220,'YZ-20260208-0020','单人办公椅',11,7,180.00,'2026-02-08',7,'zhangsan01',2,'1人用','萨蒂家具','',0,'2026-02-08 22:10:21','2026-02-08 22:10:21'),(221,'YZ-20260208-0021','单人办公椅',11,7,180.00,'2026-02-08',7,'zhangsan01',2,'1人用','萨蒂家具','',0,'2026-02-08 22:10:21','2026-02-08 22:10:21'),(222,'YZ-20260208-0022','单人办公椅',11,7,180.00,'2026-02-08',7,'zhangsan01',2,'1人用','萨蒂家具','',0,'2026-02-08 22:10:21','2026-02-08 22:10:21'),(223,'YZ-20260208-0023','单人办公椅',11,7,180.00,'2026-02-08',7,'zhangsan01',2,'1人用','萨蒂家具','',0,'2026-02-08 22:10:21','2026-02-08 22:10:21'),(224,'YZ-20260208-0024','单人办公椅',11,7,180.00,'2026-02-08',7,'zhangsan01',2,'1人用','萨蒂家具','',0,'2026-02-08 22:10:21','2026-02-08 22:10:21'),(225,'YZ-20260208-0025','单人办公椅',11,7,180.00,'2026-02-08',7,'zhangsan01',2,'1人用','萨蒂家具','',0,'2026-02-08 22:10:21','2026-02-08 22:10:21'),(226,'YZ-20260208-0026','单人办公椅',11,7,180.00,'2026-02-08',7,'zhangsan01',2,'1人用','萨蒂家具','',0,'2026-02-08 22:10:21','2026-02-08 22:10:21'),(227,'YZ-20260208-0027','单人办公椅',11,7,180.00,'2026-02-08',7,'zhangsan01',2,'1人用','萨蒂家具','',0,'2026-02-08 22:10:21','2026-02-08 22:10:21'),(228,'YZ-20260208-0028','单人办公椅',11,7,180.00,'2026-02-08',7,'zhangsan01',2,'1人用','萨蒂家具','',0,'2026-02-08 22:10:21','2026-02-08 22:10:21'),(229,'YZ-20260208-0029','单人办公椅',11,7,180.00,'2026-02-08',7,'zhangsan01',2,'1人用','萨蒂家具','',0,'2026-02-08 22:10:22','2026-02-08 22:10:22'),(230,'YZ-20260208-0030','单人办公椅',11,7,180.00,'2026-02-08',7,'zhangsan01',2,'1人用','萨蒂家具','',0,'2026-02-08 22:10:22','2026-02-08 22:10:22'),(231,'YZ-20260208-0031','单人办公椅',11,7,180.00,'2026-02-08',7,'zhangsan01',2,'1人用','萨蒂家具','',0,'2026-02-08 22:10:22','2026-02-08 22:10:22'),(232,'YZ-20260208-0032','单人办公椅',11,7,180.00,'2026-02-08',7,'zhangsan01',2,'1人用','萨蒂家具','',0,'2026-02-08 22:10:22','2026-02-08 22:10:22'),(233,'YZ-20260208-0033','单人办公椅',11,7,180.00,'2026-02-08',7,'zhangsan01',2,'1人用','萨蒂家具','',0,'2026-02-08 22:10:22','2026-02-08 22:10:22'),(234,'YZ-20260208-0034','单人办公椅',11,7,180.00,'2026-02-08',7,'zhangsan01',2,'1人用','萨蒂家具','',0,'2026-02-08 22:10:22','2026-02-08 22:10:22'),(235,'YZ-20260208-0035','单人办公椅',11,7,180.00,'2026-02-08',7,'zhangsan01',2,'1人用','萨蒂家具','',0,'2026-02-08 22:10:22','2026-02-08 22:10:22'),(236,'YZ-20260208-0036','单人办公椅',11,7,180.00,'2026-02-08',7,'zhangsan01',2,'1人用','萨蒂家具','',0,'2026-02-08 22:10:22','2026-02-08 22:10:22'),(237,'YZ-20260208-0037','单人办公椅',11,7,180.00,'2026-02-08',7,'zhangsan01',2,'1人用','萨蒂家具','',0,'2026-02-08 22:10:22','2026-02-08 22:10:22'),(238,'YZ-20260208-0038','单人办公椅',11,7,180.00,'2026-02-08',7,'zhangsan01',2,'1人用','萨蒂家具','',0,'2026-02-08 22:10:22','2026-02-08 22:10:22'),(239,'YZ-20260208-0039','单人办公椅',11,7,180.00,'2026-02-08',7,'zhangsan01',2,'1人用','萨蒂家具','',0,'2026-02-08 22:10:22','2026-02-08 22:10:22'),(240,'YZ-20260208-0040','单人办公椅',11,7,180.00,'2026-02-08',7,'zhangsan01',2,'1人用','萨蒂家具','',0,'2026-02-08 22:10:22','2026-02-08 22:10:22'),(241,'YZ-20260208-0041','单人办公椅',11,7,180.00,'2026-02-08',7,'zhangsan01',2,'1人用','萨蒂家具','',0,'2026-02-08 22:10:22','2026-02-08 22:10:22'),(242,'YZ-20260208-0042','单人办公椅',11,7,180.00,'2026-02-08',7,'zhangsan01',2,'1人用','萨蒂家具','',0,'2026-02-08 22:10:22','2026-02-08 22:10:22'),(243,'YZ-20260208-0043','单人办公椅',11,7,180.00,'2026-02-08',7,'zhangsan01',2,'1人用','萨蒂家具','',0,'2026-02-08 22:10:22','2026-02-08 22:10:22'),(244,'YZ-20260208-0044','单人办公椅',11,7,180.00,'2026-02-08',7,'zhangsan01',2,'1人用','萨蒂家具','',0,'2026-02-08 22:10:22','2026-02-08 22:10:22'),(245,'YZ-20260208-0045','单人办公椅',11,7,180.00,'2026-02-08',7,'zhangsan01',2,'1人用','萨蒂家具','',0,'2026-02-08 22:10:22','2026-02-08 22:10:22'),(246,'YZ-20260208-0046','单人办公椅',11,7,180.00,'2026-02-08',7,'zhangsan01',2,'1人用','萨蒂家具','',0,'2026-02-08 22:10:22','2026-02-08 22:10:22'),(247,'YZ-20260208-0047','单人办公椅',11,7,180.00,'2026-02-08',7,'zhangsan01',2,'1人用','萨蒂家具','',0,'2026-02-08 22:10:22','2026-02-08 22:10:22'),(248,'YZ-20260208-0048','单人办公椅',11,7,180.00,'2026-02-08',7,'zhangsan01',2,'1人用','萨蒂家具','',0,'2026-02-08 22:10:22','2026-02-08 22:10:22'),(249,'YZ-20260208-0049','单人办公椅',11,7,180.00,'2026-02-08',7,'zhangsan01',2,'1人用','萨蒂家具','',0,'2026-02-08 22:10:22','2026-02-08 22:10:22'),(250,'YZ-20260208-0050','单人办公椅',11,7,180.00,'2026-02-08',7,'zhangsan01',2,'1人用','萨蒂家具','',0,'2026-02-08 22:10:22','2026-02-08 22:10:22'),(251,'YZ-20260208-0051','单人办公椅',11,7,180.00,'2026-02-08',7,'zhangsan01',2,'1人用','萨蒂家具','',0,'2026-02-08 22:10:22','2026-02-08 22:10:22'),(252,'YZ-20260208-0052','单人办公椅',11,7,180.00,'2026-02-08',12,'zhaozhao01',2,'1人用','萨蒂家具','',0,'2026-02-08 22:10:22','2026-02-08 22:10:22'),(253,'YZ-20260208-0053','单人办公椅',11,7,180.00,'2026-02-08',12,'zhaozhao01',2,'1人用','萨蒂家具','',0,'2026-02-08 22:10:22','2026-02-08 22:10:22'),(254,'YZ-20260208-0054','单人办公椅',11,7,180.00,'2026-02-08',12,'zhaozhao01',2,'1人用','萨蒂家具','',0,'2026-02-08 22:10:22','2026-02-08 22:10:22'),(255,'YZ-20260208-0055','单人办公椅',11,7,180.00,'2026-02-08',12,'zhaozhao01',2,'1人用','萨蒂家具','',0,'2026-02-08 22:10:22','2026-02-08 22:10:22'),(256,'YZ-20260208-0056','单人办公椅',11,7,180.00,'2026-02-08',12,'zhaozhao01',2,'1人用','萨蒂家具','',0,'2026-02-08 22:10:22','2026-02-08 22:10:22'),(257,'YZ-20260208-0057','单人办公椅',11,7,180.00,'2026-02-08',10,'wangwu01',2,'1人用','萨蒂家具','',0,'2026-02-08 22:10:22','2026-02-08 22:10:22'),(258,'YZ-20260208-0058','单人办公椅',11,7,180.00,'2026-02-08',10,'wangwu01',2,'1人用','萨蒂家具','',0,'2026-02-08 22:10:22','2026-02-08 22:10:22'),(259,'YZ-20260208-0059','单人办公椅',11,7,180.00,'2026-02-08',10,'wangwu01',2,'1人用','萨蒂家具','',0,'2026-02-08 22:10:22','2026-02-08 22:10:22'),(260,'YZ-20260208-0060','单人办公椅',11,7,180.00,'2026-02-08',10,'wangwu01',2,'1人用','萨蒂家具','',0,'2026-02-08 22:10:22','2026-02-08 22:10:22'),(261,'YZ-20260208-0061','单人办公椅',11,7,180.00,'2026-02-08',10,'wangwu01',2,'1人用','萨蒂家具','',0,'2026-02-08 22:10:22','2026-02-08 22:10:22'),(262,'YZ-20260208-0062','单人办公椅',11,7,180.00,'2026-02-08',10,'wangwu01',2,'1人用','萨蒂家具','',0,'2026-02-08 22:10:22','2026-02-08 22:10:22'),(263,'YZ-20260208-0063','单人办公椅',11,7,180.00,'2026-02-08',10,'wangwu01',2,'1人用','萨蒂家具','',0,'2026-02-08 22:10:22','2026-02-08 22:10:22'),(264,'YZ-20260208-0064','单人办公椅',11,7,180.00,'2026-02-08',10,'wangwu01',2,'1人用','萨蒂家具','',0,'2026-02-08 22:10:22','2026-02-08 22:10:22'),(265,'YZ-20260208-0065','单人办公椅',11,7,180.00,'2026-02-08',10,'wangwu01',2,'1人用','萨蒂家具','',0,'2026-02-08 22:10:22','2026-02-08 22:10:22'),(266,'YZ-20260208-0066','单人办公椅',11,7,180.00,'2026-02-08',10,'wangwu01',2,'1人用','萨蒂家具','',0,'2026-02-08 22:10:22','2026-02-08 22:10:22'),(267,'YZ-20260208-0067','单人办公椅',11,7,180.00,'2026-02-08',10,'wangwu01',2,'1人用','萨蒂家具','',0,'2026-02-08 22:10:22','2026-02-08 22:10:22'),(268,'YZ-20260208-0068','单人办公椅',11,7,180.00,'2026-02-08',10,'wangwu01',2,'1人用','萨蒂家具','',0,'2026-02-08 22:10:22','2026-02-08 22:10:22'),(269,'YZ-20260208-0069','单人办公椅',11,7,180.00,'2026-02-08',10,'wangwu01',2,'1人用','萨蒂家具','',0,'2026-02-08 22:10:22','2026-02-08 22:10:22'),(270,'YZ-20260208-0070','单人办公椅',11,7,180.00,'2026-02-08',10,'wangwu01',2,'1人用','萨蒂家具','',0,'2026-02-08 22:10:22','2026-02-08 22:10:22'),(271,'YZ-20260208-0071','单人办公椅',11,7,180.00,'2026-02-08',10,'wangwu01',2,'1人用','萨蒂家具','',0,'2026-02-08 22:10:22','2026-02-08 22:10:22'),(272,'YZ-20260208-0072','单人办公椅',11,7,180.00,'2026-02-08',10,'wangwu01',2,'1人用','萨蒂家具','',0,'2026-02-08 22:10:22','2026-02-08 22:10:22'),(273,'YZ-20260208-0073','单人办公椅',11,7,180.00,'2026-02-08',10,'wangwu01',2,'1人用','萨蒂家具','',0,'2026-02-08 22:10:22','2026-02-08 22:10:22'),(274,'YZ-20260208-0074','单人办公椅',11,7,180.00,'2026-02-08',10,'wangwu01',2,'1人用','萨蒂家具','',0,'2026-02-08 22:10:22','2026-02-08 22:10:22'),(275,'YZ-20260208-0075','单人办公椅',11,7,180.00,'2026-02-08',10,'wangwu01',2,'1人用','萨蒂家具','',0,'2026-02-08 22:10:22','2026-02-08 22:10:22'),(276,'YZ-20260208-0076','单人办公椅',11,7,180.00,'2026-02-08',10,'wangwu01',2,'1人用','萨蒂家具','',0,'2026-02-08 22:10:22','2026-02-08 22:10:22'),(277,'YZ-20260208-0077','单人办公椅',11,7,180.00,'2026-02-08',5,'lisi01',2,'1人用','萨蒂家具','',0,'2026-02-08 22:10:22','2026-02-08 22:10:22'),(278,'YZ-20260208-0078','单人办公椅',11,7,180.00,'2026-02-08',5,'lisi01',2,'1人用','萨蒂家具','',0,'2026-02-08 22:10:22','2026-02-08 22:10:22'),(279,'YZ-20260208-0079','单人办公椅',11,7,180.00,'2026-02-08',5,'lisi01',2,'1人用','萨蒂家具','',0,'2026-02-08 22:10:22','2026-02-08 22:10:22'),(280,'YZ-20260208-0080','单人办公椅',11,7,180.00,'2026-02-08',5,'lisi01',2,'1人用','萨蒂家具','',0,'2026-02-08 22:10:22','2026-02-08 22:10:22'),(281,'YZ-20260208-0081','单人办公椅',11,7,180.00,'2026-02-08',5,'lisi01',2,'1人用','萨蒂家具','',0,'2026-02-08 22:10:22','2026-02-08 22:10:22'),(282,'YZ-20260208-0082','单人办公椅',11,7,180.00,'2026-02-08',5,'lisi01',2,'1人用','萨蒂家具','',0,'2026-02-08 22:10:22','2026-02-08 22:10:22'),(283,'YZ-20260208-0083','单人办公椅',11,7,180.00,'2026-02-08',5,'lisi01',2,'1人用','萨蒂家具','',0,'2026-02-08 22:10:22','2026-02-08 22:10:22'),(284,'YZ-20260208-0084','单人办公椅',11,7,180.00,'2026-02-08',5,'lisi01',2,'1人用','萨蒂家具','',0,'2026-02-08 22:10:22','2026-02-08 22:10:22'),(285,'YZ-20260208-0085','单人办公椅',11,7,180.00,'2026-02-08',5,'lisi01',2,'1人用','萨蒂家具','',0,'2026-02-08 22:10:22','2026-02-08 22:10:22'),(286,'YZ-20260208-0086','单人办公椅',11,7,180.00,'2026-02-08',5,'lisi01',2,'1人用','萨蒂家具','',0,'2026-02-08 22:10:22','2026-02-08 22:10:22'),(287,'YZ-20260208-0087','单人办公椅',11,7,180.00,'2026-02-08',5,'lisi01',2,'1人用','萨蒂家具','',0,'2026-02-08 22:10:22','2026-02-08 22:10:22'),(288,'YZ-20260208-0088','单人办公椅',11,7,180.00,'2026-02-08',5,'lisi01',2,'1人用','萨蒂家具','',0,'2026-02-08 22:10:22','2026-02-08 22:10:22'),(289,'YZ-20260208-0089','单人办公椅',11,7,180.00,'2026-02-08',5,'lisi01',2,'1人用','萨蒂家具','',0,'2026-02-08 22:10:22','2026-02-08 22:10:22'),(290,'YZ-20260208-0090','单人办公椅',11,7,180.00,'2026-02-08',5,'lisi01',2,'1人用','萨蒂家具','',0,'2026-02-08 22:10:22','2026-02-08 22:10:22'),(291,'YZ-20260208-0091','单人办公椅',11,7,180.00,'2026-02-08',5,'lisi01',2,'1人用','萨蒂家具','',0,'2026-02-08 22:10:22','2026-02-08 22:10:22'),(292,'YZ-20260208-0092','单人办公椅',11,7,180.00,'2026-02-08',5,'lisi01',2,'1人用','萨蒂家具','',0,'2026-02-08 22:10:22','2026-02-08 22:10:22'),(293,'YZ-20260208-0093','单人办公椅',11,7,180.00,'2026-02-08',5,'lisi01',2,'1人用','萨蒂家具','',0,'2026-02-08 22:10:22','2026-02-08 22:10:22'),(294,'YZ-20260208-0094','单人办公椅',11,7,180.00,'2026-02-08',5,'lisi01',2,'1人用','萨蒂家具','',0,'2026-02-08 22:10:22','2026-02-08 22:10:22'),(295,'YZ-20260208-0095','单人办公椅',11,7,180.00,'2026-02-08',5,'lisi01',2,'1人用','萨蒂家具','',0,'2026-02-08 22:10:22','2026-02-08 22:10:22'),(296,'YZ-20260208-0096','单人办公椅',11,7,180.00,'2026-02-08',5,'lisi01',2,'1人用','萨蒂家具','',0,'2026-02-08 22:10:22','2026-02-08 22:10:22'),(297,'YZ-20260208-0097','单人办公椅',11,7,180.00,'2026-02-08',5,'lisi01',2,'1人用','萨蒂家具','',0,'2026-02-08 22:10:23','2026-02-08 22:10:23'),(298,'YZ-20260208-0098','单人办公椅',11,7,180.00,'2026-02-08',5,'lisi01',2,'1人用','萨蒂家具','',0,'2026-02-08 22:10:23','2026-02-08 22:10:23'),(299,'YZ-20260208-0099','单人办公椅',11,7,180.00,'2026-02-08',5,'lisi01',2,'1人用','萨蒂家具','',0,'2026-02-08 22:10:23','2026-02-08 22:10:23'),(300,'YZ-20260208-0100','单人办公椅',11,7,180.00,'2026-02-08',5,'lisi01',2,'1人用','萨蒂家具','',0,'2026-02-08 22:10:23','2026-02-08 22:10:23'),(301,'YZ-20260208-0101','单人办公椅',11,7,180.00,'2026-02-08',5,'lisi01',2,'1人用','萨蒂家具','',0,'2026-02-08 22:10:23','2026-02-08 22:10:23'),(302,'YZ-20260208-0102','单人办公椅',11,7,180.00,'2026-02-08',5,'lisi01',2,'1人用','萨蒂家具','',0,'2026-02-08 22:10:23','2026-02-08 22:10:23'),(303,'YZ-20260208-0103','单人办公椅',11,7,180.00,'2026-02-08',5,'lisi01',2,'1人用','萨蒂家具','',0,'2026-02-08 22:10:23','2026-02-08 22:10:23'),(304,'YZ-20260208-0104','单人办公椅',11,7,180.00,'2026-02-08',5,'lisi01',2,'1人用','萨蒂家具','',0,'2026-02-08 22:10:23','2026-02-08 22:10:23'),(305,'YZ-20260208-0105','单人办公椅',11,7,180.00,'2026-02-08',5,'lisi01',2,'1人用','萨蒂家具','',0,'2026-02-08 22:10:23','2026-02-08 22:10:23'),(306,'YZ-20260208-0106','单人办公椅',11,7,180.00,'2026-02-08',5,'lisi01',2,'1人用','萨蒂家具','',0,'2026-02-08 22:10:23','2026-02-08 22:10:23'),(307,'YZ-20260208-0107','单人办公椅',11,7,180.00,'2026-02-08',5,'lisi01',2,'1人用','萨蒂家具','',0,'2026-02-08 22:10:23','2026-02-08 22:10:23'),(308,'YZ-20260208-0108','单人办公椅',11,7,180.00,'2026-02-08',5,'lisi01',2,'1人用','萨蒂家具','',0,'2026-02-08 22:10:23','2026-02-08 22:10:23'),(309,'YZ-20260208-0109','单人办公椅',11,7,180.00,'2026-02-08',5,'lisi01',2,'1人用','萨蒂家具','',0,'2026-02-08 22:10:23','2026-02-08 22:10:23'),(310,'YZ-20260208-0110','单人办公椅',11,7,180.00,'2026-02-08',5,'lisi01',2,'1人用','萨蒂家具','',0,'2026-02-08 22:10:23','2026-02-08 22:10:23'),(311,'YZ-20260208-0111','单人办公椅',11,7,180.00,'2026-02-08',5,'lisi01',2,'1人用','萨蒂家具','',0,'2026-02-08 22:10:23','2026-02-08 22:10:23'),(312,'YZ-20260208-0112','单人办公椅',11,7,180.00,'2026-02-08',5,'lisi01',2,'1人用','萨蒂家具','',0,'2026-02-08 22:10:23','2026-02-08 22:10:23'),(313,'YZ-20260208-0113','单人办公椅',11,7,180.00,'2026-02-08',5,'lisi01',2,'1人用','萨蒂家具','',0,'2026-02-08 22:10:23','2026-02-08 22:10:23'),(314,'YZ-20260208-0114','单人办公椅',11,7,180.00,'2026-02-08',5,'lisi01',2,'1人用','萨蒂家具','',0,'2026-02-08 22:10:23','2026-02-08 22:10:23'),(315,'YZ-20260208-0115','单人办公椅',11,7,180.00,'2026-02-08',5,'lisi01',2,'1人用','萨蒂家具','',0,'2026-02-08 22:10:23','2026-02-08 22:10:23'),(316,'YZ-20260208-0116','单人办公椅',11,7,180.00,'2026-02-08',5,'lisi01',2,'1人用','萨蒂家具','',0,'2026-02-08 22:10:23','2026-02-08 22:10:23'),(317,'YZ-20260208-0117','单人办公椅',11,7,180.00,'2026-02-08',5,'lisi01',2,'1人用','萨蒂家具','',0,'2026-02-08 22:10:23','2026-02-08 22:10:23'),(318,'YZ-20260208-0118','单人办公椅',11,7,180.00,'2026-02-08',5,'lisi01',2,'1人用','萨蒂家具','',0,'2026-02-08 22:10:23','2026-02-08 22:10:23'),(319,'YZ-20260208-0119','单人办公椅',11,7,180.00,'2026-02-08',5,'lisi01',2,'1人用','萨蒂家具','',0,'2026-02-08 22:10:23','2026-02-08 22:10:23'),(320,'YZ-20260208-0120','单人办公椅',11,7,180.00,'2026-02-08',5,'lisi01',2,'1人用','萨蒂家具','',0,'2026-02-08 22:10:23','2026-02-08 22:10:23'),(321,'YZ-20260208-0121','单人办公椅',11,7,180.00,'2026-02-08',5,'lisi01',2,'1人用','萨蒂家具','',0,'2026-02-08 22:10:23','2026-02-08 22:10:23'),(322,'YZ-20260208-0122','单人办公椅',11,7,180.00,'2026-02-08',5,'lisi01',2,'1人用','萨蒂家具','',0,'2026-02-08 22:10:23','2026-02-08 22:10:23'),(323,'YZ-20260208-0123','单人办公椅',11,7,180.00,'2026-02-08',5,'lisi01',2,'1人用','萨蒂家具','',0,'2026-02-08 22:10:23','2026-02-08 22:10:23'),(324,'YZ-20260208-0124','单人办公椅',11,7,180.00,'2026-02-08',5,'lisi01',2,'1人用','萨蒂家具','',0,'2026-02-08 22:10:23','2026-02-08 22:10:23'),(325,'YZ-20260208-0125','单人办公椅',11,7,180.00,'2026-02-08',5,'lisi01',2,'1人用','萨蒂家具','',0,'2026-02-08 22:10:23','2026-02-08 22:10:23'),(326,'YZ-20260208-0126','单人办公椅',11,7,180.00,'2026-02-08',5,'lisi01',2,'1人用','萨蒂家具','',0,'2026-02-08 22:10:23','2026-02-08 22:10:23'),(327,'YZ-20260208-0127','单人办公椅',11,7,180.00,'2026-02-08',1,'admin',0,'1人用','萨蒂家具','',0,'2026-02-08 22:10:23','2026-02-08 22:10:23'),(328,'YZ-20260208-0128','单人办公椅',11,7,180.00,'2026-02-08',1,'admin',0,'1人用','萨蒂家具','',0,'2026-02-08 22:10:23','2026-02-08 22:10:23'),(329,'YZ-20260208-0129','单人办公椅',11,7,180.00,'2026-02-08',1,'admin',0,'1人用','萨蒂家具','',0,'2026-02-08 22:10:23','2026-02-08 22:10:23'),(330,'YZ-20260208-0130','单人办公椅',11,7,180.00,'2026-02-08',1,'admin',0,'1人用','萨蒂家具','',0,'2026-02-08 22:10:23','2026-02-08 22:10:23'),(331,'YZ-20260208-0131','单人办公椅',11,7,180.00,'2026-02-08',1,'admin',0,'1人用','萨蒂家具','',0,'2026-02-08 22:10:23','2026-02-08 22:10:23'),(332,'YZ-20260208-0132','单人办公椅',11,7,180.00,'2026-02-08',1,'admin',0,'1人用','萨蒂家具','',0,'2026-02-08 22:10:23','2026-02-08 22:10:23'),(333,'YZ-20260208-0133','单人办公椅',11,7,180.00,'2026-02-08',1,'admin',0,'1人用','萨蒂家具','',0,'2026-02-08 22:10:23','2026-02-08 22:10:23'),(334,'YZ-20260208-0134','单人办公椅',11,7,180.00,'2026-02-08',1,'admin',0,'1人用','萨蒂家具','',0,'2026-02-08 22:10:23','2026-02-08 22:10:23'),(335,'YZ-20260208-0135','单人办公椅',11,7,180.00,'2026-02-08',1,'admin',0,'1人用','萨蒂家具','',0,'2026-02-08 22:10:23','2026-02-08 22:10:23'),(336,'YZ-20260208-0136','单人办公椅',11,7,180.00,'2026-02-08',1,'admin',0,'1人用','萨蒂家具','',0,'2026-02-08 22:10:23','2026-02-08 22:10:23'),(337,'YZ-20260208-0137','单人办公椅',11,7,180.00,'2026-02-08',1,'admin',0,'1人用','萨蒂家具','',0,'2026-02-08 22:10:23','2026-02-08 22:10:23'),(338,'YZ-20260208-0138','单人办公椅',11,7,180.00,'2026-02-08',1,'admin',0,'1人用','萨蒂家具','',0,'2026-02-08 22:10:23','2026-02-08 22:10:23'),(339,'YZ-20260208-0139','单人办公椅',11,7,180.00,'2026-02-08',1,'admin',0,'1人用','萨蒂家具','',0,'2026-02-08 22:10:23','2026-02-08 22:10:23'),(340,'YZ-20260208-0140','单人办公椅',11,7,180.00,'2026-02-08',1,'admin',0,'1人用','萨蒂家具','',0,'2026-02-08 22:10:23','2026-02-08 22:10:23'),(341,'YZ-20260208-0141','单人办公椅',11,7,180.00,'2026-02-08',1,'admin',0,'1人用','萨蒂家具','',0,'2026-02-08 22:10:23','2026-02-08 22:10:23'),(342,'YZ-20260208-0142','单人办公椅',11,7,180.00,'2026-02-08',1,'admin',0,'1人用','萨蒂家具','',0,'2026-02-08 22:10:23','2026-02-08 22:10:23'),(343,'YZ-20260208-0143','单人办公椅',11,7,180.00,'2026-02-08',1,'admin',0,'1人用','萨蒂家具','',0,'2026-02-08 22:10:23','2026-02-08 22:10:23'),(344,'YZ-20260208-0144','单人办公椅',11,7,180.00,'2026-02-08',1,'admin',0,'1人用','萨蒂家具','',0,'2026-02-08 22:10:23','2026-02-08 22:10:23'),(345,'YZ-20260208-0145','单人办公椅',11,7,180.00,'2026-02-08',1,'admin',0,'1人用','萨蒂家具','',0,'2026-02-08 22:10:23','2026-02-08 22:10:23'),(346,'YZ-20260208-0146','单人办公椅',11,7,180.00,'2026-02-08',1,'admin',0,'1人用','萨蒂家具','',0,'2026-02-08 22:10:23','2026-02-08 22:10:23'),(347,'YZ-20260208-0147','单人办公椅',11,7,180.00,'2026-02-08',1,'admin',0,'1人用','萨蒂家具','',0,'2026-02-08 22:10:23','2026-02-08 22:10:23'),(348,'YZ-20260208-0148','单人办公椅',11,7,180.00,'2026-02-08',1,'admin',0,'1人用','萨蒂家具','',0,'2026-02-08 22:10:23','2026-02-08 22:10:23'),(349,'YZ-20260208-0149','单人办公椅',11,7,180.00,'2026-02-08',1,'admin',0,'1人用','萨蒂家具','',0,'2026-02-08 22:10:23','2026-02-08 22:10:23'),(350,'YZ-20260208-0150','单人办公椅',11,7,180.00,'2026-02-08',1,'admin',0,'1人用','萨蒂家具','',0,'2026-02-08 22:10:23','2026-02-08 22:10:23');
/*!40000 ALTER TABLE `asset_info` ENABLE KEYS */;
UNLOCK TABLES;

--
-- Table structure for table `asset_inventory`
--

DROP TABLE IF EXISTS `asset_inventory`;
/*!40101 SET @saved_cs_client     = @@character_set_client */;
/*!50503 SET character_set_client = utf8mb4 */;
CREATE TABLE `asset_inventory` (
  `id` bigint NOT NULL AUTO_INCREMENT COMMENT '主键ID',
  `inventory_number` varchar(50) NOT NULL COMMENT '盘点编号',
  `inventory_name` varchar(100) NOT NULL COMMENT '盘点名称',
  `inventory_type` int NOT NULL COMMENT '盘点类型：1-全面盘点 2-抽样盘点 3-专项盘点',
  `sample_count` int DEFAULT NULL COMMENT '抽样数量',
  `category_id` bigint DEFAULT NULL COMMENT '专项盘点分类ID',
  `plan_start_date` date NOT NULL COMMENT '计划开始日期',
  `plan_end_date` date NOT NULL COMMENT '计划结束日期',
  `actual_start_date` date DEFAULT NULL COMMENT '实际开始日期',
  `actual_end_date` date DEFAULT NULL COMMENT '实际结束日期',
  `inventory_status` int NOT NULL DEFAULT '1' COMMENT '盘点状态：1-计划中 2-进行中 3-已完成 4-已取消',
  `total_count` int DEFAULT '0' COMMENT '应盘资产数量',
  `actual_count` int DEFAULT '0' COMMENT '实盘资产数量',
  `normal_count` int DEFAULT '0' COMMENT '正常资产数量',
  `abnormal_count` int DEFAULT '0' COMMENT '异常资产数量',
  `creator` varchar(50) NOT NULL COMMENT '创建人',
  `remark` varchar(500) DEFAULT NULL COMMENT '备注',
  `create_time` datetime NOT NULL DEFAULT CURRENT_TIMESTAMP COMMENT '创建时间',
  `update_time` datetime NOT NULL DEFAULT CURRENT_TIMESTAMP ON UPDATE CURRENT_TIMESTAMP COMMENT '更新时间',
  `deleted` tinyint NOT NULL DEFAULT '0' COMMENT '逻辑删除：0-未删除 1-已删除',
  PRIMARY KEY (`id`),
  UNIQUE KEY `uk_inventory_number` (`inventory_number`),
  KEY `idx_inventory_status` (`inventory_status`),
  KEY `idx_plan_date` (`plan_start_date`,`plan_end_date`)
) ENGINE=InnoDB AUTO_INCREMENT=4 DEFAULT CHARSET=utf8mb4 COLLATE=utf8mb4_0900_ai_ci COMMENT='资产盘点计划表';
/*!40101 SET character_set_client = @saved_cs_client */;

--
-- Dumping data for table `asset_inventory`
--

LOCK TABLES `asset_inventory` WRITE;
/*!40000 ALTER TABLE `asset_inventory` DISABLE KEYS */;
INSERT INTO `asset_inventory` VALUES (1,'INV-20260208-473','全面大盘点',1,NULL,NULL,'2026-02-08','2026-03-07','2026-02-08',NULL,2,350,29,29,0,'zhaozhao01','','2026-02-08 22:39:51','2026-02-08 22:41:40',0),(2,'INV-20260208-458','抽检20',2,20,NULL,'2026-02-08','2026-02-12','2026-02-08','2026-02-08',3,20,20,10,10,'wangwu01','','2026-02-08 22:41:21','2026-02-08 22:42:31',0),(3,'INV-20260208-258','专项盘点',3,NULL,4,'2026-02-08','2026-02-11',NULL,NULL,1,8,0,0,0,'wangwu01','','2026-02-08 22:42:59','2026-02-08 22:42:59',0);
/*!40000 ALTER TABLE `asset_inventory` ENABLE KEYS */;
UNLOCK TABLES;

--
-- Table structure for table `asset_inventory_detail`
--

DROP TABLE IF EXISTS `asset_inventory_detail`;
/*!40101 SET @saved_cs_client     = @@character_set_client */;
/*!50503 SET character_set_client = utf8mb4 */;
CREATE TABLE `asset_inventory_detail` (
  `id` bigint NOT NULL AUTO_INCREMENT COMMENT '主键ID',
  `inventory_id` bigint NOT NULL COMMENT '盘点计划ID',
  `asset_id` bigint NOT NULL COMMENT '资产ID',
  `asset_number` varchar(50) NOT NULL COMMENT '资产编号',
  `asset_name` varchar(100) NOT NULL COMMENT '资产名称',
  `expected_location` varchar(100) DEFAULT NULL COMMENT '预期位置',
  `actual_location` varchar(100) DEFAULT NULL COMMENT '实际位置',
  `inventory_result` int NOT NULL DEFAULT '1' COMMENT '盘点结果：1-未盘点 2-正常 3-位置异常 4-状态异常 5-丢失',
  `inventory_person` varchar(50) DEFAULT NULL COMMENT '盘点人',
  `inventory_time` datetime DEFAULT NULL COMMENT '盘点时间',
  `remark` varchar(500) DEFAULT NULL COMMENT '备注',
  `create_time` datetime NOT NULL DEFAULT CURRENT_TIMESTAMP COMMENT '创建时间',
  `update_time` datetime NOT NULL DEFAULT CURRENT_TIMESTAMP ON UPDATE CURRENT_TIMESTAMP COMMENT '更新时间',
  `deleted` tinyint NOT NULL DEFAULT '0' COMMENT '逻辑删除：0-未删除 1-已删除',
  PRIMARY KEY (`id`),
  KEY `idx_inventory_id` (`inventory_id`),
  KEY `idx_asset_id` (`asset_id`),
  KEY `idx_inventory_result` (`inventory_result`)
) ENGINE=InnoDB AUTO_INCREMENT=379 DEFAULT CHARSET=utf8mb4 COLLATE=utf8mb4_0900_ai_ci COMMENT='资产盘点明细表';
/*!40101 SET character_set_client = @saved_cs_client */;

--
-- Dumping data for table `asset_inventory_detail`
--

LOCK TABLES `asset_inventory_detail` WRITE;
/*!40000 ALTER TABLE `asset_inventory_detail` DISABLE KEYS */;
INSERT INTO `asset_inventory_detail` VALUES (1,1,1,'PKC-20260208-0001','长城牌皮卡车','财务部','财务部',2,'zhaozhao01','2026-02-08 22:40:22','','2026-02-08 22:39:53','2026-02-08 22:39:53',0),(2,1,2,'PKC-20260208-0002','长城牌皮卡车','财务部','财务部',2,'zhaozhao01','2026-02-08 22:40:23','','2026-02-08 22:39:53','2026-02-08 22:39:53',0),(3,1,3,'PKC-20260208-0003','长城牌皮卡车','维修部','维修部',2,'wangwu01','2026-02-08 22:41:27','','2026-02-08 22:39:53','2026-02-08 22:39:53',0),(4,1,4,'JC-20260208-0001','奥迪牌轿车','财务部','财务部',2,'zhaozhao01','2026-02-08 22:40:24','','2026-02-08 22:39:53','2026-02-08 22:39:53',0),(5,1,5,'JC-20260208-0002','奥迪牌轿车','维修部','维修部',2,'zhaozhao01','2026-02-08 22:40:25','','2026-02-08 22:39:53','2026-02-08 22:39:53',0),(6,1,6,'JC-20260208-0003','奥迪牌轿车','总公司','总公司',2,'wangwu01','2026-02-08 22:41:28','','2026-02-08 22:39:53','2026-02-08 22:39:53',0),(7,1,7,'JC-20260208-0004','奥迪牌轿车','总公司','总公司',2,'wangwu01','2026-02-08 22:41:32','','2026-02-08 22:39:53','2026-02-08 22:39:53',0),(8,1,8,'JC-20260208-0005','奥迪牌轿车','总公司','总公司',2,'wangwu01','2026-02-08 22:41:30','','2026-02-08 22:39:53','2026-02-08 22:39:53',0),(9,1,9,'LSXJQ-20260208-0001','贴片机','财务部','财务部',2,'wangwu01','2026-02-08 22:41:40','','2026-02-08 22:39:53','2026-02-08 22:39:53',0),(10,1,10,'LSXJQ-20260208-0002','贴片机','财务部','财务部',2,'zhaozhao01','2026-02-08 22:40:11','','2026-02-08 22:39:53','2026-02-08 22:39:53',0),(11,1,11,'JSJ-20260208-0001','联想台式电脑','财务部','财务部',2,'zhaozhao01','2026-02-08 22:40:12','','2026-02-08 22:39:53','2026-02-08 22:39:53',0),(12,1,12,'JSJ-20260208-0002','联想台式电脑','财务部','财务部',2,'zhaozhao01','2026-02-08 22:40:14','','2026-02-08 22:39:53','2026-02-08 22:39:53',0),(13,1,13,'JSJ-20260208-0003','联想台式电脑','财务部','财务部',2,'wangwu01','2026-02-08 22:41:34','','2026-02-08 22:39:53','2026-02-08 22:39:53',0),(14,1,14,'JSJ-20260208-0004','联想台式电脑','财务部','财务部',2,'zhaozhao01','2026-02-08 22:40:15','','2026-02-08 22:39:53','2026-02-08 22:39:53',0),(15,1,15,'JSJ-20260208-0005','联想台式电脑','财务部','财务部',2,'wangwu01','2026-02-08 22:41:35','','2026-02-08 22:39:53','2026-02-08 22:39:53',0),(16,1,16,'JSJ-20260208-0006','联想台式电脑','财务部','财务部',2,'zhaozhao01','2026-02-08 22:40:16','','2026-02-08 22:39:53','2026-02-08 22:39:53',0),(17,1,17,'JSJ-20260208-0007','联想台式电脑','维修部','维修部',2,'wangwu01','2026-02-08 22:41:36','','2026-02-08 22:39:53','2026-02-08 22:39:53',0),(18,1,18,'JSJ-20260208-0008','联想台式电脑','管理部','管理部',2,'zhaozhao01','2026-02-08 22:40:28','','2026-02-08 22:39:53','2026-02-08 22:39:53',0),(19,1,19,'JSJ-20260208-0009','联想台式电脑','管理部','管理部',2,'zhaozhao01','2026-02-08 22:40:30','','2026-02-08 22:39:53','2026-02-08 22:39:53',0),(20,1,20,'JSJ-20260208-0010','联想台式电脑','管理部','管理部',2,'zhaozhao01','2026-02-08 22:40:31','','2026-02-08 22:39:53','2026-02-08 22:39:53',0),(21,1,21,'JSJ-20260208-0011','联想台式电脑','管理部',NULL,1,NULL,NULL,NULL,'2026-02-08 22:39:53','2026-02-08 22:39:53',0),(22,1,22,'JSJ-20260208-0012','联想台式电脑','管理部',NULL,1,NULL,NULL,NULL,'2026-02-08 22:39:53','2026-02-08 22:39:53',0),(23,1,23,'JSJ-20260208-0013','联想台式电脑','管理部',NULL,1,NULL,NULL,NULL,'2026-02-08 22:39:53','2026-02-08 22:39:53',0),(24,1,24,'JSJ-20260208-0014','联想台式电脑','管理部',NULL,1,NULL,NULL,NULL,'2026-02-08 22:39:53','2026-02-08 22:39:53',0),(25,1,25,'JSJ-20260208-0015','联想台式电脑','管理部',NULL,1,NULL,NULL,NULL,'2026-02-08 22:39:53','2026-02-08 22:39:53',0),(26,1,26,'JSJ-20260208-0016','联想台式电脑','管理部',NULL,1,NULL,NULL,NULL,'2026-02-08 22:39:53','2026-02-08 22:39:53',0),(27,1,27,'JSJ-20260208-0017','联想台式电脑','管理部',NULL,1,NULL,NULL,NULL,'2026-02-08 22:39:53','2026-02-08 22:39:53',0),(28,1,28,'JSJ-20260208-0018','联想台式电脑','总公司',NULL,1,NULL,NULL,NULL,'2026-02-08 22:39:53','2026-02-08 22:39:53',0),(29,1,29,'JSJ-20260208-0019','联想台式电脑','总公司',NULL,1,NULL,NULL,NULL,'2026-02-08 22:39:53','2026-02-08 22:39:53',0),(30,1,30,'JSJ-20260208-0020','联想台式电脑','总公司',NULL,1,NULL,NULL,NULL,'2026-02-08 22:39:53','2026-02-08 22:39:53',0),(31,1,31,'JSJ-20260208-0021','联想台式电脑','总公司',NULL,1,NULL,NULL,NULL,'2026-02-08 22:39:53','2026-02-08 22:39:53',0),(32,1,32,'JSJ-20260208-0022','联想台式电脑','总公司',NULL,1,NULL,NULL,NULL,'2026-02-08 22:39:53','2026-02-08 22:39:53',0),(33,1,33,'JSJ-20260208-0023','联想台式电脑','总公司',NULL,1,NULL,NULL,NULL,'2026-02-08 22:39:53','2026-02-08 22:39:53',0),(34,1,34,'JSJ-20260208-0024','联想台式电脑','总公司',NULL,1,NULL,NULL,NULL,'2026-02-08 22:39:53','2026-02-08 22:39:53',0),(35,1,35,'JSJ-20260208-0025','联想台式电脑','总公司',NULL,1,NULL,NULL,NULL,'2026-02-08 22:39:53','2026-02-08 22:39:53',0),(36,1,36,'JSJ-20260208-0026','联想台式电脑','总公司',NULL,1,NULL,NULL,NULL,'2026-02-08 22:39:53','2026-02-08 22:39:53',0),(37,1,37,'JSJ-20260208-0027','联想台式电脑','总公司',NULL,1,NULL,NULL,NULL,'2026-02-08 22:39:53','2026-02-08 22:39:53',0),(38,1,38,'JSJ-20260208-0028','联想台式电脑','总公司',NULL,1,NULL,NULL,NULL,'2026-02-08 22:39:53','2026-02-08 22:39:53',0),(39,1,39,'JSJ-20260208-0029','联想台式电脑','总公司',NULL,1,NULL,NULL,NULL,'2026-02-08 22:39:53','2026-02-08 22:39:53',0),(40,1,40,'JSJ-20260208-0030','联想台式电脑','总公司',NULL,1,NULL,NULL,NULL,'2026-02-08 22:39:53','2026-02-08 22:39:53',0),(41,1,41,'JSJ-20260208-0031','联想笔记本电脑','财务部',NULL,1,NULL,NULL,NULL,'2026-02-08 22:39:53','2026-02-08 22:39:53',0),(42,1,42,'JSJ-20260208-0032','联想笔记本电脑','财务部',NULL,1,NULL,NULL,NULL,'2026-02-08 22:39:53','2026-02-08 22:39:53',0),(43,1,43,'JSJ-20260208-0033','联想笔记本电脑','财务部',NULL,1,NULL,NULL,NULL,'2026-02-08 22:39:53','2026-02-08 22:39:53',0),(44,1,44,'JSJ-20260208-0034','联想笔记本电脑','财务部',NULL,1,NULL,NULL,NULL,'2026-02-08 22:39:53','2026-02-08 22:39:53',0),(45,1,45,'JSJ-20260208-0035','联想笔记本电脑','财务部',NULL,1,NULL,NULL,NULL,'2026-02-08 22:39:53','2026-02-08 22:39:53',0),(46,1,46,'JSJ-20260208-0036','联想笔记本电脑','财务部',NULL,1,NULL,NULL,NULL,'2026-02-08 22:39:53','2026-02-08 22:39:53',0),(47,1,47,'JSJ-20260208-0037','联想笔记本电脑','维修部',NULL,1,NULL,NULL,NULL,'2026-02-08 22:39:53','2026-02-08 22:39:53',0),(48,1,48,'JSJ-20260208-0038','联想笔记本电脑','管理部',NULL,1,NULL,NULL,NULL,'2026-02-08 22:39:53','2026-02-08 22:39:53',0),(49,1,49,'JSJ-20260208-0039','联想笔记本电脑','管理部',NULL,1,NULL,NULL,NULL,'2026-02-08 22:39:53','2026-02-08 22:39:53',0),(50,1,50,'JSJ-20260208-0040','联想笔记本电脑','管理部',NULL,1,NULL,NULL,NULL,'2026-02-08 22:39:53','2026-02-08 22:39:53',0),(51,1,51,'ZZ-20260208-0001','单人办公桌','财务部',NULL,1,NULL,NULL,NULL,'2026-02-08 22:39:53','2026-02-08 22:39:53',0),(52,1,52,'ZZ-20260208-0002','单人办公桌','管理部',NULL,1,NULL,NULL,NULL,'2026-02-08 22:39:53','2026-02-08 22:39:53',0),(53,1,53,'ZZ-20260208-0003','单人办公桌','管理部',NULL,1,NULL,NULL,NULL,'2026-02-08 22:39:53','2026-02-08 22:39:53',0),(54,1,54,'ZZ-20260208-0004','单人办公桌','管理部',NULL,1,NULL,NULL,NULL,'2026-02-08 22:39:53','2026-02-08 22:39:53',0),(55,1,55,'ZZ-20260208-0005','单人办公桌','管理部',NULL,1,NULL,NULL,NULL,'2026-02-08 22:39:53','2026-02-08 22:39:53',0),(56,1,56,'ZZ-20260208-0006','单人办公桌','管理部',NULL,1,NULL,NULL,NULL,'2026-02-08 22:39:53','2026-02-08 22:39:53',0),(57,1,57,'ZZ-20260208-0007','单人办公桌','资产部',NULL,1,NULL,NULL,NULL,'2026-02-08 22:39:53','2026-02-08 22:39:53',0),(58,1,58,'ZZ-20260208-0008','单人办公桌','资产部',NULL,1,NULL,NULL,NULL,'2026-02-08 22:39:53','2026-02-08 22:39:53',0),(59,1,59,'ZZ-20260208-0009','单人办公桌','资产部',NULL,1,NULL,NULL,NULL,'2026-02-08 22:39:53','2026-02-08 22:39:53',0),(60,1,60,'ZZ-20260208-0010','单人办公桌','资产部',NULL,1,NULL,NULL,NULL,'2026-02-08 22:39:53','2026-02-08 22:39:53',0),(61,1,61,'ZZ-20260208-0011','单人办公桌','资产部',NULL,1,NULL,NULL,NULL,'2026-02-08 22:39:53','2026-02-08 22:39:53',0),(62,1,62,'ZZ-20260208-0012','单人办公桌','资产部','资产部',2,'zhaozhao01','2026-02-08 22:40:46','','2026-02-08 22:39:53','2026-02-08 22:39:53',0),(63,1,63,'ZZ-20260208-0013','单人办公桌','资产部','资产部',2,'zhaozhao01','2026-02-08 22:40:47','','2026-02-08 22:39:53','2026-02-08 22:39:53',0),(64,1,64,'ZZ-20260208-0014','单人办公桌','资产部',NULL,1,NULL,NULL,NULL,'2026-02-08 22:39:53','2026-02-08 22:39:53',0),(65,1,65,'ZZ-20260208-0015','单人办公桌','资产部','资产部',2,'zhaozhao01','2026-02-08 22:40:35','','2026-02-08 22:39:53','2026-02-08 22:39:53',0),(66,1,66,'ZZ-20260208-0016','单人办公桌','资产部',NULL,1,NULL,NULL,NULL,'2026-02-08 22:39:53','2026-02-08 22:39:53',0),(67,1,67,'ZZ-20260208-0017','单人办公桌','资产部','资产部',2,'zhaozhao01','2026-02-08 22:40:36','','2026-02-08 22:39:53','2026-02-08 22:39:53',0),(68,1,68,'ZZ-20260208-0018','单人办公桌','资产部',NULL,1,NULL,NULL,NULL,'2026-02-08 22:39:53','2026-02-08 22:39:53',0),(69,1,69,'ZZ-20260208-0019','单人办公桌','资产部','资产部',2,'zhaozhao01','2026-02-08 22:40:37','','2026-02-08 22:39:53','2026-02-08 22:39:53',0),(70,1,70,'ZZ-20260208-0020','单人办公桌','资产部',NULL,1,NULL,NULL,NULL,'2026-02-08 22:39:53','2026-02-08 22:39:53',0),(71,1,71,'ZZ-20260208-0021','单人办公桌','资产部',NULL,1,NULL,NULL,NULL,'2026-02-08 22:39:53','2026-02-08 22:39:53',0),(72,1,72,'ZZ-20260208-0022','单人办公桌','资产部','资产部',2,'zhaozhao01','2026-02-08 22:40:43','','2026-02-08 22:39:53','2026-02-08 22:39:53',0),(73,1,73,'ZZ-20260208-0023','单人办公桌','资产部',NULL,1,NULL,NULL,NULL,'2026-02-08 22:39:53','2026-02-08 22:39:53',0),(74,1,74,'ZZ-20260208-0024','单人办公桌','资产部',NULL,1,NULL,NULL,NULL,'2026-02-08 22:39:53','2026-02-08 22:39:53',0),(75,1,75,'ZZ-20260208-0025','单人办公桌','资产部','资产部',2,'zhaozhao01','2026-02-08 22:40:42','','2026-02-08 22:39:53','2026-02-08 22:39:53',0),(76,1,76,'ZZ-20260208-0026','单人办公桌','资产部',NULL,1,NULL,NULL,NULL,'2026-02-08 22:39:53','2026-02-08 22:39:53',0),(77,1,77,'ZZ-20260208-0027','单人办公桌','财务部','财务部',2,'zhaozhao01','2026-02-08 22:40:39','','2026-02-08 22:39:53','2026-02-08 22:39:53',0),(78,1,78,'ZZ-20260208-0028','单人办公桌','财务部',NULL,1,NULL,NULL,NULL,'2026-02-08 22:39:53','2026-02-08 22:39:53',0),(79,1,79,'ZZ-20260208-0029','单人办公桌','财务部','财务部',2,'zhaozhao01','2026-02-08 22:40:41','','2026-02-08 22:39:53','2026-02-08 22:39:53',0),(80,1,80,'ZZ-20260208-0030','单人办公桌','财务部',NULL,1,NULL,NULL,NULL,'2026-02-08 22:39:53','2026-02-08 22:39:53',0),(81,1,81,'ZZ-20260208-0031','单人办公桌','财务部',NULL,1,NULL,NULL,NULL,'2026-02-08 22:39:53','2026-02-08 22:39:53',0),(82,1,82,'ZZ-20260208-0032','单人办公桌','财务部',NULL,1,NULL,NULL,NULL,'2026-02-08 22:39:53','2026-02-08 22:39:53',0),(83,1,83,'ZZ-20260208-0033','单人办公桌','财务部',NULL,1,NULL,NULL,NULL,'2026-02-08 22:39:53','2026-02-08 22:39:53',0),(84,1,84,'ZZ-20260208-0034','单人办公桌','财务部',NULL,1,NULL,NULL,NULL,'2026-02-08 22:39:53','2026-02-08 22:39:53',0),(85,1,85,'ZZ-20260208-0035','单人办公桌','财务部',NULL,1,NULL,NULL,NULL,'2026-02-08 22:39:53','2026-02-08 22:39:53',0),(86,1,86,'ZZ-20260208-0036','单人办公桌','财务部',NULL,1,NULL,NULL,NULL,'2026-02-08 22:39:53','2026-02-08 22:39:53',0),(87,1,87,'ZZ-20260208-0037','单人办公桌','财务部',NULL,1,NULL,NULL,NULL,'2026-02-08 22:39:53','2026-02-08 22:39:53',0),(88,1,88,'ZZ-20260208-0038','单人办公桌','财务部',NULL,1,NULL,NULL,NULL,'2026-02-08 22:39:53','2026-02-08 22:39:53',0),(89,1,89,'ZZ-20260208-0039','单人办公桌','财务部',NULL,1,NULL,NULL,NULL,'2026-02-08 22:39:53','2026-02-08 22:39:53',0),(90,1,90,'ZZ-20260208-0040','单人办公桌','财务部',NULL,1,NULL,NULL,NULL,'2026-02-08 22:39:53','2026-02-08 22:39:53',0),(91,1,91,'ZZ-20260208-0041','单人办公桌','财务部',NULL,1,NULL,NULL,NULL,'2026-02-08 22:39:53','2026-02-08 22:39:53',0),(92,1,92,'ZZ-20260208-0042','单人办公桌','财务部',NULL,1,NULL,NULL,NULL,'2026-02-08 22:39:53','2026-02-08 22:39:53',0),(93,1,93,'ZZ-20260208-0043','单人办公桌','财务部',NULL,1,NULL,NULL,NULL,'2026-02-08 22:39:53','2026-02-08 22:39:53',0),(94,1,94,'ZZ-20260208-0044','单人办公桌','财务部',NULL,1,NULL,NULL,NULL,'2026-02-08 22:39:53','2026-02-08 22:39:53',0),(95,1,95,'ZZ-20260208-0045','单人办公桌','财务部',NULL,1,NULL,NULL,NULL,'2026-02-08 22:39:53','2026-02-08 22:39:53',0),(96,1,96,'ZZ-20260208-0046','单人办公桌','财务部',NULL,1,NULL,NULL,NULL,'2026-02-08 22:39:53','2026-02-08 22:39:53',0),(97,1,97,'ZZ-20260208-0047','单人办公桌','财务部',NULL,1,NULL,NULL,NULL,'2026-02-08 22:39:53','2026-02-08 22:39:53',0),(98,1,98,'ZZ-20260208-0048','单人办公桌','财务部',NULL,1,NULL,NULL,NULL,'2026-02-08 22:39:53','2026-02-08 22:39:53',0),(99,1,99,'ZZ-20260208-0049','单人办公桌','财务部',NULL,1,NULL,NULL,NULL,'2026-02-08 22:39:53','2026-02-08 22:39:53',0),(100,1,100,'ZZ-20260208-0050','单人办公桌','财务部',NULL,1,NULL,NULL,NULL,'2026-02-08 22:39:53','2026-02-08 22:39:53',0),(101,1,101,'ZZ-20260208-0051','单人办公桌','财务部',NULL,1,NULL,NULL,NULL,'2026-02-08 22:39:53','2026-02-08 22:39:53',0),(102,1,102,'ZZ-20260208-0052','单人办公桌','财务部',NULL,1,NULL,NULL,NULL,'2026-02-08 22:39:53','2026-02-08 22:39:53',0),(103,1,103,'ZZ-20260208-0053','单人办公桌','财务部',NULL,1,NULL,NULL,NULL,'2026-02-08 22:39:53','2026-02-08 22:39:53',0),(104,1,104,'ZZ-20260208-0054','单人办公桌','财务部',NULL,1,NULL,NULL,NULL,'2026-02-08 22:39:53','2026-02-08 22:39:53',0),(105,1,105,'ZZ-20260208-0055','单人办公桌','财务部',NULL,1,NULL,NULL,NULL,'2026-02-08 22:39:53','2026-02-08 22:39:53',0),(106,1,106,'ZZ-20260208-0056','单人办公桌','财务部',NULL,1,NULL,NULL,NULL,'2026-02-08 22:39:53','2026-02-08 22:39:53',0),(107,1,107,'ZZ-20260208-0057','单人办公桌','财务部',NULL,1,NULL,NULL,NULL,'2026-02-08 22:39:53','2026-02-08 22:39:53',0),(108,1,108,'ZZ-20260208-0058','单人办公桌','财务部',NULL,1,NULL,NULL,NULL,'2026-02-08 22:39:53','2026-02-08 22:39:53',0),(109,1,109,'ZZ-20260208-0059','单人办公桌','财务部',NULL,1,NULL,NULL,NULL,'2026-02-08 22:39:53','2026-02-08 22:39:53',0),(110,1,110,'ZZ-20260208-0060','单人办公桌','财务部',NULL,1,NULL,NULL,NULL,'2026-02-08 22:39:53','2026-02-08 22:39:53',0),(111,1,111,'ZZ-20260208-0061','单人办公桌','财务部',NULL,1,NULL,NULL,NULL,'2026-02-08 22:39:53','2026-02-08 22:39:53',0),(112,1,112,'ZZ-20260208-0062','单人办公桌','财务部',NULL,1,NULL,NULL,NULL,'2026-02-08 22:39:53','2026-02-08 22:39:53',0),(113,1,113,'ZZ-20260208-0063','单人办公桌','财务部',NULL,1,NULL,NULL,NULL,'2026-02-08 22:39:53','2026-02-08 22:39:53',0),(114,1,114,'ZZ-20260208-0064','单人办公桌','财务部',NULL,1,NULL,NULL,NULL,'2026-02-08 22:39:53','2026-02-08 22:39:53',0),(115,1,115,'ZZ-20260208-0065','单人办公桌','财务部',NULL,1,NULL,NULL,NULL,'2026-02-08 22:39:53','2026-02-08 22:39:53',0),(116,1,116,'ZZ-20260208-0066','单人办公桌','财务部',NULL,1,NULL,NULL,NULL,'2026-02-08 22:39:53','2026-02-08 22:39:53',0),(117,1,117,'ZZ-20260208-0067','单人办公桌','财务部',NULL,1,NULL,NULL,NULL,'2026-02-08 22:39:53','2026-02-08 22:39:53',0),(118,1,118,'ZZ-20260208-0068','单人办公桌','财务部',NULL,1,NULL,NULL,NULL,'2026-02-08 22:39:53','2026-02-08 22:39:53',0),(119,1,119,'ZZ-20260208-0069','单人办公桌','财务部',NULL,1,NULL,NULL,NULL,'2026-02-08 22:39:53','2026-02-08 22:39:53',0),(120,1,120,'ZZ-20260208-0070','单人办公桌','财务部',NULL,1,NULL,NULL,NULL,'2026-02-08 22:39:53','2026-02-08 22:39:53',0),(121,1,121,'ZZ-20260208-0071','单人办公桌','财务部',NULL,1,NULL,NULL,NULL,'2026-02-08 22:39:53','2026-02-08 22:39:53',0),(122,1,122,'ZZ-20260208-0072','单人办公桌','财务部',NULL,1,NULL,NULL,NULL,'2026-02-08 22:39:53','2026-02-08 22:39:53',0),(123,1,123,'ZZ-20260208-0073','单人办公桌','财务部',NULL,1,NULL,NULL,NULL,'2026-02-08 22:39:53','2026-02-08 22:39:53',0),(124,1,124,'ZZ-20260208-0074','单人办公桌','财务部',NULL,1,NULL,NULL,NULL,'2026-02-08 22:39:53','2026-02-08 22:39:53',0),(125,1,125,'ZZ-20260208-0075','单人办公桌','财务部',NULL,1,NULL,NULL,NULL,'2026-02-08 22:39:53','2026-02-08 22:39:53',0),(126,1,126,'ZZ-20260208-0076','单人办公桌','财务部',NULL,1,NULL,NULL,NULL,'2026-02-08 22:39:53','2026-02-08 22:39:53',0),(127,1,127,'ZZ-20260208-0077','单人办公桌','维修部',NULL,1,NULL,NULL,NULL,'2026-02-08 22:39:53','2026-02-08 22:39:53',0),(128,1,128,'ZZ-20260208-0078','单人办公桌','维修部',NULL,1,NULL,NULL,NULL,'2026-02-08 22:39:53','2026-02-08 22:39:53',0),(129,1,129,'ZZ-20260208-0079','单人办公桌','维修部',NULL,1,NULL,NULL,NULL,'2026-02-08 22:39:53','2026-02-08 22:39:53',0),(130,1,130,'ZZ-20260208-0080','单人办公桌','维修部',NULL,1,NULL,NULL,NULL,'2026-02-08 22:39:53','2026-02-08 22:39:53',0),(131,1,131,'ZZ-20260208-0081','单人办公桌','维修部',NULL,1,NULL,NULL,NULL,'2026-02-08 22:39:53','2026-02-08 22:39:53',0),(132,1,132,'ZZ-20260208-0082','单人办公桌','维修部',NULL,1,NULL,NULL,NULL,'2026-02-08 22:39:53','2026-02-08 22:39:53',0),(133,1,133,'ZZ-20260208-0083','单人办公桌','维修部',NULL,1,NULL,NULL,NULL,'2026-02-08 22:39:53','2026-02-08 22:39:53',0),(134,1,134,'ZZ-20260208-0084','单人办公桌','维修部',NULL,1,NULL,NULL,NULL,'2026-02-08 22:39:53','2026-02-08 22:39:53',0),(135,1,135,'ZZ-20260208-0085','单人办公桌','维修部',NULL,1,NULL,NULL,NULL,'2026-02-08 22:39:53','2026-02-08 22:39:53',0),(136,1,136,'ZZ-20260208-0086','单人办公桌','维修部',NULL,1,NULL,NULL,NULL,'2026-02-08 22:39:53','2026-02-08 22:39:53',0),(137,1,137,'ZZ-20260208-0087','单人办公桌','维修部',NULL,1,NULL,NULL,NULL,'2026-02-08 22:39:53','2026-02-08 22:39:53',0),(138,1,138,'ZZ-20260208-0088','单人办公桌','维修部',NULL,1,NULL,NULL,NULL,'2026-02-08 22:39:53','2026-02-08 22:39:53',0),(139,1,139,'ZZ-20260208-0089','单人办公桌','维修部',NULL,1,NULL,NULL,NULL,'2026-02-08 22:39:53','2026-02-08 22:39:53',0),(140,1,140,'ZZ-20260208-0090','单人办公桌','维修部',NULL,1,NULL,NULL,NULL,'2026-02-08 22:39:53','2026-02-08 22:39:53',0),(141,1,141,'ZZ-20260208-0091','单人办公桌','维修部',NULL,1,NULL,NULL,NULL,'2026-02-08 22:39:53','2026-02-08 22:39:53',0),(142,1,142,'ZZ-20260208-0092','单人办公桌','维修部',NULL,1,NULL,NULL,NULL,'2026-02-08 22:39:53','2026-02-08 22:39:53',0),(143,1,143,'ZZ-20260208-0093','单人办公桌','维修部',NULL,1,NULL,NULL,NULL,'2026-02-08 22:39:53','2026-02-08 22:39:53',0),(144,1,144,'ZZ-20260208-0094','单人办公桌','维修部',NULL,1,NULL,NULL,NULL,'2026-02-08 22:39:53','2026-02-08 22:39:53',0),(145,1,145,'ZZ-20260208-0095','单人办公桌','维修部',NULL,1,NULL,NULL,NULL,'2026-02-08 22:39:53','2026-02-08 22:39:53',0),(146,1,146,'ZZ-20260208-0096','单人办公桌','维修部',NULL,1,NULL,NULL,NULL,'2026-02-08 22:39:53','2026-02-08 22:39:53',0),(147,1,147,'ZZ-20260208-0097','单人办公桌','维修部',NULL,1,NULL,NULL,NULL,'2026-02-08 22:39:53','2026-02-08 22:39:53',0),(148,1,148,'ZZ-20260208-0098','单人办公桌','维修部',NULL,1,NULL,NULL,NULL,'2026-02-08 22:39:53','2026-02-08 22:39:53',0),(149,1,149,'ZZ-20260208-0099','单人办公桌','维修部',NULL,1,NULL,NULL,NULL,'2026-02-08 22:39:53','2026-02-08 22:39:53',0),(150,1,150,'ZZ-20260208-0100','单人办公桌','维修部',NULL,1,NULL,NULL,NULL,'2026-02-08 22:39:53','2026-02-08 22:39:53',0),(151,1,151,'ZZ-20260208-0101','单人办公桌','维修部',NULL,1,NULL,NULL,NULL,'2026-02-08 22:39:53','2026-02-08 22:39:53',0),(152,1,152,'ZZ-20260208-0102','单人办公桌','维修部',NULL,1,NULL,NULL,NULL,'2026-02-08 22:39:53','2026-02-08 22:39:53',0),(153,1,153,'ZZ-20260208-0103','单人办公桌','维修部',NULL,1,NULL,NULL,NULL,'2026-02-08 22:39:53','2026-02-08 22:39:53',0),(154,1,154,'ZZ-20260208-0104','单人办公桌','维修部',NULL,1,NULL,NULL,NULL,'2026-02-08 22:39:53','2026-02-08 22:39:53',0),(155,1,155,'ZZ-20260208-0105','单人办公桌','维修部',NULL,1,NULL,NULL,NULL,'2026-02-08 22:39:53','2026-02-08 22:39:53',0),(156,1,156,'ZZ-20260208-0106','单人办公桌','维修部',NULL,1,NULL,NULL,NULL,'2026-02-08 22:39:53','2026-02-08 22:39:53',0),(157,1,157,'ZZ-20260208-0107','单人办公桌','总公司',NULL,1,NULL,NULL,NULL,'2026-02-08 22:39:53','2026-02-08 22:39:53',0),(158,1,158,'ZZ-20260208-0108','单人办公桌','总公司',NULL,1,NULL,NULL,NULL,'2026-02-08 22:39:53','2026-02-08 22:39:53',0),(159,1,159,'ZZ-20260208-0109','单人办公桌','总公司',NULL,1,NULL,NULL,NULL,'2026-02-08 22:39:53','2026-02-08 22:39:53',0),(160,1,160,'ZZ-20260208-0110','单人办公桌','总公司',NULL,1,NULL,NULL,NULL,'2026-02-08 22:39:53','2026-02-08 22:39:53',0),(161,1,161,'ZZ-20260208-0111','单人办公桌','总公司',NULL,1,NULL,NULL,NULL,'2026-02-08 22:39:53','2026-02-08 22:39:53',0),(162,1,162,'ZZ-20260208-0112','单人办公桌','总公司',NULL,1,NULL,NULL,NULL,'2026-02-08 22:39:53','2026-02-08 22:39:53',0),(163,1,163,'ZZ-20260208-0113','单人办公桌','总公司',NULL,1,NULL,NULL,NULL,'2026-02-08 22:39:53','2026-02-08 22:39:53',0),(164,1,164,'ZZ-20260208-0114','单人办公桌','总公司',NULL,1,NULL,NULL,NULL,'2026-02-08 22:39:53','2026-02-08 22:39:53',0),(165,1,165,'ZZ-20260208-0115','单人办公桌','总公司',NULL,1,NULL,NULL,NULL,'2026-02-08 22:39:53','2026-02-08 22:39:53',0),(166,1,166,'ZZ-20260208-0116','单人办公桌','总公司',NULL,1,NULL,NULL,NULL,'2026-02-08 22:39:53','2026-02-08 22:39:53',0),(167,1,167,'ZZ-20260208-0117','单人办公桌','总公司',NULL,1,NULL,NULL,NULL,'2026-02-08 22:39:53','2026-02-08 22:39:53',0),(168,1,168,'ZZ-20260208-0118','单人办公桌','总公司',NULL,1,NULL,NULL,NULL,'2026-02-08 22:39:53','2026-02-08 22:39:53',0),(169,1,169,'ZZ-20260208-0119','单人办公桌','总公司',NULL,1,NULL,NULL,NULL,'2026-02-08 22:39:53','2026-02-08 22:39:53',0),(170,1,170,'ZZ-20260208-0120','单人办公桌','总公司',NULL,1,NULL,NULL,NULL,'2026-02-08 22:39:53','2026-02-08 22:39:53',0),(171,1,171,'ZZ-20260208-0121','单人办公桌','总公司',NULL,1,NULL,NULL,NULL,'2026-02-08 22:39:53','2026-02-08 22:39:53',0),(172,1,172,'ZZ-20260208-0122','单人办公桌','总公司',NULL,1,NULL,NULL,NULL,'2026-02-08 22:39:53','2026-02-08 22:39:53',0),(173,1,173,'ZZ-20260208-0123','单人办公桌','总公司',NULL,1,NULL,NULL,NULL,'2026-02-08 22:39:53','2026-02-08 22:39:53',0),(174,1,174,'ZZ-20260208-0124','单人办公桌','总公司',NULL,1,NULL,NULL,NULL,'2026-02-08 22:39:53','2026-02-08 22:39:53',0),(175,1,175,'ZZ-20260208-0125','单人办公桌','总公司',NULL,1,NULL,NULL,NULL,'2026-02-08 22:39:53','2026-02-08 22:39:53',0),(176,1,176,'ZZ-20260208-0126','单人办公桌','总公司',NULL,1,NULL,NULL,NULL,'2026-02-08 22:39:53','2026-02-08 22:39:53',0),(177,1,177,'ZZ-20260208-0127','单人办公桌','总公司',NULL,1,NULL,NULL,NULL,'2026-02-08 22:39:53','2026-02-08 22:39:53',0),(178,1,178,'ZZ-20260208-0128','单人办公桌','总公司',NULL,1,NULL,NULL,NULL,'2026-02-08 22:39:53','2026-02-08 22:39:53',0),(179,1,179,'ZZ-20260208-0129','单人办公桌','总公司',NULL,1,NULL,NULL,NULL,'2026-02-08 22:39:53','2026-02-08 22:39:53',0),(180,1,180,'ZZ-20260208-0130','单人办公桌','总公司',NULL,1,NULL,NULL,NULL,'2026-02-08 22:39:53','2026-02-08 22:39:53',0),(181,1,181,'ZZ-20260208-0131','单人办公桌','总公司',NULL,1,NULL,NULL,NULL,'2026-02-08 22:39:53','2026-02-08 22:39:53',0),(182,1,182,'ZZ-20260208-0132','单人办公桌','总公司',NULL,1,NULL,NULL,NULL,'2026-02-08 22:39:53','2026-02-08 22:39:53',0),(183,1,183,'ZZ-20260208-0133','单人办公桌','总公司',NULL,1,NULL,NULL,NULL,'2026-02-08 22:39:53','2026-02-08 22:39:53',0),(184,1,184,'ZZ-20260208-0134','单人办公桌','总公司',NULL,1,NULL,NULL,NULL,'2026-02-08 22:39:53','2026-02-08 22:39:53',0),(185,1,185,'ZZ-20260208-0135','单人办公桌','总公司',NULL,1,NULL,NULL,NULL,'2026-02-08 22:39:53','2026-02-08 22:39:53',0),(186,1,186,'ZZ-20260208-0136','单人办公桌','总公司',NULL,1,NULL,NULL,NULL,'2026-02-08 22:39:53','2026-02-08 22:39:53',0),(187,1,187,'ZZ-20260208-0137','单人办公桌','总公司',NULL,1,NULL,NULL,NULL,'2026-02-08 22:39:53','2026-02-08 22:39:53',0),(188,1,188,'ZZ-20260208-0138','单人办公桌','总公司',NULL,1,NULL,NULL,NULL,'2026-02-08 22:39:53','2026-02-08 22:39:53',0),(189,1,189,'ZZ-20260208-0139','单人办公桌','总公司',NULL,1,NULL,NULL,NULL,'2026-02-08 22:39:53','2026-02-08 22:39:53',0),(190,1,190,'ZZ-20260208-0140','单人办公桌','总公司',NULL,1,NULL,NULL,NULL,'2026-02-08 22:39:53','2026-02-08 22:39:53',0),(191,1,191,'ZZ-20260208-0141','单人办公桌','总公司',NULL,1,NULL,NULL,NULL,'2026-02-08 22:39:53','2026-02-08 22:39:53',0),(192,1,192,'ZZ-20260208-0142','单人办公桌','总公司',NULL,1,NULL,NULL,NULL,'2026-02-08 22:39:53','2026-02-08 22:39:53',0),(193,1,193,'ZZ-20260208-0143','单人办公桌','总公司',NULL,1,NULL,NULL,NULL,'2026-02-08 22:39:53','2026-02-08 22:39:53',0),(194,1,194,'ZZ-20260208-0144','单人办公桌','总公司',NULL,1,NULL,NULL,NULL,'2026-02-08 22:39:53','2026-02-08 22:39:53',0),(195,1,195,'ZZ-20260208-0145','单人办公桌','总公司',NULL,1,NULL,NULL,NULL,'2026-02-08 22:39:53','2026-02-08 22:39:53',0),(196,1,196,'ZZ-20260208-0146','单人办公桌','总公司',NULL,1,NULL,NULL,NULL,'2026-02-08 22:39:53','2026-02-08 22:39:53',0),(197,1,197,'ZZ-20260208-0147','单人办公桌','总公司',NULL,1,NULL,NULL,NULL,'2026-02-08 22:39:53','2026-02-08 22:39:53',0),(198,1,198,'ZZ-20260208-0148','单人办公桌','总公司',NULL,1,NULL,NULL,NULL,'2026-02-08 22:39:53','2026-02-08 22:39:53',0),(199,1,199,'ZZ-20260208-0149','单人办公桌','总公司',NULL,1,NULL,NULL,NULL,'2026-02-08 22:39:53','2026-02-08 22:39:53',0),(200,1,200,'ZZ-20260208-0150','单人办公桌','总公司',NULL,1,NULL,NULL,NULL,'2026-02-08 22:39:53','2026-02-08 22:39:53',0),(201,1,201,'YZ-20260208-0001','单人办公椅','财务部',NULL,1,NULL,NULL,NULL,'2026-02-08 22:39:53','2026-02-08 22:39:53',0),(202,1,202,'YZ-20260208-0002','单人办公椅','财务部',NULL,1,NULL,NULL,NULL,'2026-02-08 22:39:53','2026-02-08 22:39:53',0),(203,1,203,'YZ-20260208-0003','单人办公椅','财务部',NULL,1,NULL,NULL,NULL,'2026-02-08 22:39:53','2026-02-08 22:39:53',0),(204,1,204,'YZ-20260208-0004','单人办公椅','财务部',NULL,1,NULL,NULL,NULL,'2026-02-08 22:39:53','2026-02-08 22:39:53',0),(205,1,205,'YZ-20260208-0005','单人办公椅','财务部',NULL,1,NULL,NULL,NULL,'2026-02-08 22:39:53','2026-02-08 22:39:53',0),(206,1,206,'YZ-20260208-0006','单人办公椅','财务部',NULL,1,NULL,NULL,NULL,'2026-02-08 22:39:53','2026-02-08 22:39:53',0),(207,1,207,'YZ-20260208-0007','单人办公椅','财务部',NULL,1,NULL,NULL,NULL,'2026-02-08 22:39:53','2026-02-08 22:39:53',0),(208,1,208,'YZ-20260208-0008','单人办公椅','财务部',NULL,1,NULL,NULL,NULL,'2026-02-08 22:39:53','2026-02-08 22:39:53',0),(209,1,209,'YZ-20260208-0009','单人办公椅','财务部',NULL,1,NULL,NULL,NULL,'2026-02-08 22:39:53','2026-02-08 22:39:53',0),(210,1,210,'YZ-20260208-0010','单人办公椅','财务部',NULL,1,NULL,NULL,NULL,'2026-02-08 22:39:53','2026-02-08 22:39:53',0),(211,1,211,'YZ-20260208-0011','单人办公椅','财务部',NULL,1,NULL,NULL,NULL,'2026-02-08 22:39:53','2026-02-08 22:39:53',0),(212,1,212,'YZ-20260208-0012','单人办公椅','财务部',NULL,1,NULL,NULL,NULL,'2026-02-08 22:39:53','2026-02-08 22:39:53',0),(213,1,213,'YZ-20260208-0013','单人办公椅','财务部',NULL,1,NULL,NULL,NULL,'2026-02-08 22:39:53','2026-02-08 22:39:53',0),(214,1,214,'YZ-20260208-0014','单人办公椅','财务部',NULL,1,NULL,NULL,NULL,'2026-02-08 22:39:53','2026-02-08 22:39:53',0),(215,1,215,'YZ-20260208-0015','单人办公椅','财务部',NULL,1,NULL,NULL,NULL,'2026-02-08 22:39:53','2026-02-08 22:39:53',0),(216,1,216,'YZ-20260208-0016','单人办公椅','财务部',NULL,1,NULL,NULL,NULL,'2026-02-08 22:39:53','2026-02-08 22:39:53',0),(217,1,217,'YZ-20260208-0017','单人办公椅','财务部',NULL,1,NULL,NULL,NULL,'2026-02-08 22:39:53','2026-02-08 22:39:53',0),(218,1,218,'YZ-20260208-0018','单人办公椅','财务部',NULL,1,NULL,NULL,NULL,'2026-02-08 22:39:53','2026-02-08 22:39:53',0),(219,1,219,'YZ-20260208-0019','单人办公椅','财务部',NULL,1,NULL,NULL,NULL,'2026-02-08 22:39:53','2026-02-08 22:39:53',0),(220,1,220,'YZ-20260208-0020','单人办公椅','财务部',NULL,1,NULL,NULL,NULL,'2026-02-08 22:39:53','2026-02-08 22:39:53',0),(221,1,221,'YZ-20260208-0021','单人办公椅','财务部',NULL,1,NULL,NULL,NULL,'2026-02-08 22:39:53','2026-02-08 22:39:53',0),(222,1,222,'YZ-20260208-0022','单人办公椅','财务部',NULL,1,NULL,NULL,NULL,'2026-02-08 22:39:53','2026-02-08 22:39:53',0),(223,1,223,'YZ-20260208-0023','单人办公椅','财务部',NULL,1,NULL,NULL,NULL,'2026-02-08 22:39:53','2026-02-08 22:39:53',0),(224,1,224,'YZ-20260208-0024','单人办公椅','财务部',NULL,1,NULL,NULL,NULL,'2026-02-08 22:39:53','2026-02-08 22:39:53',0),(225,1,225,'YZ-20260208-0025','单人办公椅','财务部',NULL,1,NULL,NULL,NULL,'2026-02-08 22:39:53','2026-02-08 22:39:53',0),(226,1,226,'YZ-20260208-0026','单人办公椅','财务部',NULL,1,NULL,NULL,NULL,'2026-02-08 22:39:53','2026-02-08 22:39:53',0),(227,1,227,'YZ-20260208-0027','单人办公椅','财务部',NULL,1,NULL,NULL,NULL,'2026-02-08 22:39:53','2026-02-08 22:39:53',0),(228,1,228,'YZ-20260208-0028','单人办公椅','财务部',NULL,1,NULL,NULL,NULL,'2026-02-08 22:39:53','2026-02-08 22:39:53',0),(229,1,229,'YZ-20260208-0029','单人办公椅','财务部',NULL,1,NULL,NULL,NULL,'2026-02-08 22:39:53','2026-02-08 22:39:53',0),(230,1,230,'YZ-20260208-0030','单人办公椅','财务部',NULL,1,NULL,NULL,NULL,'2026-02-08 22:39:53','2026-02-08 22:39:53',0),(231,1,231,'YZ-20260208-0031','单人办公椅','财务部',NULL,1,NULL,NULL,NULL,'2026-02-08 22:39:53','2026-02-08 22:39:53',0),(232,1,232,'YZ-20260208-0032','单人办公椅','财务部',NULL,1,NULL,NULL,NULL,'2026-02-08 22:39:53','2026-02-08 22:39:53',0),(233,1,233,'YZ-20260208-0033','单人办公椅','财务部',NULL,1,NULL,NULL,NULL,'2026-02-08 22:39:53','2026-02-08 22:39:53',0),(234,1,234,'YZ-20260208-0034','单人办公椅','财务部',NULL,1,NULL,NULL,NULL,'2026-02-08 22:39:53','2026-02-08 22:39:53',0),(235,1,235,'YZ-20260208-0035','单人办公椅','财务部',NULL,1,NULL,NULL,NULL,'2026-02-08 22:39:53','2026-02-08 22:39:53',0),(236,1,236,'YZ-20260208-0036','单人办公椅','财务部',NULL,1,NULL,NULL,NULL,'2026-02-08 22:39:53','2026-02-08 22:39:53',0),(237,1,237,'YZ-20260208-0037','单人办公椅','财务部',NULL,1,NULL,NULL,NULL,'2026-02-08 22:39:53','2026-02-08 22:39:53',0),(238,1,238,'YZ-20260208-0038','单人办公椅','财务部',NULL,1,NULL,NULL,NULL,'2026-02-08 22:39:53','2026-02-08 22:39:53',0),(239,1,239,'YZ-20260208-0039','单人办公椅','财务部',NULL,1,NULL,NULL,NULL,'2026-02-08 22:39:53','2026-02-08 22:39:53',0),(240,1,240,'YZ-20260208-0040','单人办公椅','财务部',NULL,1,NULL,NULL,NULL,'2026-02-08 22:39:53','2026-02-08 22:39:53',0),(241,1,241,'YZ-20260208-0041','单人办公椅','财务部',NULL,1,NULL,NULL,NULL,'2026-02-08 22:39:53','2026-02-08 22:39:53',0),(242,1,242,'YZ-20260208-0042','单人办公椅','财务部',NULL,1,NULL,NULL,NULL,'2026-02-08 22:39:53','2026-02-08 22:39:53',0),(243,1,243,'YZ-20260208-0043','单人办公椅','财务部',NULL,1,NULL,NULL,NULL,'2026-02-08 22:39:53','2026-02-08 22:39:53',0),(244,1,244,'YZ-20260208-0044','单人办公椅','财务部',NULL,1,NULL,NULL,NULL,'2026-02-08 22:39:53','2026-02-08 22:39:53',0),(245,1,245,'YZ-20260208-0045','单人办公椅','财务部',NULL,1,NULL,NULL,NULL,'2026-02-08 22:39:53','2026-02-08 22:39:53',0),(246,1,246,'YZ-20260208-0046','单人办公椅','财务部',NULL,1,NULL,NULL,NULL,'2026-02-08 22:39:53','2026-02-08 22:39:53',0),(247,1,247,'YZ-20260208-0047','单人办公椅','财务部',NULL,1,NULL,NULL,NULL,'2026-02-08 22:39:53','2026-02-08 22:39:53',0),(248,1,248,'YZ-20260208-0048','单人办公椅','财务部',NULL,1,NULL,NULL,NULL,'2026-02-08 22:39:53','2026-02-08 22:39:53',0),(249,1,249,'YZ-20260208-0049','单人办公椅','财务部',NULL,1,NULL,NULL,NULL,'2026-02-08 22:39:53','2026-02-08 22:39:53',0),(250,1,250,'YZ-20260208-0050','单人办公椅','财务部',NULL,1,NULL,NULL,NULL,'2026-02-08 22:39:53','2026-02-08 22:39:53',0),(251,1,251,'YZ-20260208-0051','单人办公椅','财务部',NULL,1,NULL,NULL,NULL,'2026-02-08 22:39:53','2026-02-08 22:39:53',0),(252,1,252,'YZ-20260208-0052','单人办公椅','管理部',NULL,1,NULL,NULL,NULL,'2026-02-08 22:39:53','2026-02-08 22:39:53',0),(253,1,253,'YZ-20260208-0053','单人办公椅','管理部',NULL,1,NULL,NULL,NULL,'2026-02-08 22:39:53','2026-02-08 22:39:53',0),(254,1,254,'YZ-20260208-0054','单人办公椅','管理部',NULL,1,NULL,NULL,NULL,'2026-02-08 22:39:53','2026-02-08 22:39:53',0),(255,1,255,'YZ-20260208-0055','单人办公椅','管理部',NULL,1,NULL,NULL,NULL,'2026-02-08 22:39:53','2026-02-08 22:39:53',0),(256,1,256,'YZ-20260208-0056','单人办公椅','管理部',NULL,1,NULL,NULL,NULL,'2026-02-08 22:39:53','2026-02-08 22:39:53',0),(257,1,257,'YZ-20260208-0057','单人办公椅','资产部',NULL,1,NULL,NULL,NULL,'2026-02-08 22:39:53','2026-02-08 22:39:53',0),(258,1,258,'YZ-20260208-0058','单人办公椅','资产部',NULL,1,NULL,NULL,NULL,'2026-02-08 22:39:53','2026-02-08 22:39:53',0),(259,1,259,'YZ-20260208-0059','单人办公椅','资产部',NULL,1,NULL,NULL,NULL,'2026-02-08 22:39:53','2026-02-08 22:39:53',0),(260,1,260,'YZ-20260208-0060','单人办公椅','资产部',NULL,1,NULL,NULL,NULL,'2026-02-08 22:39:53','2026-02-08 22:39:53',0),(261,1,261,'YZ-20260208-0061','单人办公椅','资产部',NULL,1,NULL,NULL,NULL,'2026-02-08 22:39:53','2026-02-08 22:39:53',0),(262,1,262,'YZ-20260208-0062','单人办公椅','资产部',NULL,1,NULL,NULL,NULL,'2026-02-08 22:39:53','2026-02-08 22:39:53',0),(263,1,263,'YZ-20260208-0063','单人办公椅','资产部',NULL,1,NULL,NULL,NULL,'2026-02-08 22:39:53','2026-02-08 22:39:53',0),(264,1,264,'YZ-20260208-0064','单人办公椅','资产部',NULL,1,NULL,NULL,NULL,'2026-02-08 22:39:53','2026-02-08 22:39:53',0),(265,1,265,'YZ-20260208-0065','单人办公椅','资产部',NULL,1,NULL,NULL,NULL,'2026-02-08 22:39:53','2026-02-08 22:39:53',0),(266,1,266,'YZ-20260208-0066','单人办公椅','资产部',NULL,1,NULL,NULL,NULL,'2026-02-08 22:39:53','2026-02-08 22:39:53',0),(267,1,267,'YZ-20260208-0067','单人办公椅','资产部',NULL,1,NULL,NULL,NULL,'2026-02-08 22:39:53','2026-02-08 22:39:53',0),(268,1,268,'YZ-20260208-0068','单人办公椅','资产部',NULL,1,NULL,NULL,NULL,'2026-02-08 22:39:53','2026-02-08 22:39:53',0),(269,1,269,'YZ-20260208-0069','单人办公椅','资产部',NULL,1,NULL,NULL,NULL,'2026-02-08 22:39:53','2026-02-08 22:39:53',0),(270,1,270,'YZ-20260208-0070','单人办公椅','资产部',NULL,1,NULL,NULL,NULL,'2026-02-08 22:39:53','2026-02-08 22:39:53',0),(271,1,271,'YZ-20260208-0071','单人办公椅','资产部',NULL,1,NULL,NULL,NULL,'2026-02-08 22:39:53','2026-02-08 22:39:53',0),(272,1,272,'YZ-20260208-0072','单人办公椅','资产部',NULL,1,NULL,NULL,NULL,'2026-02-08 22:39:53','2026-02-08 22:39:53',0),(273,1,273,'YZ-20260208-0073','单人办公椅','资产部',NULL,1,NULL,NULL,NULL,'2026-02-08 22:39:53','2026-02-08 22:39:53',0),(274,1,274,'YZ-20260208-0074','单人办公椅','资产部',NULL,1,NULL,NULL,NULL,'2026-02-08 22:39:53','2026-02-08 22:39:53',0),(275,1,275,'YZ-20260208-0075','单人办公椅','资产部',NULL,1,NULL,NULL,NULL,'2026-02-08 22:39:53','2026-02-08 22:39:53',0),(276,1,276,'YZ-20260208-0076','单人办公椅','资产部',NULL,1,NULL,NULL,NULL,'2026-02-08 22:39:53','2026-02-08 22:39:53',0),(277,1,277,'YZ-20260208-0077','单人办公椅','开发平台',NULL,1,NULL,NULL,NULL,'2026-02-08 22:39:53','2026-02-08 22:39:53',0),(278,1,278,'YZ-20260208-0078','单人办公椅','开发平台',NULL,1,NULL,NULL,NULL,'2026-02-08 22:39:53','2026-02-08 22:39:53',0),(279,1,279,'YZ-20260208-0079','单人办公椅','开发平台',NULL,1,NULL,NULL,NULL,'2026-02-08 22:39:53','2026-02-08 22:39:53',0),(280,1,280,'YZ-20260208-0080','单人办公椅','开发平台',NULL,1,NULL,NULL,NULL,'2026-02-08 22:39:53','2026-02-08 22:39:53',0),(281,1,281,'YZ-20260208-0081','单人办公椅','开发平台',NULL,1,NULL,NULL,NULL,'2026-02-08 22:39:53','2026-02-08 22:39:53',0),(282,1,282,'YZ-20260208-0082','单人办公椅','开发平台',NULL,1,NULL,NULL,NULL,'2026-02-08 22:39:53','2026-02-08 22:39:53',0),(283,1,283,'YZ-20260208-0083','单人办公椅','开发平台',NULL,1,NULL,NULL,NULL,'2026-02-08 22:39:53','2026-02-08 22:39:53',0),(284,1,284,'YZ-20260208-0084','单人办公椅','开发平台',NULL,1,NULL,NULL,NULL,'2026-02-08 22:39:53','2026-02-08 22:39:53',0),(285,1,285,'YZ-20260208-0085','单人办公椅','开发平台',NULL,1,NULL,NULL,NULL,'2026-02-08 22:39:53','2026-02-08 22:39:53',0),(286,1,286,'YZ-20260208-0086','单人办公椅','开发平台',NULL,1,NULL,NULL,NULL,'2026-02-08 22:39:53','2026-02-08 22:39:53',0),(287,1,287,'YZ-20260208-0087','单人办公椅','开发平台',NULL,1,NULL,NULL,NULL,'2026-02-08 22:39:53','2026-02-08 22:39:53',0),(288,1,288,'YZ-20260208-0088','单人办公椅','开发平台',NULL,1,NULL,NULL,NULL,'2026-02-08 22:39:53','2026-02-08 22:39:53',0),(289,1,289,'YZ-20260208-0089','单人办公椅','开发平台',NULL,1,NULL,NULL,NULL,'2026-02-08 22:39:53','2026-02-08 22:39:53',0),(290,1,290,'YZ-20260208-0090','单人办公椅','开发平台',NULL,1,NULL,NULL,NULL,'2026-02-08 22:39:53','2026-02-08 22:39:53',0),(291,1,291,'YZ-20260208-0091','单人办公椅','开发平台',NULL,1,NULL,NULL,NULL,'2026-02-08 22:39:53','2026-02-08 22:39:53',0),(292,1,292,'YZ-20260208-0092','单人办公椅','开发平台',NULL,1,NULL,NULL,NULL,'2026-02-08 22:39:53','2026-02-08 22:39:53',0),(293,1,293,'YZ-20260208-0093','单人办公椅','开发平台',NULL,1,NULL,NULL,NULL,'2026-02-08 22:39:53','2026-02-08 22:39:53',0),(294,1,294,'YZ-20260208-0094','单人办公椅','开发平台',NULL,1,NULL,NULL,NULL,'2026-02-08 22:39:53','2026-02-08 22:39:53',0),(295,1,295,'YZ-20260208-0095','单人办公椅','开发平台',NULL,1,NULL,NULL,NULL,'2026-02-08 22:39:53','2026-02-08 22:39:53',0),(296,1,296,'YZ-20260208-0096','单人办公椅','开发平台',NULL,1,NULL,NULL,NULL,'2026-02-08 22:39:53','2026-02-08 22:39:53',0),(297,1,297,'YZ-20260208-0097','单人办公椅','开发平台',NULL,1,NULL,NULL,NULL,'2026-02-08 22:39:53','2026-02-08 22:39:53',0),(298,1,298,'YZ-20260208-0098','单人办公椅','开发平台',NULL,1,NULL,NULL,NULL,'2026-02-08 22:39:53','2026-02-08 22:39:53',0),(299,1,299,'YZ-20260208-0099','单人办公椅','开发平台',NULL,1,NULL,NULL,NULL,'2026-02-08 22:39:53','2026-02-08 22:39:53',0),(300,1,300,'YZ-20260208-0100','单人办公椅','开发平台',NULL,1,NULL,NULL,NULL,'2026-02-08 22:39:53','2026-02-08 22:39:53',0),(301,1,301,'YZ-20260208-0101','单人办公椅','开发平台',NULL,1,NULL,NULL,NULL,'2026-02-08 22:39:53','2026-02-08 22:39:53',0),(302,1,302,'YZ-20260208-0102','单人办公椅','开发平台',NULL,1,NULL,NULL,NULL,'2026-02-08 22:39:53','2026-02-08 22:39:53',0),(303,1,303,'YZ-20260208-0103','单人办公椅','开发平台',NULL,1,NULL,NULL,NULL,'2026-02-08 22:39:53','2026-02-08 22:39:53',0),(304,1,304,'YZ-20260208-0104','单人办公椅','开发平台',NULL,1,NULL,NULL,NULL,'2026-02-08 22:39:53','2026-02-08 22:39:53',0),(305,1,305,'YZ-20260208-0105','单人办公椅','开发平台',NULL,1,NULL,NULL,NULL,'2026-02-08 22:39:53','2026-02-08 22:39:53',0),(306,1,306,'YZ-20260208-0106','单人办公椅','开发平台',NULL,1,NULL,NULL,NULL,'2026-02-08 22:39:53','2026-02-08 22:39:53',0),(307,1,307,'YZ-20260208-0107','单人办公椅','开发平台',NULL,1,NULL,NULL,NULL,'2026-02-08 22:39:53','2026-02-08 22:39:53',0),(308,1,308,'YZ-20260208-0108','单人办公椅','开发平台',NULL,1,NULL,NULL,NULL,'2026-02-08 22:39:53','2026-02-08 22:39:53',0),(309,1,309,'YZ-20260208-0109','单人办公椅','开发平台',NULL,1,NULL,NULL,NULL,'2026-02-08 22:39:53','2026-02-08 22:39:53',0),(310,1,310,'YZ-20260208-0110','单人办公椅','开发平台',NULL,1,NULL,NULL,NULL,'2026-02-08 22:39:53','2026-02-08 22:39:53',0),(311,1,311,'YZ-20260208-0111','单人办公椅','开发平台',NULL,1,NULL,NULL,NULL,'2026-02-08 22:39:53','2026-02-08 22:39:53',0),(312,1,312,'YZ-20260208-0112','单人办公椅','开发平台',NULL,1,NULL,NULL,NULL,'2026-02-08 22:39:53','2026-02-08 22:39:53',0),(313,1,313,'YZ-20260208-0113','单人办公椅','开发平台',NULL,1,NULL,NULL,NULL,'2026-02-08 22:39:53','2026-02-08 22:39:53',0),(314,1,314,'YZ-20260208-0114','单人办公椅','开发平台',NULL,1,NULL,NULL,NULL,'2026-02-08 22:39:53','2026-02-08 22:39:53',0),(315,1,315,'YZ-20260208-0115','单人办公椅','开发平台',NULL,1,NULL,NULL,NULL,'2026-02-08 22:39:53','2026-02-08 22:39:53',0),(316,1,316,'YZ-20260208-0116','单人办公椅','开发平台',NULL,1,NULL,NULL,NULL,'2026-02-08 22:39:53','2026-02-08 22:39:53',0),(317,1,317,'YZ-20260208-0117','单人办公椅','开发平台',NULL,1,NULL,NULL,NULL,'2026-02-08 22:39:53','2026-02-08 22:39:53',0),(318,1,318,'YZ-20260208-0118','单人办公椅','开发平台',NULL,1,NULL,NULL,NULL,'2026-02-08 22:39:53','2026-02-08 22:39:53',0),(319,1,319,'YZ-20260208-0119','单人办公椅','开发平台',NULL,1,NULL,NULL,NULL,'2026-02-08 22:39:53','2026-02-08 22:39:53',0),(320,1,320,'YZ-20260208-0120','单人办公椅','开发平台',NULL,1,NULL,NULL,NULL,'2026-02-08 22:39:53','2026-02-08 22:39:53',0),(321,1,321,'YZ-20260208-0121','单人办公椅','开发平台',NULL,1,NULL,NULL,NULL,'2026-02-08 22:39:53','2026-02-08 22:39:53',0),(322,1,322,'YZ-20260208-0122','单人办公椅','开发平台',NULL,1,NULL,NULL,NULL,'2026-02-08 22:39:53','2026-02-08 22:39:53',0),(323,1,323,'YZ-20260208-0123','单人办公椅','开发平台',NULL,1,NULL,NULL,NULL,'2026-02-08 22:39:53','2026-02-08 22:39:53',0),(324,1,324,'YZ-20260208-0124','单人办公椅','开发平台',NULL,1,NULL,NULL,NULL,'2026-02-08 22:39:53','2026-02-08 22:39:53',0),(325,1,325,'YZ-20260208-0125','单人办公椅','开发平台',NULL,1,NULL,NULL,NULL,'2026-02-08 22:39:53','2026-02-08 22:39:53',0),(326,1,326,'YZ-20260208-0126','单人办公椅','开发平台',NULL,1,NULL,NULL,NULL,'2026-02-08 22:39:53','2026-02-08 22:39:53',0),(327,1,327,'YZ-20260208-0127','单人办公椅','总公司',NULL,1,NULL,NULL,NULL,'2026-02-08 22:39:53','2026-02-08 22:39:53',0),(328,1,328,'YZ-20260208-0128','单人办公椅','总公司',NULL,1,NULL,NULL,NULL,'2026-02-08 22:39:53','2026-02-08 22:39:53',0),(329,1,329,'YZ-20260208-0129','单人办公椅','总公司',NULL,1,NULL,NULL,NULL,'2026-02-08 22:39:53','2026-02-08 22:39:53',0),(330,1,330,'YZ-20260208-0130','单人办公椅','总公司',NULL,1,NULL,NULL,NULL,'2026-02-08 22:39:53','2026-02-08 22:39:53',0),(331,1,331,'YZ-20260208-0131','单人办公椅','总公司',NULL,1,NULL,NULL,NULL,'2026-02-08 22:39:53','2026-02-08 22:39:53',0),(332,1,332,'YZ-20260208-0132','单人办公椅','总公司',NULL,1,NULL,NULL,NULL,'2026-02-08 22:39:53','2026-02-08 22:39:53',0),(333,1,333,'YZ-20260208-0133','单人办公椅','总公司',NULL,1,NULL,NULL,NULL,'2026-02-08 22:39:53','2026-02-08 22:39:53',0),(334,1,334,'YZ-20260208-0134','单人办公椅','总公司',NULL,1,NULL,NULL,NULL,'2026-02-08 22:39:53','2026-02-08 22:39:53',0),(335,1,335,'YZ-20260208-0135','单人办公椅','总公司',NULL,1,NULL,NULL,NULL,'2026-02-08 22:39:53','2026-02-08 22:39:53',0),(336,1,336,'YZ-20260208-0136','单人办公椅','总公司',NULL,1,NULL,NULL,NULL,'2026-02-08 22:39:53','2026-02-08 22:39:53',0),(337,1,337,'YZ-20260208-0137','单人办公椅','总公司',NULL,1,NULL,NULL,NULL,'2026-02-08 22:39:53','2026-02-08 22:39:53',0),(338,1,338,'YZ-20260208-0138','单人办公椅','总公司',NULL,1,NULL,NULL,NULL,'2026-02-08 22:39:53','2026-02-08 22:39:53',0),(339,1,339,'YZ-20260208-0139','单人办公椅','总公司',NULL,1,NULL,NULL,NULL,'2026-02-08 22:39:53','2026-02-08 22:39:53',0),(340,1,340,'YZ-20260208-0140','单人办公椅','总公司',NULL,1,NULL,NULL,NULL,'2026-02-08 22:39:53','2026-02-08 22:39:53',0),(341,1,341,'YZ-20260208-0141','单人办公椅','总公司',NULL,1,NULL,NULL,NULL,'2026-02-08 22:39:53','2026-02-08 22:39:53',0),(342,1,342,'YZ-20260208-0142','单人办公椅','总公司',NULL,1,NULL,NULL,NULL,'2026-02-08 22:39:53','2026-02-08 22:39:53',0),(343,1,343,'YZ-20260208-0143','单人办公椅','总公司',NULL,1,NULL,NULL,NULL,'2026-02-08 22:39:53','2026-02-08 22:39:53',0),(344,1,344,'YZ-20260208-0144','单人办公椅','总公司',NULL,1,NULL,NULL,NULL,'2026-02-08 22:39:53','2026-02-08 22:39:53',0),(345,1,345,'YZ-20260208-0145','单人办公椅','总公司',NULL,1,NULL,NULL,NULL,'2026-02-08 22:39:53','2026-02-08 22:39:53',0),(346,1,346,'YZ-20260208-0146','单人办公椅','总公司',NULL,1,NULL,NULL,NULL,'2026-02-08 22:39:53','2026-02-08 22:39:53',0),(347,1,347,'YZ-20260208-0147','单人办公椅','总公司',NULL,1,NULL,NULL,NULL,'2026-02-08 22:39:53','2026-02-08 22:39:53',0),(348,1,348,'YZ-20260208-0148','单人办公椅','总公司',NULL,1,NULL,NULL,NULL,'2026-02-08 22:39:53','2026-02-08 22:39:53',0),(349,1,349,'YZ-20260208-0149','单人办公椅','总公司',NULL,1,NULL,NULL,NULL,'2026-02-08 22:39:53','2026-02-08 22:39:53',0),(350,1,350,'YZ-20260208-0150','单人办公椅','总公司',NULL,1,NULL,NULL,NULL,'2026-02-08 22:39:53','2026-02-08 22:39:53',0),(351,2,146,'ZZ-20260208-0096','单人办公桌','维修部','维修部',3,'wangwu01','2026-02-08 22:42:17','','2026-02-08 22:41:23','2026-02-08 22:41:23',0),(352,2,167,'ZZ-20260208-0117','单人办公桌','总公司','总公司',3,'wangwu01','2026-02-08 22:42:19','','2026-02-08 22:41:23','2026-02-08 22:41:23',0),(353,2,266,'YZ-20260208-0066','单人办公椅','资产部','资产部',2,'wangwu01','2026-02-08 22:42:21','','2026-02-08 22:41:23','2026-02-08 22:41:23',0),(354,2,128,'ZZ-20260208-0078','单人办公桌','维修部','维修部',2,'wangwu01','2026-02-08 22:42:23','','2026-02-08 22:41:23','2026-02-08 22:41:23',0),(355,2,147,'ZZ-20260208-0097','单人办公桌','维修部','维修部',2,'wangwu01','2026-02-08 22:42:24','','2026-02-08 22:41:23','2026-02-08 22:41:23',0),(356,2,116,'ZZ-20260208-0066','单人办公桌','财务部','财务部',3,'wangwu01','2026-02-08 22:42:27','','2026-02-08 22:41:23','2026-02-08 22:41:23',0),(357,2,327,'YZ-20260208-0127','单人办公椅','总公司','总公司',3,'wangwu01','2026-02-08 22:42:28','','2026-02-08 22:41:23','2026-02-08 22:41:23',0),(358,2,237,'YZ-20260208-0037','单人办公椅','财务部','财务部',3,'wangwu01','2026-02-08 22:42:29','','2026-02-08 22:41:23','2026-02-08 22:41:23',0),(359,2,103,'ZZ-20260208-0053','单人办公桌','财务部','财务部',3,'wangwu01','2026-02-08 22:42:31','','2026-02-08 22:41:23','2026-02-08 22:41:23',0),(360,2,284,'YZ-20260208-0084','单人办公椅','开发平台','开发平台',2,'wangwu01','2026-02-08 22:41:45','','2026-02-08 22:41:23','2026-02-08 22:41:23',0),(361,2,181,'ZZ-20260208-0131','单人办公桌','总公司','总公司',2,'wangwu01','2026-02-08 22:41:46','','2026-02-08 22:41:23','2026-02-08 22:41:23',0),(362,2,204,'YZ-20260208-0004','单人办公椅','财务部','财务部',2,'wangwu01','2026-02-08 22:41:47','','2026-02-08 22:41:23','2026-02-08 22:41:23',0),(363,2,148,'ZZ-20260208-0098','单人办公桌','维修部','维修部',2,'wangwu01','2026-02-08 22:41:48','','2026-02-08 22:41:23','2026-02-08 22:41:23',0),(364,2,84,'ZZ-20260208-0034','单人办公桌','财务部','财务部',2,'wangwu01','2026-02-08 22:41:49','','2026-02-08 22:41:23','2026-02-08 22:41:23',0),(365,2,316,'YZ-20260208-0116','单人办公椅','开发平台','开发平台',2,'wangwu01','2026-02-08 22:41:51','','2026-02-08 22:41:23','2026-02-08 22:41:23',0),(366,2,113,'ZZ-20260208-0063','单人办公桌','财务部','财务部',2,'wangwu01','2026-02-08 22:41:53','','2026-02-08 22:41:23','2026-02-08 22:41:23',0),(367,2,230,'YZ-20260208-0030','单人办公椅','财务部','',5,'wangwu01','2026-02-08 22:42:00','','2026-02-08 22:41:23','2026-02-08 22:41:23',0),(368,2,213,'YZ-20260208-0013','单人办公椅','财务部','财务部',5,'wangwu01','2026-02-08 22:42:04','','2026-02-08 22:41:23','2026-02-08 22:41:23',0),(369,2,195,'ZZ-20260208-0145','单人办公桌','总公司','总公司',5,'wangwu01','2026-02-08 22:42:05','','2026-02-08 22:41:23','2026-02-08 22:41:23',0),(370,2,5,'JC-20260208-0002','奥迪牌轿车','维修部','维修部',4,'wangwu01','2026-02-08 22:42:14','','2026-02-08 22:41:23','2026-02-08 22:41:23',0),(371,3,4,'JC-20260208-0001','奥迪牌轿车','财务部',NULL,1,NULL,NULL,NULL,'2026-02-08 22:43:01','2026-02-08 22:43:01',0),(372,3,5,'JC-20260208-0002','奥迪牌轿车','维修部',NULL,1,NULL,NULL,NULL,'2026-02-08 22:43:01','2026-02-08 22:43:01',0),(373,3,6,'JC-20260208-0003','奥迪牌轿车','总公司',NULL,1,NULL,NULL,NULL,'2026-02-08 22:43:01','2026-02-08 22:43:01',0),(374,3,7,'JC-20260208-0004','奥迪牌轿车','总公司',NULL,1,NULL,NULL,NULL,'2026-02-08 22:43:01','2026-02-08 22:43:01',0),(375,3,8,'JC-20260208-0005','奥迪牌轿车','总公司',NULL,1,NULL,NULL,NULL,'2026-02-08 22:43:01','2026-02-08 22:43:01',0),(376,3,1,'PKC-20260208-0001','长城牌皮卡车','财务部',NULL,1,NULL,NULL,NULL,'2026-02-08 22:43:01','2026-02-08 22:43:01',0),(377,3,2,'PKC-20260208-0002','长城牌皮卡车','财务部',NULL,1,NULL,NULL,NULL,'2026-02-08 22:43:01','2026-02-08 22:43:01',0),(378,3,3,'PKC-20260208-0003','长城牌皮卡车','维修部',NULL,1,NULL,NULL,NULL,'2026-02-08 22:43:01','2026-02-08 22:43:01',0);
/*!40000 ALTER TABLE `asset_inventory_detail` ENABLE KEYS */;
UNLOCK TABLES;

--
-- Table structure for table `asset_lifecycle`
--

DROP TABLE IF EXISTS `asset_lifecycle`;
/*!40101 SET @saved_cs_client     = @@character_set_client */;
/*!50503 SET character_set_client = utf8mb4 */;
CREATE TABLE `asset_lifecycle` (
  `id` bigint NOT NULL AUTO_INCREMENT COMMENT '主键ID',
  `asset_id` bigint NOT NULL COMMENT '资产ID',
  `from_department_id` bigint DEFAULT NULL COMMENT '变更前部门ID',
  `from_department` varchar(100) DEFAULT NULL COMMENT '变更前部门',
  `to_department_id` bigint DEFAULT NULL COMMENT '变更后部门ID',
  `to_department` varchar(100) DEFAULT NULL COMMENT '变更后部门',
  `from_custodian` varchar(50) DEFAULT NULL COMMENT '变更前责任人',
  `to_custodian` varchar(50) DEFAULT NULL COMMENT '变更后责任人',
  `stage` int NOT NULL COMMENT '生命周期阶段：1-购入 2-使用中 3-维修中 4-闲置 5-报废 6-取消采购',
  `previous_stage` int DEFAULT NULL COMMENT '上一阶段',
  `stage_date` date NOT NULL COMMENT '阶段变更日期',
  `reason` varchar(500) DEFAULT NULL COMMENT '变更原因',
  `operator` varchar(50) NOT NULL COMMENT '操作人',
  `remark` varchar(500) DEFAULT NULL COMMENT '备注',
  `create_time` datetime NOT NULL DEFAULT CURRENT_TIMESTAMP COMMENT '创建时间',
  `update_time` datetime NOT NULL DEFAULT CURRENT_TIMESTAMP ON UPDATE CURRENT_TIMESTAMP COMMENT '更新时间',
  `deleted` tinyint NOT NULL DEFAULT '0' COMMENT '逻辑删除：0-未删除 1-已删除',
  PRIMARY KEY (`id`),
  KEY `idx_asset_id` (`asset_id`),
  KEY `idx_stage` (`stage`),
  KEY `idx_stage_date` (`stage_date`)
) ENGINE=InnoDB AUTO_INCREMENT=886 DEFAULT CHARSET=utf8mb4 COLLATE=utf8mb4_0900_ai_ci COMMENT='资产生命周期记录表';
/*!40101 SET character_set_client = @saved_cs_client */;

--
-- Dumping data for table `asset_lifecycle`
--

LOCK TABLES `asset_lifecycle` WRITE;
/*!40000 ALTER TABLE `asset_lifecycle` DISABLE KEYS */;
INSERT INTO `asset_lifecycle` VALUES (1,1,NULL,NULL,1,'总公司',NULL,'admin',1,NULL,'2026-02-08','采购创建','admin','采购单创建生成','2026-02-08 22:04:34','2026-02-08 22:04:34',0),(2,2,NULL,NULL,1,'总公司',NULL,'admin',1,NULL,'2026-02-08','采购创建','admin','采购单创建生成','2026-02-08 22:04:34','2026-02-08 22:04:34',0),(3,3,NULL,NULL,1,'总公司',NULL,'admin',1,NULL,'2026-02-08','采购创建','admin','采购单创建生成','2026-02-08 22:04:34','2026-02-08 22:04:34',0),(4,4,NULL,NULL,1,'总公司',NULL,'admin',1,NULL,'2026-02-08','采购创建','admin','采购单创建生成','2026-02-08 22:04:34','2026-02-08 22:04:34',0),(5,5,NULL,NULL,1,'总公司',NULL,'admin',1,NULL,'2026-02-08','采购创建','admin','采购单创建生成','2026-02-08 22:04:34','2026-02-08 22:04:34',0),(6,6,NULL,NULL,1,'总公司',NULL,'admin',1,NULL,'2026-02-08','采购创建','admin','采购单创建生成','2026-02-08 22:04:34','2026-02-08 22:04:34',0),(7,7,NULL,NULL,1,'总公司',NULL,'admin',1,NULL,'2026-02-08','采购创建','admin','采购单创建生成','2026-02-08 22:04:34','2026-02-08 22:04:34',0),(8,8,NULL,NULL,1,'总公司',NULL,'admin',1,NULL,'2026-02-08','采购创建','admin','采购单创建生成','2026-02-08 22:04:34','2026-02-08 22:04:34',0),(9,9,NULL,NULL,1,'总公司',NULL,'admin',1,NULL,'2026-02-08','采购创建','admin','采购单创建生成','2026-02-08 22:06:28','2026-02-08 22:06:28',0),(10,10,NULL,NULL,1,'总公司',NULL,'admin',1,NULL,'2026-02-08','采购创建','admin','采购单创建生成','2026-02-08 22:06:28','2026-02-08 22:06:28',0),(11,11,NULL,NULL,1,'总公司',NULL,'admin',1,NULL,'2026-02-08','采购创建','admin','采购单创建生成','2026-02-08 22:08:27','2026-02-08 22:08:27',0),(12,12,NULL,NULL,1,'总公司',NULL,'admin',1,NULL,'2026-02-08','采购创建','admin','采购单创建生成','2026-02-08 22:08:27','2026-02-08 22:08:27',0),(13,13,NULL,NULL,1,'总公司',NULL,'admin',1,NULL,'2026-02-08','采购创建','admin','采购单创建生成','2026-02-08 22:08:27','2026-02-08 22:08:27',0),(14,14,NULL,NULL,1,'总公司',NULL,'admin',1,NULL,'2026-02-08','采购创建','admin','采购单创建生成','2026-02-08 22:08:27','2026-02-08 22:08:27',0),(15,15,NULL,NULL,1,'总公司',NULL,'admin',1,NULL,'2026-02-08','采购创建','admin','采购单创建生成','2026-02-08 22:08:27','2026-02-08 22:08:27',0),(16,16,NULL,NULL,1,'总公司',NULL,'admin',1,NULL,'2026-02-08','采购创建','admin','采购单创建生成','2026-02-08 22:08:27','2026-02-08 22:08:27',0),(17,17,NULL,NULL,1,'总公司',NULL,'admin',1,NULL,'2026-02-08','采购创建','admin','采购单创建生成','2026-02-08 22:08:27','2026-02-08 22:08:27',0),(18,18,NULL,NULL,1,'总公司',NULL,'admin',1,NULL,'2026-02-08','采购创建','admin','采购单创建生成','2026-02-08 22:08:27','2026-02-08 22:08:27',0),(19,19,NULL,NULL,1,'总公司',NULL,'admin',1,NULL,'2026-02-08','采购创建','admin','采购单创建生成','2026-02-08 22:08:27','2026-02-08 22:08:27',0),(20,20,NULL,NULL,1,'总公司',NULL,'admin',1,NULL,'2026-02-08','采购创建','admin','采购单创建生成','2026-02-08 22:08:27','2026-02-08 22:08:27',0),(21,21,NULL,NULL,1,'总公司',NULL,'admin',1,NULL,'2026-02-08','采购创建','admin','采购单创建生成','2026-02-08 22:08:27','2026-02-08 22:08:27',0),(22,22,NULL,NULL,1,'总公司',NULL,'admin',1,NULL,'2026-02-08','采购创建','admin','采购单创建生成','2026-02-08 22:08:27','2026-02-08 22:08:27',0),(23,23,NULL,NULL,1,'总公司',NULL,'admin',1,NULL,'2026-02-08','采购创建','admin','采购单创建生成','2026-02-08 22:08:27','2026-02-08 22:08:27',0),(24,24,NULL,NULL,1,'总公司',NULL,'admin',1,NULL,'2026-02-08','采购创建','admin','采购单创建生成','2026-02-08 22:08:27','2026-02-08 22:08:27',0),(25,25,NULL,NULL,1,'总公司',NULL,'admin',1,NULL,'2026-02-08','采购创建','admin','采购单创建生成','2026-02-08 22:08:27','2026-02-08 22:08:27',0),(26,26,NULL,NULL,1,'总公司',NULL,'admin',1,NULL,'2026-02-08','采购创建','admin','采购单创建生成','2026-02-08 22:08:27','2026-02-08 22:08:27',0),(27,27,NULL,NULL,1,'总公司',NULL,'admin',1,NULL,'2026-02-08','采购创建','admin','采购单创建生成','2026-02-08 22:08:27','2026-02-08 22:08:27',0),(28,28,NULL,NULL,1,'总公司',NULL,'admin',1,NULL,'2026-02-08','采购创建','admin','采购单创建生成','2026-02-08 22:08:27','2026-02-08 22:08:27',0),(29,29,NULL,NULL,1,'总公司',NULL,'admin',1,NULL,'2026-02-08','采购创建','admin','采购单创建生成','2026-02-08 22:08:27','2026-02-08 22:08:27',0),(30,30,NULL,NULL,1,'总公司',NULL,'admin',1,NULL,'2026-02-08','采购创建','admin','采购单创建生成','2026-02-08 22:08:27','2026-02-08 22:08:27',0),(31,31,NULL,NULL,1,'总公司',NULL,'admin',1,NULL,'2026-02-08','采购创建','admin','采购单创建生成','2026-02-08 22:08:27','2026-02-08 22:08:27',0),(32,32,NULL,NULL,1,'总公司',NULL,'admin',1,NULL,'2026-02-08','采购创建','admin','采购单创建生成','2026-02-08 22:08:27','2026-02-08 22:08:27',0),(33,33,NULL,NULL,1,'总公司',NULL,'admin',1,NULL,'2026-02-08','采购创建','admin','采购单创建生成','2026-02-08 22:08:27','2026-02-08 22:08:27',0),(34,34,NULL,NULL,1,'总公司',NULL,'admin',1,NULL,'2026-02-08','采购创建','admin','采购单创建生成','2026-02-08 22:08:27','2026-02-08 22:08:27',0),(35,35,NULL,NULL,1,'总公司',NULL,'admin',1,NULL,'2026-02-08','采购创建','admin','采购单创建生成','2026-02-08 22:08:27','2026-02-08 22:08:27',0),(36,36,NULL,NULL,1,'总公司',NULL,'admin',1,NULL,'2026-02-08','采购创建','admin','采购单创建生成','2026-02-08 22:08:27','2026-02-08 22:08:27',0),(37,37,NULL,NULL,1,'总公司',NULL,'admin',1,NULL,'2026-02-08','采购创建','admin','采购单创建生成','2026-02-08 22:08:27','2026-02-08 22:08:27',0),(38,38,NULL,NULL,1,'总公司',NULL,'admin',1,NULL,'2026-02-08','采购创建','admin','采购单创建生成','2026-02-08 22:08:27','2026-02-08 22:08:27',0),(39,39,NULL,NULL,1,'总公司',NULL,'admin',1,NULL,'2026-02-08','采购创建','admin','采购单创建生成','2026-02-08 22:08:27','2026-02-08 22:08:27',0),(40,40,NULL,NULL,1,'总公司',NULL,'admin',1,NULL,'2026-02-08','采购创建','admin','采购单创建生成','2026-02-08 22:08:27','2026-02-08 22:08:27',0),(41,41,NULL,NULL,1,'总公司',NULL,'admin',1,NULL,'2026-02-08','采购创建','admin','采购单创建生成','2026-02-08 22:08:27','2026-02-08 22:08:27',0),(42,42,NULL,NULL,1,'总公司',NULL,'admin',1,NULL,'2026-02-08','采购创建','admin','采购单创建生成','2026-02-08 22:08:27','2026-02-08 22:08:27',0),(43,43,NULL,NULL,1,'总公司',NULL,'admin',1,NULL,'2026-02-08','采购创建','admin','采购单创建生成','2026-02-08 22:08:27','2026-02-08 22:08:27',0),(44,44,NULL,NULL,1,'总公司',NULL,'admin',1,NULL,'2026-02-08','采购创建','admin','采购单创建生成','2026-02-08 22:08:27','2026-02-08 22:08:27',0),(45,45,NULL,NULL,1,'总公司',NULL,'admin',1,NULL,'2026-02-08','采购创建','admin','采购单创建生成','2026-02-08 22:08:27','2026-02-08 22:08:27',0),(46,46,NULL,NULL,1,'总公司',NULL,'admin',1,NULL,'2026-02-08','采购创建','admin','采购单创建生成','2026-02-08 22:08:27','2026-02-08 22:08:27',0),(47,47,NULL,NULL,1,'总公司',NULL,'admin',1,NULL,'2026-02-08','采购创建','admin','采购单创建生成','2026-02-08 22:08:27','2026-02-08 22:08:27',0),(48,48,NULL,NULL,1,'总公司',NULL,'admin',1,NULL,'2026-02-08','采购创建','admin','采购单创建生成','2026-02-08 22:08:27','2026-02-08 22:08:27',0),(49,49,NULL,NULL,1,'总公司',NULL,'admin',1,NULL,'2026-02-08','采购创建','admin','采购单创建生成','2026-02-08 22:08:27','2026-02-08 22:08:27',0),(50,50,NULL,NULL,1,'总公司',NULL,'admin',1,NULL,'2026-02-08','采购创建','admin','采购单创建生成','2026-02-08 22:08:27','2026-02-08 22:08:27',0),(51,51,NULL,NULL,1,'总公司',NULL,'admin',1,NULL,'2026-02-08','采购创建','admin','采购单创建生成','2026-02-08 22:10:19','2026-02-08 22:10:19',0),(52,52,NULL,NULL,1,'总公司',NULL,'admin',1,NULL,'2026-02-08','采购创建','admin','采购单创建生成','2026-02-08 22:10:19','2026-02-08 22:10:19',0),(53,53,NULL,NULL,1,'总公司',NULL,'admin',1,NULL,'2026-02-08','采购创建','admin','采购单创建生成','2026-02-08 22:10:19','2026-02-08 22:10:19',0),(54,54,NULL,NULL,1,'总公司',NULL,'admin',1,NULL,'2026-02-08','采购创建','admin','采购单创建生成','2026-02-08 22:10:19','2026-02-08 22:10:19',0),(55,55,NULL,NULL,1,'总公司',NULL,'admin',1,NULL,'2026-02-08','采购创建','admin','采购单创建生成','2026-02-08 22:10:19','2026-02-08 22:10:19',0),(56,56,NULL,NULL,1,'总公司',NULL,'admin',1,NULL,'2026-02-08','采购创建','admin','采购单创建生成','2026-02-08 22:10:19','2026-02-08 22:10:19',0),(57,57,NULL,NULL,1,'总公司',NULL,'admin',1,NULL,'2026-02-08','采购创建','admin','采购单创建生成','2026-02-08 22:10:19','2026-02-08 22:10:19',0),(58,58,NULL,NULL,1,'总公司',NULL,'admin',1,NULL,'2026-02-08','采购创建','admin','采购单创建生成','2026-02-08 22:10:19','2026-02-08 22:10:19',0),(59,59,NULL,NULL,1,'总公司',NULL,'admin',1,NULL,'2026-02-08','采购创建','admin','采购单创建生成','2026-02-08 22:10:19','2026-02-08 22:10:19',0),(60,60,NULL,NULL,1,'总公司',NULL,'admin',1,NULL,'2026-02-08','采购创建','admin','采购单创建生成','2026-02-08 22:10:19','2026-02-08 22:10:19',0),(61,61,NULL,NULL,1,'总公司',NULL,'admin',1,NULL,'2026-02-08','采购创建','admin','采购单创建生成','2026-02-08 22:10:19','2026-02-08 22:10:19',0),(62,62,NULL,NULL,1,'总公司',NULL,'admin',1,NULL,'2026-02-08','采购创建','admin','采购单创建生成','2026-02-08 22:10:19','2026-02-08 22:10:19',0),(63,63,NULL,NULL,1,'总公司',NULL,'admin',1,NULL,'2026-02-08','采购创建','admin','采购单创建生成','2026-02-08 22:10:19','2026-02-08 22:10:19',0),(64,64,NULL,NULL,1,'总公司',NULL,'admin',1,NULL,'2026-02-08','采购创建','admin','采购单创建生成','2026-02-08 22:10:19','2026-02-08 22:10:19',0),(65,65,NULL,NULL,1,'总公司',NULL,'admin',1,NULL,'2026-02-08','采购创建','admin','采购单创建生成','2026-02-08 22:10:19','2026-02-08 22:10:19',0),(66,66,NULL,NULL,1,'总公司',NULL,'admin',1,NULL,'2026-02-08','采购创建','admin','采购单创建生成','2026-02-08 22:10:19','2026-02-08 22:10:19',0),(67,67,NULL,NULL,1,'总公司',NULL,'admin',1,NULL,'2026-02-08','采购创建','admin','采购单创建生成','2026-02-08 22:10:19','2026-02-08 22:10:19',0),(68,68,NULL,NULL,1,'总公司',NULL,'admin',1,NULL,'2026-02-08','采购创建','admin','采购单创建生成','2026-02-08 22:10:19','2026-02-08 22:10:19',0),(69,69,NULL,NULL,1,'总公司',NULL,'admin',1,NULL,'2026-02-08','采购创建','admin','采购单创建生成','2026-02-08 22:10:19','2026-02-08 22:10:19',0),(70,70,NULL,NULL,1,'总公司',NULL,'admin',1,NULL,'2026-02-08','采购创建','admin','采购单创建生成','2026-02-08 22:10:19','2026-02-08 22:10:19',0),(71,71,NULL,NULL,1,'总公司',NULL,'admin',1,NULL,'2026-02-08','采购创建','admin','采购单创建生成','2026-02-08 22:10:19','2026-02-08 22:10:19',0),(72,72,NULL,NULL,1,'总公司',NULL,'admin',1,NULL,'2026-02-08','采购创建','admin','采购单创建生成','2026-02-08 22:10:19','2026-02-08 22:10:19',0),(73,73,NULL,NULL,1,'总公司',NULL,'admin',1,NULL,'2026-02-08','采购创建','admin','采购单创建生成','2026-02-08 22:10:19','2026-02-08 22:10:19',0),(74,74,NULL,NULL,1,'总公司',NULL,'admin',1,NULL,'2026-02-08','采购创建','admin','采购单创建生成','2026-02-08 22:10:19','2026-02-08 22:10:19',0),(75,75,NULL,NULL,1,'总公司',NULL,'admin',1,NULL,'2026-02-08','采购创建','admin','采购单创建生成','2026-02-08 22:10:19','2026-02-08 22:10:19',0),(76,76,NULL,NULL,1,'总公司',NULL,'admin',1,NULL,'2026-02-08','采购创建','admin','采购单创建生成','2026-02-08 22:10:19','2026-02-08 22:10:19',0),(77,77,NULL,NULL,1,'总公司',NULL,'admin',1,NULL,'2026-02-08','采购创建','admin','采购单创建生成','2026-02-08 22:10:19','2026-02-08 22:10:19',0),(78,78,NULL,NULL,1,'总公司',NULL,'admin',1,NULL,'2026-02-08','采购创建','admin','采购单创建生成','2026-02-08 22:10:20','2026-02-08 22:10:20',0),(79,79,NULL,NULL,1,'总公司',NULL,'admin',1,NULL,'2026-02-08','采购创建','admin','采购单创建生成','2026-02-08 22:10:20','2026-02-08 22:10:20',0),(80,80,NULL,NULL,1,'总公司',NULL,'admin',1,NULL,'2026-02-08','采购创建','admin','采购单创建生成','2026-02-08 22:10:20','2026-02-08 22:10:20',0),(81,81,NULL,NULL,1,'总公司',NULL,'admin',1,NULL,'2026-02-08','采购创建','admin','采购单创建生成','2026-02-08 22:10:20','2026-02-08 22:10:20',0),(82,82,NULL,NULL,1,'总公司',NULL,'admin',1,NULL,'2026-02-08','采购创建','admin','采购单创建生成','2026-02-08 22:10:20','2026-02-08 22:10:20',0),(83,83,NULL,NULL,1,'总公司',NULL,'admin',1,NULL,'2026-02-08','采购创建','admin','采购单创建生成','2026-02-08 22:10:20','2026-02-08 22:10:20',0),(84,84,NULL,NULL,1,'总公司',NULL,'admin',1,NULL,'2026-02-08','采购创建','admin','采购单创建生成','2026-02-08 22:10:20','2026-02-08 22:10:20',0),(85,85,NULL,NULL,1,'总公司',NULL,'admin',1,NULL,'2026-02-08','采购创建','admin','采购单创建生成','2026-02-08 22:10:20','2026-02-08 22:10:20',0),(86,86,NULL,NULL,1,'总公司',NULL,'admin',1,NULL,'2026-02-08','采购创建','admin','采购单创建生成','2026-02-08 22:10:20','2026-02-08 22:10:20',0),(87,87,NULL,NULL,1,'总公司',NULL,'admin',1,NULL,'2026-02-08','采购创建','admin','采购单创建生成','2026-02-08 22:10:20','2026-02-08 22:10:20',0),(88,88,NULL,NULL,1,'总公司',NULL,'admin',1,NULL,'2026-02-08','采购创建','admin','采购单创建生成','2026-02-08 22:10:20','2026-02-08 22:10:20',0),(89,89,NULL,NULL,1,'总公司',NULL,'admin',1,NULL,'2026-02-08','采购创建','admin','采购单创建生成','2026-02-08 22:10:20','2026-02-08 22:10:20',0),(90,90,NULL,NULL,1,'总公司',NULL,'admin',1,NULL,'2026-02-08','采购创建','admin','采购单创建生成','2026-02-08 22:10:20','2026-02-08 22:10:20',0),(91,91,NULL,NULL,1,'总公司',NULL,'admin',1,NULL,'2026-02-08','采购创建','admin','采购单创建生成','2026-02-08 22:10:20','2026-02-08 22:10:20',0),(92,92,NULL,NULL,1,'总公司',NULL,'admin',1,NULL,'2026-02-08','采购创建','admin','采购单创建生成','2026-02-08 22:10:20','2026-02-08 22:10:20',0),(93,93,NULL,NULL,1,'总公司',NULL,'admin',1,NULL,'2026-02-08','采购创建','admin','采购单创建生成','2026-02-08 22:10:20','2026-02-08 22:10:20',0),(94,94,NULL,NULL,1,'总公司',NULL,'admin',1,NULL,'2026-02-08','采购创建','admin','采购单创建生成','2026-02-08 22:10:20','2026-02-08 22:10:20',0),(95,95,NULL,NULL,1,'总公司',NULL,'admin',1,NULL,'2026-02-08','采购创建','admin','采购单创建生成','2026-02-08 22:10:20','2026-02-08 22:10:20',0),(96,96,NULL,NULL,1,'总公司',NULL,'admin',1,NULL,'2026-02-08','采购创建','admin','采购单创建生成','2026-02-08 22:10:20','2026-02-08 22:10:20',0),(97,97,NULL,NULL,1,'总公司',NULL,'admin',1,NULL,'2026-02-08','采购创建','admin','采购单创建生成','2026-02-08 22:10:20','2026-02-08 22:10:20',0),(98,98,NULL,NULL,1,'总公司',NULL,'admin',1,NULL,'2026-02-08','采购创建','admin','采购单创建生成','2026-02-08 22:10:20','2026-02-08 22:10:20',0),(99,99,NULL,NULL,1,'总公司',NULL,'admin',1,NULL,'2026-02-08','采购创建','admin','采购单创建生成','2026-02-08 22:10:20','2026-02-08 22:10:20',0),(100,100,NULL,NULL,1,'总公司',NULL,'admin',1,NULL,'2026-02-08','采购创建','admin','采购单创建生成','2026-02-08 22:10:20','2026-02-08 22:10:20',0),(101,101,NULL,NULL,1,'总公司',NULL,'admin',1,NULL,'2026-02-08','采购创建','admin','采购单创建生成','2026-02-08 22:10:20','2026-02-08 22:10:20',0),(102,102,NULL,NULL,1,'总公司',NULL,'admin',1,NULL,'2026-02-08','采购创建','admin','采购单创建生成','2026-02-08 22:10:20','2026-02-08 22:10:20',0),(103,103,NULL,NULL,1,'总公司',NULL,'admin',1,NULL,'2026-02-08','采购创建','admin','采购单创建生成','2026-02-08 22:10:20','2026-02-08 22:10:20',0),(104,104,NULL,NULL,1,'总公司',NULL,'admin',1,NULL,'2026-02-08','采购创建','admin','采购单创建生成','2026-02-08 22:10:20','2026-02-08 22:10:20',0),(105,105,NULL,NULL,1,'总公司',NULL,'admin',1,NULL,'2026-02-08','采购创建','admin','采购单创建生成','2026-02-08 22:10:20','2026-02-08 22:10:20',0),(106,106,NULL,NULL,1,'总公司',NULL,'admin',1,NULL,'2026-02-08','采购创建','admin','采购单创建生成','2026-02-08 22:10:20','2026-02-08 22:10:20',0),(107,107,NULL,NULL,1,'总公司',NULL,'admin',1,NULL,'2026-02-08','采购创建','admin','采购单创建生成','2026-02-08 22:10:20','2026-02-08 22:10:20',0),(108,108,NULL,NULL,1,'总公司',NULL,'admin',1,NULL,'2026-02-08','采购创建','admin','采购单创建生成','2026-02-08 22:10:20','2026-02-08 22:10:20',0),(109,109,NULL,NULL,1,'总公司',NULL,'admin',1,NULL,'2026-02-08','采购创建','admin','采购单创建生成','2026-02-08 22:10:20','2026-02-08 22:10:20',0),(110,110,NULL,NULL,1,'总公司',NULL,'admin',1,NULL,'2026-02-08','采购创建','admin','采购单创建生成','2026-02-08 22:10:20','2026-02-08 22:10:20',0),(111,111,NULL,NULL,1,'总公司',NULL,'admin',1,NULL,'2026-02-08','采购创建','admin','采购单创建生成','2026-02-08 22:10:20','2026-02-08 22:10:20',0),(112,112,NULL,NULL,1,'总公司',NULL,'admin',1,NULL,'2026-02-08','采购创建','admin','采购单创建生成','2026-02-08 22:10:20','2026-02-08 22:10:20',0),(113,113,NULL,NULL,1,'总公司',NULL,'admin',1,NULL,'2026-02-08','采购创建','admin','采购单创建生成','2026-02-08 22:10:20','2026-02-08 22:10:20',0),(114,114,NULL,NULL,1,'总公司',NULL,'admin',1,NULL,'2026-02-08','采购创建','admin','采购单创建生成','2026-02-08 22:10:20','2026-02-08 22:10:20',0),(115,115,NULL,NULL,1,'总公司',NULL,'admin',1,NULL,'2026-02-08','采购创建','admin','采购单创建生成','2026-02-08 22:10:20','2026-02-08 22:10:20',0),(116,116,NULL,NULL,1,'总公司',NULL,'admin',1,NULL,'2026-02-08','采购创建','admin','采购单创建生成','2026-02-08 22:10:20','2026-02-08 22:10:20',0),(117,117,NULL,NULL,1,'总公司',NULL,'admin',1,NULL,'2026-02-08','采购创建','admin','采购单创建生成','2026-02-08 22:10:20','2026-02-08 22:10:20',0),(118,118,NULL,NULL,1,'总公司',NULL,'admin',1,NULL,'2026-02-08','采购创建','admin','采购单创建生成','2026-02-08 22:10:20','2026-02-08 22:10:20',0),(119,119,NULL,NULL,1,'总公司',NULL,'admin',1,NULL,'2026-02-08','采购创建','admin','采购单创建生成','2026-02-08 22:10:20','2026-02-08 22:10:20',0),(120,120,NULL,NULL,1,'总公司',NULL,'admin',1,NULL,'2026-02-08','采购创建','admin','采购单创建生成','2026-02-08 22:10:20','2026-02-08 22:10:20',0),(121,121,NULL,NULL,1,'总公司',NULL,'admin',1,NULL,'2026-02-08','采购创建','admin','采购单创建生成','2026-02-08 22:10:20','2026-02-08 22:10:20',0),(122,122,NULL,NULL,1,'总公司',NULL,'admin',1,NULL,'2026-02-08','采购创建','admin','采购单创建生成','2026-02-08 22:10:20','2026-02-08 22:10:20',0),(123,123,NULL,NULL,1,'总公司',NULL,'admin',1,NULL,'2026-02-08','采购创建','admin','采购单创建生成','2026-02-08 22:10:20','2026-02-08 22:10:20',0),(124,124,NULL,NULL,1,'总公司',NULL,'admin',1,NULL,'2026-02-08','采购创建','admin','采购单创建生成','2026-02-08 22:10:20','2026-02-08 22:10:20',0),(125,125,NULL,NULL,1,'总公司',NULL,'admin',1,NULL,'2026-02-08','采购创建','admin','采购单创建生成','2026-02-08 22:10:20','2026-02-08 22:10:20',0),(126,126,NULL,NULL,1,'总公司',NULL,'admin',1,NULL,'2026-02-08','采购创建','admin','采购单创建生成','2026-02-08 22:10:20','2026-02-08 22:10:20',0),(127,127,NULL,NULL,1,'总公司',NULL,'admin',1,NULL,'2026-02-08','采购创建','admin','采购单创建生成','2026-02-08 22:10:20','2026-02-08 22:10:20',0),(128,128,NULL,NULL,1,'总公司',NULL,'admin',1,NULL,'2026-02-08','采购创建','admin','采购单创建生成','2026-02-08 22:10:20','2026-02-08 22:10:20',0),(129,129,NULL,NULL,1,'总公司',NULL,'admin',1,NULL,'2026-02-08','采购创建','admin','采购单创建生成','2026-02-08 22:10:20','2026-02-08 22:10:20',0),(130,130,NULL,NULL,1,'总公司',NULL,'admin',1,NULL,'2026-02-08','采购创建','admin','采购单创建生成','2026-02-08 22:10:20','2026-02-08 22:10:20',0),(131,131,NULL,NULL,1,'总公司',NULL,'admin',1,NULL,'2026-02-08','采购创建','admin','采购单创建生成','2026-02-08 22:10:20','2026-02-08 22:10:20',0),(132,132,NULL,NULL,1,'总公司',NULL,'admin',1,NULL,'2026-02-08','采购创建','admin','采购单创建生成','2026-02-08 22:10:20','2026-02-08 22:10:20',0),(133,133,NULL,NULL,1,'总公司',NULL,'admin',1,NULL,'2026-02-08','采购创建','admin','采购单创建生成','2026-02-08 22:10:20','2026-02-08 22:10:20',0),(134,134,NULL,NULL,1,'总公司',NULL,'admin',1,NULL,'2026-02-08','采购创建','admin','采购单创建生成','2026-02-08 22:10:20','2026-02-08 22:10:20',0),(135,135,NULL,NULL,1,'总公司',NULL,'admin',1,NULL,'2026-02-08','采购创建','admin','采购单创建生成','2026-02-08 22:10:20','2026-02-08 22:10:20',0),(136,136,NULL,NULL,1,'总公司',NULL,'admin',1,NULL,'2026-02-08','采购创建','admin','采购单创建生成','2026-02-08 22:10:20','2026-02-08 22:10:20',0),(137,137,NULL,NULL,1,'总公司',NULL,'admin',1,NULL,'2026-02-08','采购创建','admin','采购单创建生成','2026-02-08 22:10:20','2026-02-08 22:10:20',0),(138,138,NULL,NULL,1,'总公司',NULL,'admin',1,NULL,'2026-02-08','采购创建','admin','采购单创建生成','2026-02-08 22:10:20','2026-02-08 22:10:20',0),(139,139,NULL,NULL,1,'总公司',NULL,'admin',1,NULL,'2026-02-08','采购创建','admin','采购单创建生成','2026-02-08 22:10:20','2026-02-08 22:10:20',0),(140,140,NULL,NULL,1,'总公司',NULL,'admin',1,NULL,'2026-02-08','采购创建','admin','采购单创建生成','2026-02-08 22:10:20','2026-02-08 22:10:20',0),(141,141,NULL,NULL,1,'总公司',NULL,'admin',1,NULL,'2026-02-08','采购创建','admin','采购单创建生成','2026-02-08 22:10:20','2026-02-08 22:10:20',0),(142,142,NULL,NULL,1,'总公司',NULL,'admin',1,NULL,'2026-02-08','采购创建','admin','采购单创建生成','2026-02-08 22:10:20','2026-02-08 22:10:20',0),(143,143,NULL,NULL,1,'总公司',NULL,'admin',1,NULL,'2026-02-08','采购创建','admin','采购单创建生成','2026-02-08 22:10:20','2026-02-08 22:10:20',0),(144,144,NULL,NULL,1,'总公司',NULL,'admin',1,NULL,'2026-02-08','采购创建','admin','采购单创建生成','2026-02-08 22:10:20','2026-02-08 22:10:20',0),(145,145,NULL,NULL,1,'总公司',NULL,'admin',1,NULL,'2026-02-08','采购创建','admin','采购单创建生成','2026-02-08 22:10:20','2026-02-08 22:10:20',0),(146,146,NULL,NULL,1,'总公司',NULL,'admin',1,NULL,'2026-02-08','采购创建','admin','采购单创建生成','2026-02-08 22:10:20','2026-02-08 22:10:20',0),(147,147,NULL,NULL,1,'总公司',NULL,'admin',1,NULL,'2026-02-08','采购创建','admin','采购单创建生成','2026-02-08 22:10:20','2026-02-08 22:10:20',0),(148,148,NULL,NULL,1,'总公司',NULL,'admin',1,NULL,'2026-02-08','采购创建','admin','采购单创建生成','2026-02-08 22:10:20','2026-02-08 22:10:20',0),(149,149,NULL,NULL,1,'总公司',NULL,'admin',1,NULL,'2026-02-08','采购创建','admin','采购单创建生成','2026-02-08 22:10:20','2026-02-08 22:10:20',0),(150,150,NULL,NULL,1,'总公司',NULL,'admin',1,NULL,'2026-02-08','采购创建','admin','采购单创建生成','2026-02-08 22:10:20','2026-02-08 22:10:20',0),(151,151,NULL,NULL,1,'总公司',NULL,'admin',1,NULL,'2026-02-08','采购创建','admin','采购单创建生成','2026-02-08 22:10:21','2026-02-08 22:10:21',0),(152,152,NULL,NULL,1,'总公司',NULL,'admin',1,NULL,'2026-02-08','采购创建','admin','采购单创建生成','2026-02-08 22:10:21','2026-02-08 22:10:21',0),(153,153,NULL,NULL,1,'总公司',NULL,'admin',1,NULL,'2026-02-08','采购创建','admin','采购单创建生成','2026-02-08 22:10:21','2026-02-08 22:10:21',0),(154,154,NULL,NULL,1,'总公司',NULL,'admin',1,NULL,'2026-02-08','采购创建','admin','采购单创建生成','2026-02-08 22:10:21','2026-02-08 22:10:21',0),(155,155,NULL,NULL,1,'总公司',NULL,'admin',1,NULL,'2026-02-08','采购创建','admin','采购单创建生成','2026-02-08 22:10:21','2026-02-08 22:10:21',0),(156,156,NULL,NULL,1,'总公司',NULL,'admin',1,NULL,'2026-02-08','采购创建','admin','采购单创建生成','2026-02-08 22:10:21','2026-02-08 22:10:21',0),(157,157,NULL,NULL,1,'总公司',NULL,'admin',1,NULL,'2026-02-08','采购创建','admin','采购单创建生成','2026-02-08 22:10:21','2026-02-08 22:10:21',0),(158,158,NULL,NULL,1,'总公司',NULL,'admin',1,NULL,'2026-02-08','采购创建','admin','采购单创建生成','2026-02-08 22:10:21','2026-02-08 22:10:21',0),(159,159,NULL,NULL,1,'总公司',NULL,'admin',1,NULL,'2026-02-08','采购创建','admin','采购单创建生成','2026-02-08 22:10:21','2026-02-08 22:10:21',0),(160,160,NULL,NULL,1,'总公司',NULL,'admin',1,NULL,'2026-02-08','采购创建','admin','采购单创建生成','2026-02-08 22:10:21','2026-02-08 22:10:21',0),(161,161,NULL,NULL,1,'总公司',NULL,'admin',1,NULL,'2026-02-08','采购创建','admin','采购单创建生成','2026-02-08 22:10:21','2026-02-08 22:10:21',0),(162,162,NULL,NULL,1,'总公司',NULL,'admin',1,NULL,'2026-02-08','采购创建','admin','采购单创建生成','2026-02-08 22:10:21','2026-02-08 22:10:21',0),(163,163,NULL,NULL,1,'总公司',NULL,'admin',1,NULL,'2026-02-08','采购创建','admin','采购单创建生成','2026-02-08 22:10:21','2026-02-08 22:10:21',0),(164,164,NULL,NULL,1,'总公司',NULL,'admin',1,NULL,'2026-02-08','采购创建','admin','采购单创建生成','2026-02-08 22:10:21','2026-02-08 22:10:21',0),(165,165,NULL,NULL,1,'总公司',NULL,'admin',1,NULL,'2026-02-08','采购创建','admin','采购单创建生成','2026-02-08 22:10:21','2026-02-08 22:10:21',0),(166,166,NULL,NULL,1,'总公司',NULL,'admin',1,NULL,'2026-02-08','采购创建','admin','采购单创建生成','2026-02-08 22:10:21','2026-02-08 22:10:21',0),(167,167,NULL,NULL,1,'总公司',NULL,'admin',1,NULL,'2026-02-08','采购创建','admin','采购单创建生成','2026-02-08 22:10:21','2026-02-08 22:10:21',0),(168,168,NULL,NULL,1,'总公司',NULL,'admin',1,NULL,'2026-02-08','采购创建','admin','采购单创建生成','2026-02-08 22:10:21','2026-02-08 22:10:21',0),(169,169,NULL,NULL,1,'总公司',NULL,'admin',1,NULL,'2026-02-08','采购创建','admin','采购单创建生成','2026-02-08 22:10:21','2026-02-08 22:10:21',0),(170,170,NULL,NULL,1,'总公司',NULL,'admin',1,NULL,'2026-02-08','采购创建','admin','采购单创建生成','2026-02-08 22:10:21','2026-02-08 22:10:21',0),(171,171,NULL,NULL,1,'总公司',NULL,'admin',1,NULL,'2026-02-08','采购创建','admin','采购单创建生成','2026-02-08 22:10:21','2026-02-08 22:10:21',0),(172,172,NULL,NULL,1,'总公司',NULL,'admin',1,NULL,'2026-02-08','采购创建','admin','采购单创建生成','2026-02-08 22:10:21','2026-02-08 22:10:21',0),(173,173,NULL,NULL,1,'总公司',NULL,'admin',1,NULL,'2026-02-08','采购创建','admin','采购单创建生成','2026-02-08 22:10:21','2026-02-08 22:10:21',0),(174,174,NULL,NULL,1,'总公司',NULL,'admin',1,NULL,'2026-02-08','采购创建','admin','采购单创建生成','2026-02-08 22:10:21','2026-02-08 22:10:21',0),(175,175,NULL,NULL,1,'总公司',NULL,'admin',1,NULL,'2026-02-08','采购创建','admin','采购单创建生成','2026-02-08 22:10:21','2026-02-08 22:10:21',0),(176,176,NULL,NULL,1,'总公司',NULL,'admin',1,NULL,'2026-02-08','采购创建','admin','采购单创建生成','2026-02-08 22:10:21','2026-02-08 22:10:21',0),(177,177,NULL,NULL,1,'总公司',NULL,'admin',1,NULL,'2026-02-08','采购创建','admin','采购单创建生成','2026-02-08 22:10:21','2026-02-08 22:10:21',0),(178,178,NULL,NULL,1,'总公司',NULL,'admin',1,NULL,'2026-02-08','采购创建','admin','采购单创建生成','2026-02-08 22:10:21','2026-02-08 22:10:21',0),(179,179,NULL,NULL,1,'总公司',NULL,'admin',1,NULL,'2026-02-08','采购创建','admin','采购单创建生成','2026-02-08 22:10:21','2026-02-08 22:10:21',0),(180,180,NULL,NULL,1,'总公司',NULL,'admin',1,NULL,'2026-02-08','采购创建','admin','采购单创建生成','2026-02-08 22:10:21','2026-02-08 22:10:21',0),(181,181,NULL,NULL,1,'总公司',NULL,'admin',1,NULL,'2026-02-08','采购创建','admin','采购单创建生成','2026-02-08 22:10:21','2026-02-08 22:10:21',0),(182,182,NULL,NULL,1,'总公司',NULL,'admin',1,NULL,'2026-02-08','采购创建','admin','采购单创建生成','2026-02-08 22:10:21','2026-02-08 22:10:21',0),(183,183,NULL,NULL,1,'总公司',NULL,'admin',1,NULL,'2026-02-08','采购创建','admin','采购单创建生成','2026-02-08 22:10:21','2026-02-08 22:10:21',0),(184,184,NULL,NULL,1,'总公司',NULL,'admin',1,NULL,'2026-02-08','采购创建','admin','采购单创建生成','2026-02-08 22:10:21','2026-02-08 22:10:21',0),(185,185,NULL,NULL,1,'总公司',NULL,'admin',1,NULL,'2026-02-08','采购创建','admin','采购单创建生成','2026-02-08 22:10:21','2026-02-08 22:10:21',0),(186,186,NULL,NULL,1,'总公司',NULL,'admin',1,NULL,'2026-02-08','采购创建','admin','采购单创建生成','2026-02-08 22:10:21','2026-02-08 22:10:21',0),(187,187,NULL,NULL,1,'总公司',NULL,'admin',1,NULL,'2026-02-08','采购创建','admin','采购单创建生成','2026-02-08 22:10:21','2026-02-08 22:10:21',0),(188,188,NULL,NULL,1,'总公司',NULL,'admin',1,NULL,'2026-02-08','采购创建','admin','采购单创建生成','2026-02-08 22:10:21','2026-02-08 22:10:21',0),(189,189,NULL,NULL,1,'总公司',NULL,'admin',1,NULL,'2026-02-08','采购创建','admin','采购单创建生成','2026-02-08 22:10:21','2026-02-08 22:10:21',0),(190,190,NULL,NULL,1,'总公司',NULL,'admin',1,NULL,'2026-02-08','采购创建','admin','采购单创建生成','2026-02-08 22:10:21','2026-02-08 22:10:21',0),(191,191,NULL,NULL,1,'总公司',NULL,'admin',1,NULL,'2026-02-08','采购创建','admin','采购单创建生成','2026-02-08 22:10:21','2026-02-08 22:10:21',0),(192,192,NULL,NULL,1,'总公司',NULL,'admin',1,NULL,'2026-02-08','采购创建','admin','采购单创建生成','2026-02-08 22:10:21','2026-02-08 22:10:21',0),(193,193,NULL,NULL,1,'总公司',NULL,'admin',1,NULL,'2026-02-08','采购创建','admin','采购单创建生成','2026-02-08 22:10:21','2026-02-08 22:10:21',0),(194,194,NULL,NULL,1,'总公司',NULL,'admin',1,NULL,'2026-02-08','采购创建','admin','采购单创建生成','2026-02-08 22:10:21','2026-02-08 22:10:21',0),(195,195,NULL,NULL,1,'总公司',NULL,'admin',1,NULL,'2026-02-08','采购创建','admin','采购单创建生成','2026-02-08 22:10:21','2026-02-08 22:10:21',0),(196,196,NULL,NULL,1,'总公司',NULL,'admin',1,NULL,'2026-02-08','采购创建','admin','采购单创建生成','2026-02-08 22:10:21','2026-02-08 22:10:21',0),(197,197,NULL,NULL,1,'总公司',NULL,'admin',1,NULL,'2026-02-08','采购创建','admin','采购单创建生成','2026-02-08 22:10:21','2026-02-08 22:10:21',0),(198,198,NULL,NULL,1,'总公司',NULL,'admin',1,NULL,'2026-02-08','采购创建','admin','采购单创建生成','2026-02-08 22:10:21','2026-02-08 22:10:21',0),(199,199,NULL,NULL,1,'总公司',NULL,'admin',1,NULL,'2026-02-08','采购创建','admin','采购单创建生成','2026-02-08 22:10:21','2026-02-08 22:10:21',0),(200,200,NULL,NULL,1,'总公司',NULL,'admin',1,NULL,'2026-02-08','采购创建','admin','采购单创建生成','2026-02-08 22:10:21','2026-02-08 22:10:21',0),(201,201,NULL,NULL,1,'总公司',NULL,'admin',1,NULL,'2026-02-08','采购创建','admin','采购单创建生成','2026-02-08 22:10:21','2026-02-08 22:10:21',0),(202,202,NULL,NULL,1,'总公司',NULL,'admin',1,NULL,'2026-02-08','采购创建','admin','采购单创建生成','2026-02-08 22:10:21','2026-02-08 22:10:21',0),(203,203,NULL,NULL,1,'总公司',NULL,'admin',1,NULL,'2026-02-08','采购创建','admin','采购单创建生成','2026-02-08 22:10:21','2026-02-08 22:10:21',0),(204,204,NULL,NULL,1,'总公司',NULL,'admin',1,NULL,'2026-02-08','采购创建','admin','采购单创建生成','2026-02-08 22:10:21','2026-02-08 22:10:21',0),(205,205,NULL,NULL,1,'总公司',NULL,'admin',1,NULL,'2026-02-08','采购创建','admin','采购单创建生成','2026-02-08 22:10:21','2026-02-08 22:10:21',0),(206,206,NULL,NULL,1,'总公司',NULL,'admin',1,NULL,'2026-02-08','采购创建','admin','采购单创建生成','2026-02-08 22:10:21','2026-02-08 22:10:21',0),(207,207,NULL,NULL,1,'总公司',NULL,'admin',1,NULL,'2026-02-08','采购创建','admin','采购单创建生成','2026-02-08 22:10:21','2026-02-08 22:10:21',0),(208,208,NULL,NULL,1,'总公司',NULL,'admin',1,NULL,'2026-02-08','采购创建','admin','采购单创建生成','2026-02-08 22:10:21','2026-02-08 22:10:21',0),(209,209,NULL,NULL,1,'总公司',NULL,'admin',1,NULL,'2026-02-08','采购创建','admin','采购单创建生成','2026-02-08 22:10:21','2026-02-08 22:10:21',0),(210,210,NULL,NULL,1,'总公司',NULL,'admin',1,NULL,'2026-02-08','采购创建','admin','采购单创建生成','2026-02-08 22:10:21','2026-02-08 22:10:21',0),(211,211,NULL,NULL,1,'总公司',NULL,'admin',1,NULL,'2026-02-08','采购创建','admin','采购单创建生成','2026-02-08 22:10:21','2026-02-08 22:10:21',0),(212,212,NULL,NULL,1,'总公司',NULL,'admin',1,NULL,'2026-02-08','采购创建','admin','采购单创建生成','2026-02-08 22:10:21','2026-02-08 22:10:21',0),(213,213,NULL,NULL,1,'总公司',NULL,'admin',1,NULL,'2026-02-08','采购创建','admin','采购单创建生成','2026-02-08 22:10:21','2026-02-08 22:10:21',0),(214,214,NULL,NULL,1,'总公司',NULL,'admin',1,NULL,'2026-02-08','采购创建','admin','采购单创建生成','2026-02-08 22:10:21','2026-02-08 22:10:21',0),(215,215,NULL,NULL,1,'总公司',NULL,'admin',1,NULL,'2026-02-08','采购创建','admin','采购单创建生成','2026-02-08 22:10:21','2026-02-08 22:10:21',0),(216,216,NULL,NULL,1,'总公司',NULL,'admin',1,NULL,'2026-02-08','采购创建','admin','采购单创建生成','2026-02-08 22:10:21','2026-02-08 22:10:21',0),(217,217,NULL,NULL,1,'总公司',NULL,'admin',1,NULL,'2026-02-08','采购创建','admin','采购单创建生成','2026-02-08 22:10:21','2026-02-08 22:10:21',0),(218,218,NULL,NULL,1,'总公司',NULL,'admin',1,NULL,'2026-02-08','采购创建','admin','采购单创建生成','2026-02-08 22:10:21','2026-02-08 22:10:21',0),(219,219,NULL,NULL,1,'总公司',NULL,'admin',1,NULL,'2026-02-08','采购创建','admin','采购单创建生成','2026-02-08 22:10:21','2026-02-08 22:10:21',0),(220,220,NULL,NULL,1,'总公司',NULL,'admin',1,NULL,'2026-02-08','采购创建','admin','采购单创建生成','2026-02-08 22:10:21','2026-02-08 22:10:21',0),(221,221,NULL,NULL,1,'总公司',NULL,'admin',1,NULL,'2026-02-08','采购创建','admin','采购单创建生成','2026-02-08 22:10:21','2026-02-08 22:10:21',0),(222,222,NULL,NULL,1,'总公司',NULL,'admin',1,NULL,'2026-02-08','采购创建','admin','采购单创建生成','2026-02-08 22:10:21','2026-02-08 22:10:21',0),(223,223,NULL,NULL,1,'总公司',NULL,'admin',1,NULL,'2026-02-08','采购创建','admin','采购单创建生成','2026-02-08 22:10:21','2026-02-08 22:10:21',0),(224,224,NULL,NULL,1,'总公司',NULL,'admin',1,NULL,'2026-02-08','采购创建','admin','采购单创建生成','2026-02-08 22:10:21','2026-02-08 22:10:21',0),(225,225,NULL,NULL,1,'总公司',NULL,'admin',1,NULL,'2026-02-08','采购创建','admin','采购单创建生成','2026-02-08 22:10:21','2026-02-08 22:10:21',0),(226,226,NULL,NULL,1,'总公司',NULL,'admin',1,NULL,'2026-02-08','采购创建','admin','采购单创建生成','2026-02-08 22:10:21','2026-02-08 22:10:21',0),(227,227,NULL,NULL,1,'总公司',NULL,'admin',1,NULL,'2026-02-08','采购创建','admin','采购单创建生成','2026-02-08 22:10:21','2026-02-08 22:10:21',0),(228,228,NULL,NULL,1,'总公司',NULL,'admin',1,NULL,'2026-02-08','采购创建','admin','采购单创建生成','2026-02-08 22:10:21','2026-02-08 22:10:21',0),(229,229,NULL,NULL,1,'总公司',NULL,'admin',1,NULL,'2026-02-08','采购创建','admin','采购单创建生成','2026-02-08 22:10:22','2026-02-08 22:10:22',0),(230,230,NULL,NULL,1,'总公司',NULL,'admin',1,NULL,'2026-02-08','采购创建','admin','采购单创建生成','2026-02-08 22:10:22','2026-02-08 22:10:22',0),(231,231,NULL,NULL,1,'总公司',NULL,'admin',1,NULL,'2026-02-08','采购创建','admin','采购单创建生成','2026-02-08 22:10:22','2026-02-08 22:10:22',0),(232,232,NULL,NULL,1,'总公司',NULL,'admin',1,NULL,'2026-02-08','采购创建','admin','采购单创建生成','2026-02-08 22:10:22','2026-02-08 22:10:22',0),(233,233,NULL,NULL,1,'总公司',NULL,'admin',1,NULL,'2026-02-08','采购创建','admin','采购单创建生成','2026-02-08 22:10:22','2026-02-08 22:10:22',0),(234,234,NULL,NULL,1,'总公司',NULL,'admin',1,NULL,'2026-02-08','采购创建','admin','采购单创建生成','2026-02-08 22:10:22','2026-02-08 22:10:22',0),(235,235,NULL,NULL,1,'总公司',NULL,'admin',1,NULL,'2026-02-08','采购创建','admin','采购单创建生成','2026-02-08 22:10:22','2026-02-08 22:10:22',0),(236,236,NULL,NULL,1,'总公司',NULL,'admin',1,NULL,'2026-02-08','采购创建','admin','采购单创建生成','2026-02-08 22:10:22','2026-02-08 22:10:22',0),(237,237,NULL,NULL,1,'总公司',NULL,'admin',1,NULL,'2026-02-08','采购创建','admin','采购单创建生成','2026-02-08 22:10:22','2026-02-08 22:10:22',0),(238,238,NULL,NULL,1,'总公司',NULL,'admin',1,NULL,'2026-02-08','采购创建','admin','采购单创建生成','2026-02-08 22:10:22','2026-02-08 22:10:22',0),(239,239,NULL,NULL,1,'总公司',NULL,'admin',1,NULL,'2026-02-08','采购创建','admin','采购单创建生成','2026-02-08 22:10:22','2026-02-08 22:10:22',0),(240,240,NULL,NULL,1,'总公司',NULL,'admin',1,NULL,'2026-02-08','采购创建','admin','采购单创建生成','2026-02-08 22:10:22','2026-02-08 22:10:22',0),(241,241,NULL,NULL,1,'总公司',NULL,'admin',1,NULL,'2026-02-08','采购创建','admin','采购单创建生成','2026-02-08 22:10:22','2026-02-08 22:10:22',0),(242,242,NULL,NULL,1,'总公司',NULL,'admin',1,NULL,'2026-02-08','采购创建','admin','采购单创建生成','2026-02-08 22:10:22','2026-02-08 22:10:22',0),(243,243,NULL,NULL,1,'总公司',NULL,'admin',1,NULL,'2026-02-08','采购创建','admin','采购单创建生成','2026-02-08 22:10:22','2026-02-08 22:10:22',0),(244,244,NULL,NULL,1,'总公司',NULL,'admin',1,NULL,'2026-02-08','采购创建','admin','采购单创建生成','2026-02-08 22:10:22','2026-02-08 22:10:22',0),(245,245,NULL,NULL,1,'总公司',NULL,'admin',1,NULL,'2026-02-08','采购创建','admin','采购单创建生成','2026-02-08 22:10:22','2026-02-08 22:10:22',0),(246,246,NULL,NULL,1,'总公司',NULL,'admin',1,NULL,'2026-02-08','采购创建','admin','采购单创建生成','2026-02-08 22:10:22','2026-02-08 22:10:22',0),(247,247,NULL,NULL,1,'总公司',NULL,'admin',1,NULL,'2026-02-08','采购创建','admin','采购单创建生成','2026-02-08 22:10:22','2026-02-08 22:10:22',0),(248,248,NULL,NULL,1,'总公司',NULL,'admin',1,NULL,'2026-02-08','采购创建','admin','采购单创建生成','2026-02-08 22:10:22','2026-02-08 22:10:22',0),(249,249,NULL,NULL,1,'总公司',NULL,'admin',1,NULL,'2026-02-08','采购创建','admin','采购单创建生成','2026-02-08 22:10:22','2026-02-08 22:10:22',0),(250,250,NULL,NULL,1,'总公司',NULL,'admin',1,NULL,'2026-02-08','采购创建','admin','采购单创建生成','2026-02-08 22:10:22','2026-02-08 22:10:22',0),(251,251,NULL,NULL,1,'总公司',NULL,'admin',1,NULL,'2026-02-08','采购创建','admin','采购单创建生成','2026-02-08 22:10:22','2026-02-08 22:10:22',0),(252,252,NULL,NULL,1,'总公司',NULL,'admin',1,NULL,'2026-02-08','采购创建','admin','采购单创建生成','2026-02-08 22:10:22','2026-02-08 22:10:22',0),(253,253,NULL,NULL,1,'总公司',NULL,'admin',1,NULL,'2026-02-08','采购创建','admin','采购单创建生成','2026-02-08 22:10:22','2026-02-08 22:10:22',0),(254,254,NULL,NULL,1,'总公司',NULL,'admin',1,NULL,'2026-02-08','采购创建','admin','采购单创建生成','2026-02-08 22:10:22','2026-02-08 22:10:22',0),(255,255,NULL,NULL,1,'总公司',NULL,'admin',1,NULL,'2026-02-08','采购创建','admin','采购单创建生成','2026-02-08 22:10:22','2026-02-08 22:10:22',0),(256,256,NULL,NULL,1,'总公司',NULL,'admin',1,NULL,'2026-02-08','采购创建','admin','采购单创建生成','2026-02-08 22:10:22','2026-02-08 22:10:22',0),(257,257,NULL,NULL,1,'总公司',NULL,'admin',1,NULL,'2026-02-08','采购创建','admin','采购单创建生成','2026-02-08 22:10:22','2026-02-08 22:10:22',0),(258,258,NULL,NULL,1,'总公司',NULL,'admin',1,NULL,'2026-02-08','采购创建','admin','采购单创建生成','2026-02-08 22:10:22','2026-02-08 22:10:22',0),(259,259,NULL,NULL,1,'总公司',NULL,'admin',1,NULL,'2026-02-08','采购创建','admin','采购单创建生成','2026-02-08 22:10:22','2026-02-08 22:10:22',0),(260,260,NULL,NULL,1,'总公司',NULL,'admin',1,NULL,'2026-02-08','采购创建','admin','采购单创建生成','2026-02-08 22:10:22','2026-02-08 22:10:22',0),(261,261,NULL,NULL,1,'总公司',NULL,'admin',1,NULL,'2026-02-08','采购创建','admin','采购单创建生成','2026-02-08 22:10:22','2026-02-08 22:10:22',0),(262,262,NULL,NULL,1,'总公司',NULL,'admin',1,NULL,'2026-02-08','采购创建','admin','采购单创建生成','2026-02-08 22:10:22','2026-02-08 22:10:22',0),(263,263,NULL,NULL,1,'总公司',NULL,'admin',1,NULL,'2026-02-08','采购创建','admin','采购单创建生成','2026-02-08 22:10:22','2026-02-08 22:10:22',0),(264,264,NULL,NULL,1,'总公司',NULL,'admin',1,NULL,'2026-02-08','采购创建','admin','采购单创建生成','2026-02-08 22:10:22','2026-02-08 22:10:22',0),(265,265,NULL,NULL,1,'总公司',NULL,'admin',1,NULL,'2026-02-08','采购创建','admin','采购单创建生成','2026-02-08 22:10:22','2026-02-08 22:10:22',0),(266,266,NULL,NULL,1,'总公司',NULL,'admin',1,NULL,'2026-02-08','采购创建','admin','采购单创建生成','2026-02-08 22:10:22','2026-02-08 22:10:22',0),(267,267,NULL,NULL,1,'总公司',NULL,'admin',1,NULL,'2026-02-08','采购创建','admin','采购单创建生成','2026-02-08 22:10:22','2026-02-08 22:10:22',0),(268,268,NULL,NULL,1,'总公司',NULL,'admin',1,NULL,'2026-02-08','采购创建','admin','采购单创建生成','2026-02-08 22:10:22','2026-02-08 22:10:22',0),(269,269,NULL,NULL,1,'总公司',NULL,'admin',1,NULL,'2026-02-08','采购创建','admin','采购单创建生成','2026-02-08 22:10:22','2026-02-08 22:10:22',0),(270,270,NULL,NULL,1,'总公司',NULL,'admin',1,NULL,'2026-02-08','采购创建','admin','采购单创建生成','2026-02-08 22:10:22','2026-02-08 22:10:22',0),(271,271,NULL,NULL,1,'总公司',NULL,'admin',1,NULL,'2026-02-08','采购创建','admin','采购单创建生成','2026-02-08 22:10:22','2026-02-08 22:10:22',0),(272,272,NULL,NULL,1,'总公司',NULL,'admin',1,NULL,'2026-02-08','采购创建','admin','采购单创建生成','2026-02-08 22:10:22','2026-02-08 22:10:22',0),(273,273,NULL,NULL,1,'总公司',NULL,'admin',1,NULL,'2026-02-08','采购创建','admin','采购单创建生成','2026-02-08 22:10:22','2026-02-08 22:10:22',0),(274,274,NULL,NULL,1,'总公司',NULL,'admin',1,NULL,'2026-02-08','采购创建','admin','采购单创建生成','2026-02-08 22:10:22','2026-02-08 22:10:22',0),(275,275,NULL,NULL,1,'总公司',NULL,'admin',1,NULL,'2026-02-08','采购创建','admin','采购单创建生成','2026-02-08 22:10:22','2026-02-08 22:10:22',0),(276,276,NULL,NULL,1,'总公司',NULL,'admin',1,NULL,'2026-02-08','采购创建','admin','采购单创建生成','2026-02-08 22:10:22','2026-02-08 22:10:22',0),(277,277,NULL,NULL,1,'总公司',NULL,'admin',1,NULL,'2026-02-08','采购创建','admin','采购单创建生成','2026-02-08 22:10:22','2026-02-08 22:10:22',0),(278,278,NULL,NULL,1,'总公司',NULL,'admin',1,NULL,'2026-02-08','采购创建','admin','采购单创建生成','2026-02-08 22:10:22','2026-02-08 22:10:22',0),(279,279,NULL,NULL,1,'总公司',NULL,'admin',1,NULL,'2026-02-08','采购创建','admin','采购单创建生成','2026-02-08 22:10:22','2026-02-08 22:10:22',0),(280,280,NULL,NULL,1,'总公司',NULL,'admin',1,NULL,'2026-02-08','采购创建','admin','采购单创建生成','2026-02-08 22:10:22','2026-02-08 22:10:22',0),(281,281,NULL,NULL,1,'总公司',NULL,'admin',1,NULL,'2026-02-08','采购创建','admin','采购单创建生成','2026-02-08 22:10:22','2026-02-08 22:10:22',0),(282,282,NULL,NULL,1,'总公司',NULL,'admin',1,NULL,'2026-02-08','采购创建','admin','采购单创建生成','2026-02-08 22:10:22','2026-02-08 22:10:22',0),(283,283,NULL,NULL,1,'总公司',NULL,'admin',1,NULL,'2026-02-08','采购创建','admin','采购单创建生成','2026-02-08 22:10:22','2026-02-08 22:10:22',0),(284,284,NULL,NULL,1,'总公司',NULL,'admin',1,NULL,'2026-02-08','采购创建','admin','采购单创建生成','2026-02-08 22:10:22','2026-02-08 22:10:22',0),(285,285,NULL,NULL,1,'总公司',NULL,'admin',1,NULL,'2026-02-08','采购创建','admin','采购单创建生成','2026-02-08 22:10:22','2026-02-08 22:10:22',0),(286,286,NULL,NULL,1,'总公司',NULL,'admin',1,NULL,'2026-02-08','采购创建','admin','采购单创建生成','2026-02-08 22:10:22','2026-02-08 22:10:22',0),(287,287,NULL,NULL,1,'总公司',NULL,'admin',1,NULL,'2026-02-08','采购创建','admin','采购单创建生成','2026-02-08 22:10:22','2026-02-08 22:10:22',0),(288,288,NULL,NULL,1,'总公司',NULL,'admin',1,NULL,'2026-02-08','采购创建','admin','采购单创建生成','2026-02-08 22:10:22','2026-02-08 22:10:22',0),(289,289,NULL,NULL,1,'总公司',NULL,'admin',1,NULL,'2026-02-08','采购创建','admin','采购单创建生成','2026-02-08 22:10:22','2026-02-08 22:10:22',0),(290,290,NULL,NULL,1,'总公司',NULL,'admin',1,NULL,'2026-02-08','采购创建','admin','采购单创建生成','2026-02-08 22:10:22','2026-02-08 22:10:22',0),(291,291,NULL,NULL,1,'总公司',NULL,'admin',1,NULL,'2026-02-08','采购创建','admin','采购单创建生成','2026-02-08 22:10:22','2026-02-08 22:10:22',0),(292,292,NULL,NULL,1,'总公司',NULL,'admin',1,NULL,'2026-02-08','采购创建','admin','采购单创建生成','2026-02-08 22:10:22','2026-02-08 22:10:22',0),(293,293,NULL,NULL,1,'总公司',NULL,'admin',1,NULL,'2026-02-08','采购创建','admin','采购单创建生成','2026-02-08 22:10:22','2026-02-08 22:10:22',0),(294,294,NULL,NULL,1,'总公司',NULL,'admin',1,NULL,'2026-02-08','采购创建','admin','采购单创建生成','2026-02-08 22:10:22','2026-02-08 22:10:22',0),(295,295,NULL,NULL,1,'总公司',NULL,'admin',1,NULL,'2026-02-08','采购创建','admin','采购单创建生成','2026-02-08 22:10:22','2026-02-08 22:10:22',0),(296,296,NULL,NULL,1,'总公司',NULL,'admin',1,NULL,'2026-02-08','采购创建','admin','采购单创建生成','2026-02-08 22:10:22','2026-02-08 22:10:22',0),(297,297,NULL,NULL,1,'总公司',NULL,'admin',1,NULL,'2026-02-08','采购创建','admin','采购单创建生成','2026-02-08 22:10:23','2026-02-08 22:10:23',0),(298,298,NULL,NULL,1,'总公司',NULL,'admin',1,NULL,'2026-02-08','采购创建','admin','采购单创建生成','2026-02-08 22:10:23','2026-02-08 22:10:23',0),(299,299,NULL,NULL,1,'总公司',NULL,'admin',1,NULL,'2026-02-08','采购创建','admin','采购单创建生成','2026-02-08 22:10:23','2026-02-08 22:10:23',0),(300,300,NULL,NULL,1,'总公司',NULL,'admin',1,NULL,'2026-02-08','采购创建','admin','采购单创建生成','2026-02-08 22:10:23','2026-02-08 22:10:23',0),(301,301,NULL,NULL,1,'总公司',NULL,'admin',1,NULL,'2026-02-08','采购创建','admin','采购单创建生成','2026-02-08 22:10:23','2026-02-08 22:10:23',0),(302,302,NULL,NULL,1,'总公司',NULL,'admin',1,NULL,'2026-02-08','采购创建','admin','采购单创建生成','2026-02-08 22:10:23','2026-02-08 22:10:23',0),(303,303,NULL,NULL,1,'总公司',NULL,'admin',1,NULL,'2026-02-08','采购创建','admin','采购单创建生成','2026-02-08 22:10:23','2026-02-08 22:10:23',0),(304,304,NULL,NULL,1,'总公司',NULL,'admin',1,NULL,'2026-02-08','采购创建','admin','采购单创建生成','2026-02-08 22:10:23','2026-02-08 22:10:23',0),(305,305,NULL,NULL,1,'总公司',NULL,'admin',1,NULL,'2026-02-08','采购创建','admin','采购单创建生成','2026-02-08 22:10:23','2026-02-08 22:10:23',0),(306,306,NULL,NULL,1,'总公司',NULL,'admin',1,NULL,'2026-02-08','采购创建','admin','采购单创建生成','2026-02-08 22:10:23','2026-02-08 22:10:23',0),(307,307,NULL,NULL,1,'总公司',NULL,'admin',1,NULL,'2026-02-08','采购创建','admin','采购单创建生成','2026-02-08 22:10:23','2026-02-08 22:10:23',0),(308,308,NULL,NULL,1,'总公司',NULL,'admin',1,NULL,'2026-02-08','采购创建','admin','采购单创建生成','2026-02-08 22:10:23','2026-02-08 22:10:23',0),(309,309,NULL,NULL,1,'总公司',NULL,'admin',1,NULL,'2026-02-08','采购创建','admin','采购单创建生成','2026-02-08 22:10:23','2026-02-08 22:10:23',0),(310,310,NULL,NULL,1,'总公司',NULL,'admin',1,NULL,'2026-02-08','采购创建','admin','采购单创建生成','2026-02-08 22:10:23','2026-02-08 22:10:23',0),(311,311,NULL,NULL,1,'总公司',NULL,'admin',1,NULL,'2026-02-08','采购创建','admin','采购单创建生成','2026-02-08 22:10:23','2026-02-08 22:10:23',0),(312,312,NULL,NULL,1,'总公司',NULL,'admin',1,NULL,'2026-02-08','采购创建','admin','采购单创建生成','2026-02-08 22:10:23','2026-02-08 22:10:23',0),(313,313,NULL,NULL,1,'总公司',NULL,'admin',1,NULL,'2026-02-08','采购创建','admin','采购单创建生成','2026-02-08 22:10:23','2026-02-08 22:10:23',0),(314,314,NULL,NULL,1,'总公司',NULL,'admin',1,NULL,'2026-02-08','采购创建','admin','采购单创建生成','2026-02-08 22:10:23','2026-02-08 22:10:23',0),(315,315,NULL,NULL,1,'总公司',NULL,'admin',1,NULL,'2026-02-08','采购创建','admin','采购单创建生成','2026-02-08 22:10:23','2026-02-08 22:10:23',0),(316,316,NULL,NULL,1,'总公司',NULL,'admin',1,NULL,'2026-02-08','采购创建','admin','采购单创建生成','2026-02-08 22:10:23','2026-02-08 22:10:23',0),(317,317,NULL,NULL,1,'总公司',NULL,'admin',1,NULL,'2026-02-08','采购创建','admin','采购单创建生成','2026-02-08 22:10:23','2026-02-08 22:10:23',0),(318,318,NULL,NULL,1,'总公司',NULL,'admin',1,NULL,'2026-02-08','采购创建','admin','采购单创建生成','2026-02-08 22:10:23','2026-02-08 22:10:23',0),(319,319,NULL,NULL,1,'总公司',NULL,'admin',1,NULL,'2026-02-08','采购创建','admin','采购单创建生成','2026-02-08 22:10:23','2026-02-08 22:10:23',0),(320,320,NULL,NULL,1,'总公司',NULL,'admin',1,NULL,'2026-02-08','采购创建','admin','采购单创建生成','2026-02-08 22:10:23','2026-02-08 22:10:23',0),(321,321,NULL,NULL,1,'总公司',NULL,'admin',1,NULL,'2026-02-08','采购创建','admin','采购单创建生成','2026-02-08 22:10:23','2026-02-08 22:10:23',0),(322,322,NULL,NULL,1,'总公司',NULL,'admin',1,NULL,'2026-02-08','采购创建','admin','采购单创建生成','2026-02-08 22:10:23','2026-02-08 22:10:23',0),(323,323,NULL,NULL,1,'总公司',NULL,'admin',1,NULL,'2026-02-08','采购创建','admin','采购单创建生成','2026-02-08 22:10:23','2026-02-08 22:10:23',0),(324,324,NULL,NULL,1,'总公司',NULL,'admin',1,NULL,'2026-02-08','采购创建','admin','采购单创建生成','2026-02-08 22:10:23','2026-02-08 22:10:23',0),(325,325,NULL,NULL,1,'总公司',NULL,'admin',1,NULL,'2026-02-08','采购创建','admin','采购单创建生成','2026-02-08 22:10:23','2026-02-08 22:10:23',0),(326,326,NULL,NULL,1,'总公司',NULL,'admin',1,NULL,'2026-02-08','采购创建','admin','采购单创建生成','2026-02-08 22:10:23','2026-02-08 22:10:23',0),(327,327,NULL,NULL,1,'总公司',NULL,'admin',1,NULL,'2026-02-08','采购创建','admin','采购单创建生成','2026-02-08 22:10:23','2026-02-08 22:10:23',0),(328,328,NULL,NULL,1,'总公司',NULL,'admin',1,NULL,'2026-02-08','采购创建','admin','采购单创建生成','2026-02-08 22:10:23','2026-02-08 22:10:23',0),(329,329,NULL,NULL,1,'总公司',NULL,'admin',1,NULL,'2026-02-08','采购创建','admin','采购单创建生成','2026-02-08 22:10:23','2026-02-08 22:10:23',0),(330,330,NULL,NULL,1,'总公司',NULL,'admin',1,NULL,'2026-02-08','采购创建','admin','采购单创建生成','2026-02-08 22:10:23','2026-02-08 22:10:23',0),(331,331,NULL,NULL,1,'总公司',NULL,'admin',1,NULL,'2026-02-08','采购创建','admin','采购单创建生成','2026-02-08 22:10:23','2026-02-08 22:10:23',0),(332,332,NULL,NULL,1,'总公司',NULL,'admin',1,NULL,'2026-02-08','采购创建','admin','采购单创建生成','2026-02-08 22:10:23','2026-02-08 22:10:23',0),(333,333,NULL,NULL,1,'总公司',NULL,'admin',1,NULL,'2026-02-08','采购创建','admin','采购单创建生成','2026-02-08 22:10:23','2026-02-08 22:10:23',0),(334,334,NULL,NULL,1,'总公司',NULL,'admin',1,NULL,'2026-02-08','采购创建','admin','采购单创建生成','2026-02-08 22:10:23','2026-02-08 22:10:23',0),(335,335,NULL,NULL,1,'总公司',NULL,'admin',1,NULL,'2026-02-08','采购创建','admin','采购单创建生成','2026-02-08 22:10:23','2026-02-08 22:10:23',0),(336,336,NULL,NULL,1,'总公司',NULL,'admin',1,NULL,'2026-02-08','采购创建','admin','采购单创建生成','2026-02-08 22:10:23','2026-02-08 22:10:23',0),(337,337,NULL,NULL,1,'总公司',NULL,'admin',1,NULL,'2026-02-08','采购创建','admin','采购单创建生成','2026-02-08 22:10:23','2026-02-08 22:10:23',0),(338,338,NULL,NULL,1,'总公司',NULL,'admin',1,NULL,'2026-02-08','采购创建','admin','采购单创建生成','2026-02-08 22:10:23','2026-02-08 22:10:23',0),(339,339,NULL,NULL,1,'总公司',NULL,'admin',1,NULL,'2026-02-08','采购创建','admin','采购单创建生成','2026-02-08 22:10:23','2026-02-08 22:10:23',0),(340,340,NULL,NULL,1,'总公司',NULL,'admin',1,NULL,'2026-02-08','采购创建','admin','采购单创建生成','2026-02-08 22:10:23','2026-02-08 22:10:23',0),(341,341,NULL,NULL,1,'总公司',NULL,'admin',1,NULL,'2026-02-08','采购创建','admin','采购单创建生成','2026-02-08 22:10:23','2026-02-08 22:10:23',0),(342,342,NULL,NULL,1,'总公司',NULL,'admin',1,NULL,'2026-02-08','采购创建','admin','采购单创建生成','2026-02-08 22:10:23','2026-02-08 22:10:23',0),(343,343,NULL,NULL,1,'总公司',NULL,'admin',1,NULL,'2026-02-08','采购创建','admin','采购单创建生成','2026-02-08 22:10:23','2026-02-08 22:10:23',0),(344,344,NULL,NULL,1,'总公司',NULL,'admin',1,NULL,'2026-02-08','采购创建','admin','采购单创建生成','2026-02-08 22:10:23','2026-02-08 22:10:23',0),(345,345,NULL,NULL,1,'总公司',NULL,'admin',1,NULL,'2026-02-08','采购创建','admin','采购单创建生成','2026-02-08 22:10:23','2026-02-08 22:10:23',0),(346,346,NULL,NULL,1,'总公司',NULL,'admin',1,NULL,'2026-02-08','采购创建','admin','采购单创建生成','2026-02-08 22:10:23','2026-02-08 22:10:23',0),(347,347,NULL,NULL,1,'总公司',NULL,'admin',1,NULL,'2026-02-08','采购创建','admin','采购单创建生成','2026-02-08 22:10:23','2026-02-08 22:10:23',0),(348,348,NULL,NULL,1,'总公司',NULL,'admin',1,NULL,'2026-02-08','采购创建','admin','采购单创建生成','2026-02-08 22:10:23','2026-02-08 22:10:23',0),(349,349,NULL,NULL,1,'总公司',NULL,'admin',1,NULL,'2026-02-08','采购创建','admin','采购单创建生成','2026-02-08 22:10:23','2026-02-08 22:10:23',0),(350,350,NULL,NULL,1,'总公司',NULL,'admin',1,NULL,'2026-02-08','采购创建','admin','采购单创建生成','2026-02-08 22:10:23','2026-02-08 22:10:23',0),(351,1,1,'总公司',1,'总公司','admin','admin',4,1,'2026-02-08','采购入库','admin','从采购单入库：长城牌皮卡车','2026-02-08 22:14:16','2026-02-08 22:14:16',0),(352,9,1,'总公司',1,'总公司','admin','admin',4,1,'2026-02-08','采购入库','admin','从采购单入库：贴片机','2026-02-08 22:14:16','2026-02-08 22:14:16',0),(353,10,1,'总公司',1,'总公司','admin','admin',4,1,'2026-02-08','采购入库','admin','从采购单入库：贴片机','2026-02-08 22:14:16','2026-02-08 22:14:16',0),(354,41,1,'总公司',1,'总公司','admin','admin',4,1,'2026-02-08','采购入库','admin','从采购单入库：联想笔记本电脑','2026-02-08 22:14:16','2026-02-08 22:14:16',0),(355,11,1,'总公司',1,'总公司','admin','admin',4,1,'2026-02-08','采购入库','admin','从采购单入库：联想台式电脑','2026-02-08 22:14:16','2026-02-08 22:14:16',0),(356,51,1,'总公司',1,'总公司','admin','admin',4,1,'2026-02-08','采购入库','admin','从采购单入库：单人办公桌','2026-02-08 22:14:16','2026-02-08 22:14:16',0),(357,201,1,'总公司',1,'总公司','admin','admin',4,1,'2026-02-08','采购入库','admin','从采购单入库：单人办公椅','2026-02-08 22:14:16','2026-02-08 22:14:16',0),(358,201,1,'总公司',7,'财务部','admin','zhangsan01',2,4,'2026-02-08','资产分配','admin','','2026-02-08 22:14:29','2026-02-08 22:14:29',0),(359,51,1,'总公司',7,'财务部','admin','zhangsan01',2,4,'2026-02-08','资产分配','admin','','2026-02-08 22:14:29','2026-02-08 22:14:29',0),(360,11,1,'总公司',7,'财务部','admin','zhangsan01',2,4,'2026-02-08','资产分配','admin','','2026-02-08 22:14:29','2026-02-08 22:14:29',0),(361,41,1,'总公司',7,'财务部','admin','zhangsan01',2,4,'2026-02-08','资产分配','admin','','2026-02-08 22:14:29','2026-02-08 22:14:29',0),(362,9,1,'总公司',7,'财务部','admin','zhangsan01',2,4,'2026-02-08','资产分配','admin','','2026-02-08 22:14:30','2026-02-08 22:14:30',0),(363,10,1,'总公司',7,'财务部','admin','zhangsan01',2,4,'2026-02-08','资产分配','admin','','2026-02-08 22:14:30','2026-02-08 22:14:30',0),(364,1,1,'总公司',7,'财务部','admin','zhangsan01',2,4,'2026-02-08','资产分配','admin','','2026-02-08 22:14:30','2026-02-08 22:14:30',0),(365,9,7,'财务部',7,'财务部','zhangsan01','zhangsan01',4,2,'2026-02-08','资产归还','zhangsan01','','2026-02-08 22:27:27','2026-02-08 22:27:27',0),(366,10,7,'财务部',7,'财务部','zhangsan01','zhangsan01',3,2,'2026-02-08','资产送修','zhangsan01','','2026-02-08 22:27:51','2026-02-08 22:27:51',0),(367,201,7,'财务部',7,'财务部','zhangsan01','zhangsan01',3,2,'2026-02-08','资产送修','zhangsan01','','2026-02-08 22:30:01','2026-02-08 22:30:01',0),(368,10,7,'财务部',7,'财务部','zhangsan01','zhangsan01',3,3,'2026-02-08','报修审批通过','wangwu01',NULL,'2026-02-08 22:30:12','2026-02-08 22:30:12',0),(369,201,7,'财务部',7,'财务部','zhangsan01','zhangsan01',2,3,'2026-02-08','报修拒绝','wangwu01',NULL,'2026-02-08 22:30:14','2026-02-08 22:30:14',0),(370,10,7,'财务部',7,'财务部','zhangsan01','zhangsan01',3,3,'2026-02-08','开始维修','zhouzhou01',NULL,'2026-02-08 22:30:25','2026-02-08 22:30:25',0),(371,10,7,'财务部',7,'财务部','zhangsan01','zhangsan01',2,3,'2026-02-08','维修完成','zhouzhou01','维修完成','2026-02-08 22:30:34','2026-02-08 22:30:34',0),(372,201,7,'财务部',5,'开发平台','zhangsan01','lisi01',2,2,'2026-02-08','资产调拨','wangwu01','','2026-02-08 22:31:25','2026-02-08 22:31:25',0),(373,51,7,'财务部',5,'开发平台','zhangsan01','lisi01',2,2,'2026-02-08','资产调拨','wangwu01','','2026-02-08 22:31:25','2026-02-08 22:31:25',0),(374,11,7,'财务部',5,'开发平台','zhangsan01','lisi01',2,2,'2026-02-08','资产调拨','wangwu01','','2026-02-08 22:31:25','2026-02-08 22:31:25',0),(375,201,5,'开发平台',7,'财务部','lisi01','zhangsan01',2,2,'2026-02-08','资产调拨','wangwu01','借用归还','2026-02-08 22:31:37','2026-02-08 22:31:37',0),(376,51,5,'开发平台',7,'财务部','lisi01','zhangsan01',2,2,'2026-02-08','资产调拨','wangwu01','借用归还','2026-02-08 22:31:37','2026-02-08 22:31:37',0),(377,11,5,'开发平台',7,'财务部','lisi01','zhangsan01',2,2,'2026-02-08','资产调拨','wangwu01','借用归还','2026-02-08 22:31:37','2026-02-08 22:31:37',0),(378,1,7,'财务部',7,'财务部','zhangsan01','wangwu01',4,2,'2026-02-08','资产归还','wangwu01','使用结束','2026-02-08 22:31:54','2026-02-08 22:31:54',0),(379,1,7,'财务部',7,'财务部','wangwu01','wangwu01',5,4,'2026-02-08','资产报废','wangwu01','','2026-02-08 22:32:15','2026-02-08 22:32:15',0),(380,9,7,'财务部',7,'财务部','zhangsan01','wangwu01',5,4,'2026-02-08','资产报废','wangwu01','','2026-02-08 22:32:19','2026-02-08 22:32:19',0),(381,202,1,'总公司',12,'管理部','admin','zhaozhao01',4,1,'2026-02-08','采购入库','zhaozhao01','从采购单入库：单人办公椅','2026-02-08 22:35:09','2026-02-08 22:35:09',0),(382,203,1,'总公司',12,'管理部','admin','zhaozhao01',4,1,'2026-02-08','采购入库','zhaozhao01','从采购单入库：单人办公椅','2026-02-08 22:35:09','2026-02-08 22:35:09',0),(383,204,1,'总公司',12,'管理部','admin','zhaozhao01',4,1,'2026-02-08','采购入库','zhaozhao01','从采购单入库：单人办公椅','2026-02-08 22:35:09','2026-02-08 22:35:09',0),(384,205,1,'总公司',12,'管理部','admin','zhaozhao01',4,1,'2026-02-08','采购入库','zhaozhao01','从采购单入库：单人办公椅','2026-02-08 22:35:10','2026-02-08 22:35:10',0),(385,206,1,'总公司',12,'管理部','admin','zhaozhao01',4,1,'2026-02-08','采购入库','zhaozhao01','从采购单入库：单人办公椅','2026-02-08 22:35:10','2026-02-08 22:35:10',0),(386,207,1,'总公司',12,'管理部','admin','zhaozhao01',4,1,'2026-02-08','采购入库','zhaozhao01','从采购单入库：单人办公椅','2026-02-08 22:35:10','2026-02-08 22:35:10',0),(387,208,1,'总公司',12,'管理部','admin','zhaozhao01',4,1,'2026-02-08','采购入库','zhaozhao01','从采购单入库：单人办公椅','2026-02-08 22:35:10','2026-02-08 22:35:10',0),(388,209,1,'总公司',12,'管理部','admin','zhaozhao01',4,1,'2026-02-08','采购入库','zhaozhao01','从采购单入库：单人办公椅','2026-02-08 22:35:10','2026-02-08 22:35:10',0),(389,210,1,'总公司',12,'管理部','admin','zhaozhao01',4,1,'2026-02-08','采购入库','zhaozhao01','从采购单入库：单人办公椅','2026-02-08 22:35:10','2026-02-08 22:35:10',0),(390,211,1,'总公司',12,'管理部','admin','zhaozhao01',4,1,'2026-02-08','采购入库','zhaozhao01','从采购单入库：单人办公椅','2026-02-08 22:35:10','2026-02-08 22:35:10',0),(391,212,1,'总公司',12,'管理部','admin','zhaozhao01',4,1,'2026-02-08','采购入库','zhaozhao01','从采购单入库：单人办公椅','2026-02-08 22:35:10','2026-02-08 22:35:10',0),(392,213,1,'总公司',12,'管理部','admin','zhaozhao01',4,1,'2026-02-08','采购入库','zhaozhao01','从采购单入库：单人办公椅','2026-02-08 22:35:10','2026-02-08 22:35:10',0),(393,214,1,'总公司',12,'管理部','admin','zhaozhao01',4,1,'2026-02-08','采购入库','zhaozhao01','从采购单入库：单人办公椅','2026-02-08 22:35:10','2026-02-08 22:35:10',0),(394,215,1,'总公司',12,'管理部','admin','zhaozhao01',4,1,'2026-02-08','采购入库','zhaozhao01','从采购单入库：单人办公椅','2026-02-08 22:35:10','2026-02-08 22:35:10',0),(395,216,1,'总公司',12,'管理部','admin','zhaozhao01',4,1,'2026-02-08','采购入库','zhaozhao01','从采购单入库：单人办公椅','2026-02-08 22:35:10','2026-02-08 22:35:10',0),(396,217,1,'总公司',12,'管理部','admin','zhaozhao01',4,1,'2026-02-08','采购入库','zhaozhao01','从采购单入库：单人办公椅','2026-02-08 22:35:10','2026-02-08 22:35:10',0),(397,218,1,'总公司',12,'管理部','admin','zhaozhao01',4,1,'2026-02-08','采购入库','zhaozhao01','从采购单入库：单人办公椅','2026-02-08 22:35:10','2026-02-08 22:35:10',0),(398,219,1,'总公司',12,'管理部','admin','zhaozhao01',4,1,'2026-02-08','采购入库','zhaozhao01','从采购单入库：单人办公椅','2026-02-08 22:35:10','2026-02-08 22:35:10',0),(399,220,1,'总公司',12,'管理部','admin','zhaozhao01',4,1,'2026-02-08','采购入库','zhaozhao01','从采购单入库：单人办公椅','2026-02-08 22:35:10','2026-02-08 22:35:10',0),(400,221,1,'总公司',12,'管理部','admin','zhaozhao01',4,1,'2026-02-08','采购入库','zhaozhao01','从采购单入库：单人办公椅','2026-02-08 22:35:10','2026-02-08 22:35:10',0),(401,222,1,'总公司',12,'管理部','admin','zhaozhao01',4,1,'2026-02-08','采购入库','zhaozhao01','从采购单入库：单人办公椅','2026-02-08 22:35:10','2026-02-08 22:35:10',0),(402,223,1,'总公司',12,'管理部','admin','zhaozhao01',4,1,'2026-02-08','采购入库','zhaozhao01','从采购单入库：单人办公椅','2026-02-08 22:35:10','2026-02-08 22:35:10',0),(403,224,1,'总公司',12,'管理部','admin','zhaozhao01',4,1,'2026-02-08','采购入库','zhaozhao01','从采购单入库：单人办公椅','2026-02-08 22:35:10','2026-02-08 22:35:10',0),(404,225,1,'总公司',12,'管理部','admin','zhaozhao01',4,1,'2026-02-08','采购入库','zhaozhao01','从采购单入库：单人办公椅','2026-02-08 22:35:10','2026-02-08 22:35:10',0),(405,226,1,'总公司',12,'管理部','admin','zhaozhao01',4,1,'2026-02-08','采购入库','zhaozhao01','从采购单入库：单人办公椅','2026-02-08 22:35:10','2026-02-08 22:35:10',0),(406,227,1,'总公司',12,'管理部','admin','zhaozhao01',4,1,'2026-02-08','采购入库','zhaozhao01','从采购单入库：单人办公椅','2026-02-08 22:35:10','2026-02-08 22:35:10',0),(407,228,1,'总公司',12,'管理部','admin','zhaozhao01',4,1,'2026-02-08','采购入库','zhaozhao01','从采购单入库：单人办公椅','2026-02-08 22:35:10','2026-02-08 22:35:10',0),(408,229,1,'总公司',12,'管理部','admin','zhaozhao01',4,1,'2026-02-08','采购入库','zhaozhao01','从采购单入库：单人办公椅','2026-02-08 22:35:10','2026-02-08 22:35:10',0),(409,230,1,'总公司',12,'管理部','admin','zhaozhao01',4,1,'2026-02-08','采购入库','zhaozhao01','从采购单入库：单人办公椅','2026-02-08 22:35:10','2026-02-08 22:35:10',0),(410,231,1,'总公司',12,'管理部','admin','zhaozhao01',4,1,'2026-02-08','采购入库','zhaozhao01','从采购单入库：单人办公椅','2026-02-08 22:35:10','2026-02-08 22:35:10',0),(411,232,1,'总公司',12,'管理部','admin','zhaozhao01',4,1,'2026-02-08','采购入库','zhaozhao01','从采购单入库：单人办公椅','2026-02-08 22:35:10','2026-02-08 22:35:10',0),(412,233,1,'总公司',12,'管理部','admin','zhaozhao01',4,1,'2026-02-08','采购入库','zhaozhao01','从采购单入库：单人办公椅','2026-02-08 22:35:10','2026-02-08 22:35:10',0),(413,234,1,'总公司',12,'管理部','admin','zhaozhao01',4,1,'2026-02-08','采购入库','zhaozhao01','从采购单入库：单人办公椅','2026-02-08 22:35:10','2026-02-08 22:35:10',0),(414,235,1,'总公司',12,'管理部','admin','zhaozhao01',4,1,'2026-02-08','采购入库','zhaozhao01','从采购单入库：单人办公椅','2026-02-08 22:35:10','2026-02-08 22:35:10',0),(415,236,1,'总公司',12,'管理部','admin','zhaozhao01',4,1,'2026-02-08','采购入库','zhaozhao01','从采购单入库：单人办公椅','2026-02-08 22:35:10','2026-02-08 22:35:10',0),(416,237,1,'总公司',12,'管理部','admin','zhaozhao01',4,1,'2026-02-08','采购入库','zhaozhao01','从采购单入库：单人办公椅','2026-02-08 22:35:10','2026-02-08 22:35:10',0),(417,238,1,'总公司',12,'管理部','admin','zhaozhao01',4,1,'2026-02-08','采购入库','zhaozhao01','从采购单入库：单人办公椅','2026-02-08 22:35:10','2026-02-08 22:35:10',0),(418,239,1,'总公司',12,'管理部','admin','zhaozhao01',4,1,'2026-02-08','采购入库','zhaozhao01','从采购单入库：单人办公椅','2026-02-08 22:35:10','2026-02-08 22:35:10',0),(419,240,1,'总公司',12,'管理部','admin','zhaozhao01',4,1,'2026-02-08','采购入库','zhaozhao01','从采购单入库：单人办公椅','2026-02-08 22:35:10','2026-02-08 22:35:10',0),(420,241,1,'总公司',12,'管理部','admin','zhaozhao01',4,1,'2026-02-08','采购入库','zhaozhao01','从采购单入库：单人办公椅','2026-02-08 22:35:10','2026-02-08 22:35:10',0),(421,242,1,'总公司',12,'管理部','admin','zhaozhao01',4,1,'2026-02-08','采购入库','zhaozhao01','从采购单入库：单人办公椅','2026-02-08 22:35:10','2026-02-08 22:35:10',0),(422,243,1,'总公司',12,'管理部','admin','zhaozhao01',4,1,'2026-02-08','采购入库','zhaozhao01','从采购单入库：单人办公椅','2026-02-08 22:35:10','2026-02-08 22:35:10',0),(423,244,1,'总公司',12,'管理部','admin','zhaozhao01',4,1,'2026-02-08','采购入库','zhaozhao01','从采购单入库：单人办公椅','2026-02-08 22:35:10','2026-02-08 22:35:10',0),(424,245,1,'总公司',12,'管理部','admin','zhaozhao01',4,1,'2026-02-08','采购入库','zhaozhao01','从采购单入库：单人办公椅','2026-02-08 22:35:10','2026-02-08 22:35:10',0),(425,246,1,'总公司',12,'管理部','admin','zhaozhao01',4,1,'2026-02-08','采购入库','zhaozhao01','从采购单入库：单人办公椅','2026-02-08 22:35:10','2026-02-08 22:35:10',0),(426,247,1,'总公司',12,'管理部','admin','zhaozhao01',4,1,'2026-02-08','采购入库','zhaozhao01','从采购单入库：单人办公椅','2026-02-08 22:35:10','2026-02-08 22:35:10',0),(427,248,1,'总公司',12,'管理部','admin','zhaozhao01',4,1,'2026-02-08','采购入库','zhaozhao01','从采购单入库：单人办公椅','2026-02-08 22:35:10','2026-02-08 22:35:10',0),(428,249,1,'总公司',12,'管理部','admin','zhaozhao01',4,1,'2026-02-08','采购入库','zhaozhao01','从采购单入库：单人办公椅','2026-02-08 22:35:10','2026-02-08 22:35:10',0),(429,250,1,'总公司',12,'管理部','admin','zhaozhao01',4,1,'2026-02-08','采购入库','zhaozhao01','从采购单入库：单人办公椅','2026-02-08 22:35:10','2026-02-08 22:35:10',0),(430,251,1,'总公司',12,'管理部','admin','zhaozhao01',4,1,'2026-02-08','采购入库','zhaozhao01','从采购单入库：单人办公椅','2026-02-08 22:35:10','2026-02-08 22:35:10',0),(431,251,12,'管理部',7,'财务部','zhaozhao01','zhangsan01',2,4,'2026-02-08','资产分配','zhaozhao01','','2026-02-08 22:35:40','2026-02-08 22:35:40',0),(432,229,12,'管理部',7,'财务部','zhaozhao01','zhangsan01',2,4,'2026-02-08','资产分配','zhaozhao01','','2026-02-08 22:35:40','2026-02-08 22:35:40',0),(433,230,12,'管理部',7,'财务部','zhaozhao01','zhangsan01',2,4,'2026-02-08','资产分配','zhaozhao01','','2026-02-08 22:35:40','2026-02-08 22:35:40',0),(434,231,12,'管理部',7,'财务部','zhaozhao01','zhangsan01',2,4,'2026-02-08','资产分配','zhaozhao01','','2026-02-08 22:35:40','2026-02-08 22:35:40',0),(435,232,12,'管理部',7,'财务部','zhaozhao01','zhangsan01',2,4,'2026-02-08','资产分配','zhaozhao01','','2026-02-08 22:35:40','2026-02-08 22:35:40',0),(436,233,12,'管理部',7,'财务部','zhaozhao01','zhangsan01',2,4,'2026-02-08','资产分配','zhaozhao01','','2026-02-08 22:35:40','2026-02-08 22:35:40',0),(437,234,12,'管理部',7,'财务部','zhaozhao01','zhangsan01',2,4,'2026-02-08','资产分配','zhaozhao01','','2026-02-08 22:35:40','2026-02-08 22:35:40',0),(438,235,12,'管理部',7,'财务部','zhaozhao01','zhangsan01',2,4,'2026-02-08','资产分配','zhaozhao01','','2026-02-08 22:35:40','2026-02-08 22:35:40',0),(439,236,12,'管理部',7,'财务部','zhaozhao01','zhangsan01',2,4,'2026-02-08','资产分配','zhaozhao01','','2026-02-08 22:35:41','2026-02-08 22:35:41',0),(440,237,12,'管理部',7,'财务部','zhaozhao01','zhangsan01',2,4,'2026-02-08','资产分配','zhaozhao01','','2026-02-08 22:35:41','2026-02-08 22:35:41',0),(441,238,12,'管理部',7,'财务部','zhaozhao01','zhangsan01',2,4,'2026-02-08','资产分配','zhaozhao01','','2026-02-08 22:35:41','2026-02-08 22:35:41',0),(442,239,12,'管理部',7,'财务部','zhaozhao01','zhangsan01',2,4,'2026-02-08','资产分配','zhaozhao01','','2026-02-08 22:35:41','2026-02-08 22:35:41',0),(443,240,12,'管理部',7,'财务部','zhaozhao01','zhangsan01',2,4,'2026-02-08','资产分配','zhaozhao01','','2026-02-08 22:35:41','2026-02-08 22:35:41',0),(444,241,12,'管理部',7,'财务部','zhaozhao01','zhangsan01',2,4,'2026-02-08','资产分配','zhaozhao01','','2026-02-08 22:35:41','2026-02-08 22:35:41',0),(445,242,12,'管理部',7,'财务部','zhaozhao01','zhangsan01',2,4,'2026-02-08','资产分配','zhaozhao01','','2026-02-08 22:35:41','2026-02-08 22:35:41',0),(446,243,12,'管理部',7,'财务部','zhaozhao01','zhangsan01',2,4,'2026-02-08','资产分配','zhaozhao01','','2026-02-08 22:35:41','2026-02-08 22:35:41',0),(447,244,12,'管理部',7,'财务部','zhaozhao01','zhangsan01',2,4,'2026-02-08','资产分配','zhaozhao01','','2026-02-08 22:35:41','2026-02-08 22:35:41',0),(448,245,12,'管理部',7,'财务部','zhaozhao01','zhangsan01',2,4,'2026-02-08','资产分配','zhaozhao01','','2026-02-08 22:35:41','2026-02-08 22:35:41',0),(449,246,12,'管理部',7,'财务部','zhaozhao01','zhangsan01',2,4,'2026-02-08','资产分配','zhaozhao01','','2026-02-08 22:35:41','2026-02-08 22:35:41',0),(450,247,12,'管理部',7,'财务部','zhaozhao01','zhangsan01',2,4,'2026-02-08','资产分配','zhaozhao01','','2026-02-08 22:35:41','2026-02-08 22:35:41',0),(451,248,12,'管理部',7,'财务部','zhaozhao01','zhangsan01',2,4,'2026-02-08','资产分配','zhaozhao01','','2026-02-08 22:35:41','2026-02-08 22:35:41',0),(452,249,12,'管理部',7,'财务部','zhaozhao01','zhangsan01',2,4,'2026-02-08','资产分配','zhaozhao01','','2026-02-08 22:35:41','2026-02-08 22:35:41',0),(453,250,12,'管理部',7,'财务部','zhaozhao01','zhangsan01',2,4,'2026-02-08','资产分配','zhaozhao01','','2026-02-08 22:35:41','2026-02-08 22:35:41',0),(454,227,12,'管理部',7,'财务部','zhaozhao01','zhangsan01',2,4,'2026-02-08','资产分配','zhaozhao01','','2026-02-08 22:35:42','2026-02-08 22:35:42',0),(455,228,12,'管理部',7,'财务部','zhaozhao01','zhangsan01',2,4,'2026-02-08','资产分配','zhaozhao01','','2026-02-08 22:35:42','2026-02-08 22:35:42',0),(456,215,12,'管理部',7,'财务部','zhaozhao01','zhangsan01',2,4,'2026-02-08','资产分配','zhaozhao01','','2026-02-08 22:35:42','2026-02-08 22:35:42',0),(457,203,12,'管理部',7,'财务部','zhaozhao01','zhangsan01',2,4,'2026-02-08','资产分配','zhaozhao01','','2026-02-08 22:35:42','2026-02-08 22:35:42',0),(458,204,12,'管理部',7,'财务部','zhaozhao01','zhangsan01',2,4,'2026-02-08','资产分配','zhaozhao01','','2026-02-08 22:35:42','2026-02-08 22:35:42',0),(459,205,12,'管理部',7,'财务部','zhaozhao01','zhangsan01',2,4,'2026-02-08','资产分配','zhaozhao01','','2026-02-08 22:35:42','2026-02-08 22:35:42',0),(460,206,12,'管理部',7,'财务部','zhaozhao01','zhangsan01',2,4,'2026-02-08','资产分配','zhaozhao01','','2026-02-08 22:35:42','2026-02-08 22:35:42',0),(461,207,12,'管理部',7,'财务部','zhaozhao01','zhangsan01',2,4,'2026-02-08','资产分配','zhaozhao01','','2026-02-08 22:35:42','2026-02-08 22:35:42',0),(462,208,12,'管理部',7,'财务部','zhaozhao01','zhangsan01',2,4,'2026-02-08','资产分配','zhaozhao01','','2026-02-08 22:35:42','2026-02-08 22:35:42',0),(463,209,12,'管理部',7,'财务部','zhaozhao01','zhangsan01',2,4,'2026-02-08','资产分配','zhaozhao01','','2026-02-08 22:35:42','2026-02-08 22:35:42',0),(464,210,12,'管理部',7,'财务部','zhaozhao01','zhangsan01',2,4,'2026-02-08','资产分配','zhaozhao01','','2026-02-08 22:35:42','2026-02-08 22:35:42',0),(465,211,12,'管理部',7,'财务部','zhaozhao01','zhangsan01',2,4,'2026-02-08','资产分配','zhaozhao01','','2026-02-08 22:35:42','2026-02-08 22:35:42',0),(466,212,12,'管理部',7,'财务部','zhaozhao01','zhangsan01',2,4,'2026-02-08','资产分配','zhaozhao01','','2026-02-08 22:35:42','2026-02-08 22:35:42',0),(467,213,12,'管理部',7,'财务部','zhaozhao01','zhangsan01',2,4,'2026-02-08','资产分配','zhaozhao01','','2026-02-08 22:35:42','2026-02-08 22:35:42',0),(468,214,12,'管理部',7,'财务部','zhaozhao01','zhangsan01',2,4,'2026-02-08','资产分配','zhaozhao01','','2026-02-08 22:35:42','2026-02-08 22:35:42',0),(469,202,12,'管理部',7,'财务部','zhaozhao01','zhangsan01',2,4,'2026-02-08','资产分配','zhaozhao01','','2026-02-08 22:35:43','2026-02-08 22:35:43',0),(470,216,12,'管理部',7,'财务部','zhaozhao01','zhangsan01',2,4,'2026-02-08','资产分配','zhaozhao01','','2026-02-08 22:35:43','2026-02-08 22:35:43',0),(471,217,12,'管理部',7,'财务部','zhaozhao01','zhangsan01',2,4,'2026-02-08','资产分配','zhaozhao01','','2026-02-08 22:35:43','2026-02-08 22:35:43',0),(472,218,12,'管理部',7,'财务部','zhaozhao01','zhangsan01',2,4,'2026-02-08','资产分配','zhaozhao01','','2026-02-08 22:35:43','2026-02-08 22:35:43',0),(473,219,12,'管理部',7,'财务部','zhaozhao01','zhangsan01',2,4,'2026-02-08','资产分配','zhaozhao01','','2026-02-08 22:35:43','2026-02-08 22:35:43',0),(474,220,12,'管理部',7,'财务部','zhaozhao01','zhangsan01',2,4,'2026-02-08','资产分配','zhaozhao01','','2026-02-08 22:35:43','2026-02-08 22:35:43',0),(475,221,12,'管理部',7,'财务部','zhaozhao01','zhangsan01',2,4,'2026-02-08','资产分配','zhaozhao01','','2026-02-08 22:35:43','2026-02-08 22:35:43',0),(476,222,12,'管理部',7,'财务部','zhaozhao01','zhangsan01',2,4,'2026-02-08','资产分配','zhaozhao01','','2026-02-08 22:35:43','2026-02-08 22:35:43',0),(477,223,12,'管理部',7,'财务部','zhaozhao01','zhangsan01',2,4,'2026-02-08','资产分配','zhaozhao01','','2026-02-08 22:35:43','2026-02-08 22:35:43',0),(478,224,12,'管理部',7,'财务部','zhaozhao01','zhangsan01',2,4,'2026-02-08','资产分配','zhaozhao01','','2026-02-08 22:35:43','2026-02-08 22:35:43',0),(479,225,12,'管理部',7,'财务部','zhaozhao01','zhangsan01',2,4,'2026-02-08','资产分配','zhaozhao01','','2026-02-08 22:35:43','2026-02-08 22:35:43',0),(480,226,12,'管理部',7,'财务部','zhaozhao01','zhangsan01',2,4,'2026-02-08','资产分配','zhaozhao01','','2026-02-08 22:35:43','2026-02-08 22:35:43',0),(481,12,1,'总公司',12,'管理部','admin','zhaozhao01',4,1,'2026-02-08','采购入库','zhaozhao01','从采购单入库：联想台式电脑','2026-02-08 22:36:00','2026-02-08 22:36:00',0),(482,13,1,'总公司',12,'管理部','admin','zhaozhao01',4,1,'2026-02-08','采购入库','zhaozhao01','从采购单入库：联想台式电脑','2026-02-08 22:36:00','2026-02-08 22:36:00',0),(483,14,1,'总公司',12,'管理部','admin','zhaozhao01',4,1,'2026-02-08','采购入库','zhaozhao01','从采购单入库：联想台式电脑','2026-02-08 22:36:00','2026-02-08 22:36:00',0),(484,15,1,'总公司',12,'管理部','admin','zhaozhao01',4,1,'2026-02-08','采购入库','zhaozhao01','从采购单入库：联想台式电脑','2026-02-08 22:36:00','2026-02-08 22:36:00',0),(485,16,1,'总公司',12,'管理部','admin','zhaozhao01',4,1,'2026-02-08','采购入库','zhaozhao01','从采购单入库：联想台式电脑','2026-02-08 22:36:00','2026-02-08 22:36:00',0),(486,42,1,'总公司',12,'管理部','admin','zhaozhao01',4,1,'2026-02-08','采购入库','zhaozhao01','从采购单入库：联想笔记本电脑','2026-02-08 22:36:00','2026-02-08 22:36:00',0),(487,43,1,'总公司',12,'管理部','admin','zhaozhao01',4,1,'2026-02-08','采购入库','zhaozhao01','从采购单入库：联想笔记本电脑','2026-02-08 22:36:00','2026-02-08 22:36:00',0),(488,44,1,'总公司',12,'管理部','admin','zhaozhao01',4,1,'2026-02-08','采购入库','zhaozhao01','从采购单入库：联想笔记本电脑','2026-02-08 22:36:01','2026-02-08 22:36:01',0),(489,45,1,'总公司',12,'管理部','admin','zhaozhao01',4,1,'2026-02-08','采购入库','zhaozhao01','从采购单入库：联想笔记本电脑','2026-02-08 22:36:01','2026-02-08 22:36:01',0),(490,46,1,'总公司',12,'管理部','admin','zhaozhao01',4,1,'2026-02-08','采购入库','zhaozhao01','从采购单入库：联想笔记本电脑','2026-02-08 22:36:01','2026-02-08 22:36:01',0),(491,2,1,'总公司',12,'管理部','admin','zhaozhao01',4,1,'2026-02-08','采购入库','zhaozhao01','从采购单入库：长城牌皮卡车','2026-02-08 22:36:01','2026-02-08 22:36:01',0),(492,4,1,'总公司',12,'管理部','admin','zhaozhao01',4,1,'2026-02-08','采购入库','zhaozhao01','从采购单入库：奥迪牌轿车','2026-02-08 22:36:01','2026-02-08 22:36:01',0),(493,12,12,'管理部',7,'财务部','zhaozhao01','zhangsan01',2,4,'2026-02-08','资产分配','zhaozhao01','','2026-02-08 22:36:09','2026-02-08 22:36:09',0),(494,13,12,'管理部',7,'财务部','zhaozhao01','zhangsan01',2,4,'2026-02-08','资产分配','zhaozhao01','','2026-02-08 22:36:09','2026-02-08 22:36:09',0),(495,14,12,'管理部',7,'财务部','zhaozhao01','zhangsan01',2,4,'2026-02-08','资产分配','zhaozhao01','','2026-02-08 22:36:09','2026-02-08 22:36:09',0),(496,15,12,'管理部',7,'财务部','zhaozhao01','zhangsan01',2,4,'2026-02-08','资产分配','zhaozhao01','','2026-02-08 22:36:09','2026-02-08 22:36:09',0),(497,16,12,'管理部',7,'财务部','zhaozhao01','zhangsan01',2,4,'2026-02-08','资产分配','zhaozhao01','','2026-02-08 22:36:09','2026-02-08 22:36:09',0),(498,42,12,'管理部',7,'财务部','zhaozhao01','zhangsan01',2,4,'2026-02-08','资产分配','zhaozhao01','','2026-02-08 22:36:09','2026-02-08 22:36:09',0),(499,43,12,'管理部',7,'财务部','zhaozhao01','zhangsan01',2,4,'2026-02-08','资产分配','zhaozhao01','','2026-02-08 22:36:09','2026-02-08 22:36:09',0),(500,44,12,'管理部',7,'财务部','zhaozhao01','zhangsan01',2,4,'2026-02-08','资产分配','zhaozhao01','','2026-02-08 22:36:09','2026-02-08 22:36:09',0),(501,45,12,'管理部',7,'财务部','zhaozhao01','zhangsan01',2,4,'2026-02-08','资产分配','zhaozhao01','','2026-02-08 22:36:09','2026-02-08 22:36:09',0),(502,46,12,'管理部',7,'财务部','zhaozhao01','zhangsan01',2,4,'2026-02-08','资产分配','zhaozhao01','','2026-02-08 22:36:09','2026-02-08 22:36:09',0),(503,2,12,'管理部',7,'财务部','zhaozhao01','zhangsan01',2,4,'2026-02-08','资产分配','zhaozhao01','','2026-02-08 22:36:09','2026-02-08 22:36:09',0),(504,4,12,'管理部',7,'财务部','zhaozhao01','zhangsan01',2,4,'2026-02-08','资产分配','zhaozhao01','','2026-02-08 22:36:10','2026-02-08 22:36:10',0),(505,5,1,'总公司',12,'管理部','admin','zhaozhao01',4,1,'2026-02-08','采购入库','zhaozhao01','从采购单入库：奥迪牌轿车','2026-02-08 22:36:15','2026-02-08 22:36:15',0),(506,3,1,'总公司',12,'管理部','admin','zhaozhao01',4,1,'2026-02-08','采购入库','zhaozhao01','从采购单入库：长城牌皮卡车','2026-02-08 22:36:15','2026-02-08 22:36:15',0),(507,47,1,'总公司',12,'管理部','admin','zhaozhao01',4,1,'2026-02-08','采购入库','zhaozhao01','从采购单入库：联想笔记本电脑','2026-02-08 22:36:15','2026-02-08 22:36:15',0),(508,17,1,'总公司',12,'管理部','admin','zhaozhao01',4,1,'2026-02-08','采购入库','zhaozhao01','从采购单入库：联想台式电脑','2026-02-08 22:36:15','2026-02-08 22:36:15',0),(509,17,12,'管理部',11,'维修部','zhaozhao01','zhouzhou01',2,4,'2026-02-08','资产分配','zhaozhao01','','2026-02-08 22:36:24','2026-02-08 22:36:24',0),(510,47,12,'管理部',11,'维修部','zhaozhao01','zhouzhou01',2,4,'2026-02-08','资产分配','zhaozhao01','','2026-02-08 22:36:24','2026-02-08 22:36:24',0),(511,3,12,'管理部',11,'维修部','zhaozhao01','zhouzhou01',2,4,'2026-02-08','资产分配','zhaozhao01','','2026-02-08 22:36:24','2026-02-08 22:36:24',0),(512,5,12,'管理部',11,'维修部','zhaozhao01','zhouzhou01',2,4,'2026-02-08','资产分配','zhaozhao01','','2026-02-08 22:36:24','2026-02-08 22:36:24',0),(513,252,1,'总公司',12,'管理部','admin','zhaozhao01',4,1,'2026-02-08','采购入库','zhaozhao01','从采购单入库：单人办公椅','2026-02-08 22:36:29','2026-02-08 22:36:29',0),(514,253,1,'总公司',12,'管理部','admin','zhaozhao01',4,1,'2026-02-08','采购入库','zhaozhao01','从采购单入库：单人办公椅','2026-02-08 22:36:29','2026-02-08 22:36:29',0),(515,254,1,'总公司',12,'管理部','admin','zhaozhao01',4,1,'2026-02-08','采购入库','zhaozhao01','从采购单入库：单人办公椅','2026-02-08 22:36:29','2026-02-08 22:36:29',0),(516,255,1,'总公司',12,'管理部','admin','zhaozhao01',4,1,'2026-02-08','采购入库','zhaozhao01','从采购单入库：单人办公椅','2026-02-08 22:36:29','2026-02-08 22:36:29',0),(517,256,1,'总公司',12,'管理部','admin','zhaozhao01',4,1,'2026-02-08','采购入库','zhaozhao01','从采购单入库：单人办公椅','2026-02-08 22:36:29','2026-02-08 22:36:29',0),(518,52,1,'总公司',12,'管理部','admin','zhaozhao01',4,1,'2026-02-08','采购入库','zhaozhao01','从采购单入库：单人办公桌','2026-02-08 22:36:29','2026-02-08 22:36:29',0),(519,53,1,'总公司',12,'管理部','admin','zhaozhao01',4,1,'2026-02-08','采购入库','zhaozhao01','从采购单入库：单人办公桌','2026-02-08 22:36:29','2026-02-08 22:36:29',0),(520,54,1,'总公司',12,'管理部','admin','zhaozhao01',4,1,'2026-02-08','采购入库','zhaozhao01','从采购单入库：单人办公桌','2026-02-08 22:36:29','2026-02-08 22:36:29',0),(521,55,1,'总公司',12,'管理部','admin','zhaozhao01',4,1,'2026-02-08','采购入库','zhaozhao01','从采购单入库：单人办公桌','2026-02-08 22:36:29','2026-02-08 22:36:29',0),(522,56,1,'总公司',12,'管理部','admin','zhaozhao01',4,1,'2026-02-08','采购入库','zhaozhao01','从采购单入库：单人办公桌','2026-02-08 22:36:29','2026-02-08 22:36:29',0),(523,252,12,'管理部',12,'管理部','zhaozhao01','zhaozhao01',2,4,'2026-02-08','资产分配','zhaozhao01','','2026-02-08 22:36:35','2026-02-08 22:36:35',0),(524,253,12,'管理部',12,'管理部','zhaozhao01','zhaozhao01',2,4,'2026-02-08','资产分配','zhaozhao01','','2026-02-08 22:36:35','2026-02-08 22:36:35',0),(525,254,12,'管理部',12,'管理部','zhaozhao01','zhaozhao01',2,4,'2026-02-08','资产分配','zhaozhao01','','2026-02-08 22:36:35','2026-02-08 22:36:35',0),(526,255,12,'管理部',12,'管理部','zhaozhao01','zhaozhao01',2,4,'2026-02-08','资产分配','zhaozhao01','','2026-02-08 22:36:35','2026-02-08 22:36:35',0),(527,256,12,'管理部',12,'管理部','zhaozhao01','zhaozhao01',2,4,'2026-02-08','资产分配','zhaozhao01','','2026-02-08 22:36:35','2026-02-08 22:36:35',0),(528,52,12,'管理部',12,'管理部','zhaozhao01','zhaozhao01',2,4,'2026-02-08','资产分配','zhaozhao01','','2026-02-08 22:36:35','2026-02-08 22:36:35',0),(529,53,12,'管理部',12,'管理部','zhaozhao01','zhaozhao01',2,4,'2026-02-08','资产分配','zhaozhao01','','2026-02-08 22:36:35','2026-02-08 22:36:35',0),(530,54,12,'管理部',12,'管理部','zhaozhao01','zhaozhao01',2,4,'2026-02-08','资产分配','zhaozhao01','','2026-02-08 22:36:35','2026-02-08 22:36:35',0),(531,55,12,'管理部',12,'管理部','zhaozhao01','zhaozhao01',2,4,'2026-02-08','资产分配','zhaozhao01','','2026-02-08 22:36:35','2026-02-08 22:36:35',0),(532,56,12,'管理部',12,'管理部','zhaozhao01','zhaozhao01',2,4,'2026-02-08','资产分配','zhaozhao01','','2026-02-08 22:36:36','2026-02-08 22:36:36',0),(533,257,1,'总公司',12,'管理部','admin','zhaozhao01',4,1,'2026-02-08','采购入库','zhaozhao01','从采购单入库：单人办公椅','2026-02-08 22:36:44','2026-02-08 22:36:44',0),(534,258,1,'总公司',12,'管理部','admin','zhaozhao01',4,1,'2026-02-08','采购入库','zhaozhao01','从采购单入库：单人办公椅','2026-02-08 22:36:44','2026-02-08 22:36:44',0),(535,259,1,'总公司',12,'管理部','admin','zhaozhao01',4,1,'2026-02-08','采购入库','zhaozhao01','从采购单入库：单人办公椅','2026-02-08 22:36:44','2026-02-08 22:36:44',0),(536,260,1,'总公司',12,'管理部','admin','zhaozhao01',4,1,'2026-02-08','采购入库','zhaozhao01','从采购单入库：单人办公椅','2026-02-08 22:36:44','2026-02-08 22:36:44',0),(537,261,1,'总公司',12,'管理部','admin','zhaozhao01',4,1,'2026-02-08','采购入库','zhaozhao01','从采购单入库：单人办公椅','2026-02-08 22:36:44','2026-02-08 22:36:44',0),(538,262,1,'总公司',12,'管理部','admin','zhaozhao01',4,1,'2026-02-08','采购入库','zhaozhao01','从采购单入库：单人办公椅','2026-02-08 22:36:44','2026-02-08 22:36:44',0),(539,263,1,'总公司',12,'管理部','admin','zhaozhao01',4,1,'2026-02-08','采购入库','zhaozhao01','从采购单入库：单人办公椅','2026-02-08 22:36:44','2026-02-08 22:36:44',0),(540,264,1,'总公司',12,'管理部','admin','zhaozhao01',4,1,'2026-02-08','采购入库','zhaozhao01','从采购单入库：单人办公椅','2026-02-08 22:36:44','2026-02-08 22:36:44',0),(541,265,1,'总公司',12,'管理部','admin','zhaozhao01',4,1,'2026-02-08','采购入库','zhaozhao01','从采购单入库：单人办公椅','2026-02-08 22:36:44','2026-02-08 22:36:44',0),(542,266,1,'总公司',12,'管理部','admin','zhaozhao01',4,1,'2026-02-08','采购入库','zhaozhao01','从采购单入库：单人办公椅','2026-02-08 22:36:44','2026-02-08 22:36:44',0),(543,267,1,'总公司',12,'管理部','admin','zhaozhao01',4,1,'2026-02-08','采购入库','zhaozhao01','从采购单入库：单人办公椅','2026-02-08 22:36:44','2026-02-08 22:36:44',0),(544,268,1,'总公司',12,'管理部','admin','zhaozhao01',4,1,'2026-02-08','采购入库','zhaozhao01','从采购单入库：单人办公椅','2026-02-08 22:36:44','2026-02-08 22:36:44',0),(545,269,1,'总公司',12,'管理部','admin','zhaozhao01',4,1,'2026-02-08','采购入库','zhaozhao01','从采购单入库：单人办公椅','2026-02-08 22:36:44','2026-02-08 22:36:44',0),(546,270,1,'总公司',12,'管理部','admin','zhaozhao01',4,1,'2026-02-08','采购入库','zhaozhao01','从采购单入库：单人办公椅','2026-02-08 22:36:44','2026-02-08 22:36:44',0),(547,271,1,'总公司',12,'管理部','admin','zhaozhao01',4,1,'2026-02-08','采购入库','zhaozhao01','从采购单入库：单人办公椅','2026-02-08 22:36:44','2026-02-08 22:36:44',0),(548,272,1,'总公司',12,'管理部','admin','zhaozhao01',4,1,'2026-02-08','采购入库','zhaozhao01','从采购单入库：单人办公椅','2026-02-08 22:36:44','2026-02-08 22:36:44',0),(549,273,1,'总公司',12,'管理部','admin','zhaozhao01',4,1,'2026-02-08','采购入库','zhaozhao01','从采购单入库：单人办公椅','2026-02-08 22:36:44','2026-02-08 22:36:44',0),(550,274,1,'总公司',12,'管理部','admin','zhaozhao01',4,1,'2026-02-08','采购入库','zhaozhao01','从采购单入库：单人办公椅','2026-02-08 22:36:44','2026-02-08 22:36:44',0),(551,275,1,'总公司',12,'管理部','admin','zhaozhao01',4,1,'2026-02-08','采购入库','zhaozhao01','从采购单入库：单人办公椅','2026-02-08 22:36:44','2026-02-08 22:36:44',0),(552,276,1,'总公司',12,'管理部','admin','zhaozhao01',4,1,'2026-02-08','采购入库','zhaozhao01','从采购单入库：单人办公椅','2026-02-08 22:36:44','2026-02-08 22:36:44',0),(553,57,1,'总公司',12,'管理部','admin','zhaozhao01',4,1,'2026-02-08','采购入库','zhaozhao01','从采购单入库：单人办公桌','2026-02-08 22:36:44','2026-02-08 22:36:44',0),(554,58,1,'总公司',12,'管理部','admin','zhaozhao01',4,1,'2026-02-08','采购入库','zhaozhao01','从采购单入库：单人办公桌','2026-02-08 22:36:44','2026-02-08 22:36:44',0),(555,59,1,'总公司',12,'管理部','admin','zhaozhao01',4,1,'2026-02-08','采购入库','zhaozhao01','从采购单入库：单人办公桌','2026-02-08 22:36:44','2026-02-08 22:36:44',0),(556,60,1,'总公司',12,'管理部','admin','zhaozhao01',4,1,'2026-02-08','采购入库','zhaozhao01','从采购单入库：单人办公桌','2026-02-08 22:36:44','2026-02-08 22:36:44',0),(557,61,1,'总公司',12,'管理部','admin','zhaozhao01',4,1,'2026-02-08','采购入库','zhaozhao01','从采购单入库：单人办公桌','2026-02-08 22:36:44','2026-02-08 22:36:44',0),(558,62,1,'总公司',12,'管理部','admin','zhaozhao01',4,1,'2026-02-08','采购入库','zhaozhao01','从采购单入库：单人办公桌','2026-02-08 22:36:44','2026-02-08 22:36:44',0),(559,63,1,'总公司',12,'管理部','admin','zhaozhao01',4,1,'2026-02-08','采购入库','zhaozhao01','从采购单入库：单人办公桌','2026-02-08 22:36:44','2026-02-08 22:36:44',0),(560,64,1,'总公司',12,'管理部','admin','zhaozhao01',4,1,'2026-02-08','采购入库','zhaozhao01','从采购单入库：单人办公桌','2026-02-08 22:36:44','2026-02-08 22:36:44',0),(561,65,1,'总公司',12,'管理部','admin','zhaozhao01',4,1,'2026-02-08','采购入库','zhaozhao01','从采购单入库：单人办公桌','2026-02-08 22:36:44','2026-02-08 22:36:44',0),(562,66,1,'总公司',12,'管理部','admin','zhaozhao01',4,1,'2026-02-08','采购入库','zhaozhao01','从采购单入库：单人办公桌','2026-02-08 22:36:44','2026-02-08 22:36:44',0),(563,67,1,'总公司',12,'管理部','admin','zhaozhao01',4,1,'2026-02-08','采购入库','zhaozhao01','从采购单入库：单人办公桌','2026-02-08 22:36:44','2026-02-08 22:36:44',0),(564,68,1,'总公司',12,'管理部','admin','zhaozhao01',4,1,'2026-02-08','采购入库','zhaozhao01','从采购单入库：单人办公桌','2026-02-08 22:36:44','2026-02-08 22:36:44',0),(565,69,1,'总公司',12,'管理部','admin','zhaozhao01',4,1,'2026-02-08','采购入库','zhaozhao01','从采购单入库：单人办公桌','2026-02-08 22:36:44','2026-02-08 22:36:44',0),(566,70,1,'总公司',12,'管理部','admin','zhaozhao01',4,1,'2026-02-08','采购入库','zhaozhao01','从采购单入库：单人办公桌','2026-02-08 22:36:44','2026-02-08 22:36:44',0),(567,71,1,'总公司',12,'管理部','admin','zhaozhao01',4,1,'2026-02-08','采购入库','zhaozhao01','从采购单入库：单人办公桌','2026-02-08 22:36:44','2026-02-08 22:36:44',0),(568,72,1,'总公司',12,'管理部','admin','zhaozhao01',4,1,'2026-02-08','采购入库','zhaozhao01','从采购单入库：单人办公桌','2026-02-08 22:36:44','2026-02-08 22:36:44',0),(569,73,1,'总公司',12,'管理部','admin','zhaozhao01',4,1,'2026-02-08','采购入库','zhaozhao01','从采购单入库：单人办公桌','2026-02-08 22:36:45','2026-02-08 22:36:45',0),(570,74,1,'总公司',12,'管理部','admin','zhaozhao01',4,1,'2026-02-08','采购入库','zhaozhao01','从采购单入库：单人办公桌','2026-02-08 22:36:45','2026-02-08 22:36:45',0),(571,75,1,'总公司',12,'管理部','admin','zhaozhao01',4,1,'2026-02-08','采购入库','zhaozhao01','从采购单入库：单人办公桌','2026-02-08 22:36:45','2026-02-08 22:36:45',0),(572,76,1,'总公司',12,'管理部','admin','zhaozhao01',4,1,'2026-02-08','采购入库','zhaozhao01','从采购单入库：单人办公桌','2026-02-08 22:36:45','2026-02-08 22:36:45',0),(573,267,12,'管理部',10,'资产部','zhaozhao01','wangwu01',2,4,'2026-02-08','资产分配','zhaozhao01','','2026-02-08 22:36:54','2026-02-08 22:36:54',0),(574,258,12,'管理部',10,'资产部','zhaozhao01','wangwu01',2,4,'2026-02-08','资产分配','zhaozhao01','','2026-02-08 22:36:54','2026-02-08 22:36:54',0),(575,259,12,'管理部',10,'资产部','zhaozhao01','wangwu01',2,4,'2026-02-08','资产分配','zhaozhao01','','2026-02-08 22:36:55','2026-02-08 22:36:55',0),(576,260,12,'管理部',10,'资产部','zhaozhao01','wangwu01',2,4,'2026-02-08','资产分配','zhaozhao01','','2026-02-08 22:36:55','2026-02-08 22:36:55',0),(577,261,12,'管理部',10,'资产部','zhaozhao01','wangwu01',2,4,'2026-02-08','资产分配','zhaozhao01','','2026-02-08 22:36:55','2026-02-08 22:36:55',0),(578,262,12,'管理部',10,'资产部','zhaozhao01','wangwu01',2,4,'2026-02-08','资产分配','zhaozhao01','','2026-02-08 22:36:55','2026-02-08 22:36:55',0),(579,263,12,'管理部',10,'资产部','zhaozhao01','wangwu01',2,4,'2026-02-08','资产分配','zhaozhao01','','2026-02-08 22:36:55','2026-02-08 22:36:55',0),(580,264,12,'管理部',10,'资产部','zhaozhao01','wangwu01',2,4,'2026-02-08','资产分配','zhaozhao01','','2026-02-08 22:36:55','2026-02-08 22:36:55',0),(581,265,12,'管理部',10,'资产部','zhaozhao01','wangwu01',2,4,'2026-02-08','资产分配','zhaozhao01','','2026-02-08 22:36:55','2026-02-08 22:36:55',0),(582,266,12,'管理部',10,'资产部','zhaozhao01','wangwu01',2,4,'2026-02-08','资产分配','zhaozhao01','','2026-02-08 22:36:55','2026-02-08 22:36:55',0),(583,257,12,'管理部',10,'资产部','zhaozhao01','wangwu01',2,4,'2026-02-08','资产分配','zhaozhao01','','2026-02-08 22:36:55','2026-02-08 22:36:55',0),(584,268,12,'管理部',10,'资产部','zhaozhao01','wangwu01',2,4,'2026-02-08','资产分配','zhaozhao01','','2026-02-08 22:36:55','2026-02-08 22:36:55',0),(585,269,12,'管理部',10,'资产部','zhaozhao01','wangwu01',2,4,'2026-02-08','资产分配','zhaozhao01','','2026-02-08 22:36:55','2026-02-08 22:36:55',0),(586,270,12,'管理部',10,'资产部','zhaozhao01','wangwu01',2,4,'2026-02-08','资产分配','zhaozhao01','','2026-02-08 22:36:55','2026-02-08 22:36:55',0),(587,271,12,'管理部',10,'资产部','zhaozhao01','wangwu01',2,4,'2026-02-08','资产分配','zhaozhao01','','2026-02-08 22:36:55','2026-02-08 22:36:55',0),(588,272,12,'管理部',10,'资产部','zhaozhao01','wangwu01',2,4,'2026-02-08','资产分配','zhaozhao01','','2026-02-08 22:36:55','2026-02-08 22:36:55',0),(589,273,12,'管理部',10,'资产部','zhaozhao01','wangwu01',2,4,'2026-02-08','资产分配','zhaozhao01','','2026-02-08 22:36:55','2026-02-08 22:36:55',0),(590,274,12,'管理部',10,'资产部','zhaozhao01','wangwu01',2,4,'2026-02-08','资产分配','zhaozhao01','','2026-02-08 22:36:56','2026-02-08 22:36:56',0),(591,275,12,'管理部',10,'资产部','zhaozhao01','wangwu01',2,4,'2026-02-08','资产分配','zhaozhao01','','2026-02-08 22:36:56','2026-02-08 22:36:56',0),(592,276,12,'管理部',10,'资产部','zhaozhao01','wangwu01',2,4,'2026-02-08','资产分配','zhaozhao01','','2026-02-08 22:36:56','2026-02-08 22:36:56',0),(593,67,12,'管理部',10,'资产部','zhaozhao01','wangwu01',2,4,'2026-02-08','资产分配','zhaozhao01','','2026-02-08 22:36:56','2026-02-08 22:36:56',0),(594,58,12,'管理部',10,'资产部','zhaozhao01','wangwu01',2,4,'2026-02-08','资产分配','zhaozhao01','','2026-02-08 22:36:56','2026-02-08 22:36:56',0),(595,59,12,'管理部',10,'资产部','zhaozhao01','wangwu01',2,4,'2026-02-08','资产分配','zhaozhao01','','2026-02-08 22:36:56','2026-02-08 22:36:56',0),(596,60,12,'管理部',10,'资产部','zhaozhao01','wangwu01',2,4,'2026-02-08','资产分配','zhaozhao01','','2026-02-08 22:36:56','2026-02-08 22:36:56',0),(597,61,12,'管理部',10,'资产部','zhaozhao01','wangwu01',2,4,'2026-02-08','资产分配','zhaozhao01','','2026-02-08 22:36:56','2026-02-08 22:36:56',0),(598,62,12,'管理部',10,'资产部','zhaozhao01','wangwu01',2,4,'2026-02-08','资产分配','zhaozhao01','','2026-02-08 22:36:56','2026-02-08 22:36:56',0),(599,63,12,'管理部',10,'资产部','zhaozhao01','wangwu01',2,4,'2026-02-08','资产分配','zhaozhao01','','2026-02-08 22:36:56','2026-02-08 22:36:56',0),(600,64,12,'管理部',10,'资产部','zhaozhao01','wangwu01',2,4,'2026-02-08','资产分配','zhaozhao01','','2026-02-08 22:36:56','2026-02-08 22:36:56',0),(601,65,12,'管理部',10,'资产部','zhaozhao01','wangwu01',2,4,'2026-02-08','资产分配','zhaozhao01','','2026-02-08 22:36:56','2026-02-08 22:36:56',0),(602,66,12,'管理部',10,'资产部','zhaozhao01','wangwu01',2,4,'2026-02-08','资产分配','zhaozhao01','','2026-02-08 22:36:56','2026-02-08 22:36:56',0),(603,57,12,'管理部',10,'资产部','zhaozhao01','wangwu01',2,4,'2026-02-08','资产分配','zhaozhao01','','2026-02-08 22:36:57','2026-02-08 22:36:57',0),(604,68,12,'管理部',10,'资产部','zhaozhao01','wangwu01',2,4,'2026-02-08','资产分配','zhaozhao01','','2026-02-08 22:36:57','2026-02-08 22:36:57',0),(605,69,12,'管理部',10,'资产部','zhaozhao01','wangwu01',2,4,'2026-02-08','资产分配','zhaozhao01','','2026-02-08 22:36:57','2026-02-08 22:36:57',0),(606,70,12,'管理部',10,'资产部','zhaozhao01','wangwu01',2,4,'2026-02-08','资产分配','zhaozhao01','','2026-02-08 22:36:57','2026-02-08 22:36:57',0),(607,71,12,'管理部',10,'资产部','zhaozhao01','wangwu01',2,4,'2026-02-08','资产分配','zhaozhao01','','2026-02-08 22:36:57','2026-02-08 22:36:57',0),(608,72,12,'管理部',10,'资产部','zhaozhao01','wangwu01',2,4,'2026-02-08','资产分配','zhaozhao01','','2026-02-08 22:36:57','2026-02-08 22:36:57',0),(609,73,12,'管理部',10,'资产部','zhaozhao01','wangwu01',2,4,'2026-02-08','资产分配','zhaozhao01','','2026-02-08 22:36:57','2026-02-08 22:36:57',0),(610,74,12,'管理部',10,'资产部','zhaozhao01','wangwu01',2,4,'2026-02-08','资产分配','zhaozhao01','','2026-02-08 22:36:57','2026-02-08 22:36:57',0),(611,75,12,'管理部',10,'资产部','zhaozhao01','wangwu01',2,4,'2026-02-08','资产分配','zhaozhao01','','2026-02-08 22:36:57','2026-02-08 22:36:57',0),(612,76,12,'管理部',10,'资产部','zhaozhao01','wangwu01',2,4,'2026-02-08','资产分配','zhaozhao01','','2026-02-08 22:36:57','2026-02-08 22:36:57',0),(613,277,1,'总公司',12,'管理部','admin','zhaozhao01',4,1,'2026-02-08','采购入库','zhaozhao01','从采购单入库：单人办公椅','2026-02-08 22:37:04','2026-02-08 22:37:04',0),(614,278,1,'总公司',12,'管理部','admin','zhaozhao01',4,1,'2026-02-08','采购入库','zhaozhao01','从采购单入库：单人办公椅','2026-02-08 22:37:04','2026-02-08 22:37:04',0),(615,279,1,'总公司',12,'管理部','admin','zhaozhao01',4,1,'2026-02-08','采购入库','zhaozhao01','从采购单入库：单人办公椅','2026-02-08 22:37:04','2026-02-08 22:37:04',0),(616,280,1,'总公司',12,'管理部','admin','zhaozhao01',4,1,'2026-02-08','采购入库','zhaozhao01','从采购单入库：单人办公椅','2026-02-08 22:37:04','2026-02-08 22:37:04',0),(617,281,1,'总公司',12,'管理部','admin','zhaozhao01',4,1,'2026-02-08','采购入库','zhaozhao01','从采购单入库：单人办公椅','2026-02-08 22:37:04','2026-02-08 22:37:04',0),(618,282,1,'总公司',12,'管理部','admin','zhaozhao01',4,1,'2026-02-08','采购入库','zhaozhao01','从采购单入库：单人办公椅','2026-02-08 22:37:04','2026-02-08 22:37:04',0),(619,283,1,'总公司',12,'管理部','admin','zhaozhao01',4,1,'2026-02-08','采购入库','zhaozhao01','从采购单入库：单人办公椅','2026-02-08 22:37:04','2026-02-08 22:37:04',0),(620,284,1,'总公司',12,'管理部','admin','zhaozhao01',4,1,'2026-02-08','采购入库','zhaozhao01','从采购单入库：单人办公椅','2026-02-08 22:37:04','2026-02-08 22:37:04',0),(621,285,1,'总公司',12,'管理部','admin','zhaozhao01',4,1,'2026-02-08','采购入库','zhaozhao01','从采购单入库：单人办公椅','2026-02-08 22:37:04','2026-02-08 22:37:04',0),(622,286,1,'总公司',12,'管理部','admin','zhaozhao01',4,1,'2026-02-08','采购入库','zhaozhao01','从采购单入库：单人办公椅','2026-02-08 22:37:04','2026-02-08 22:37:04',0),(623,287,1,'总公司',12,'管理部','admin','zhaozhao01',4,1,'2026-02-08','采购入库','zhaozhao01','从采购单入库：单人办公椅','2026-02-08 22:37:04','2026-02-08 22:37:04',0),(624,288,1,'总公司',12,'管理部','admin','zhaozhao01',4,1,'2026-02-08','采购入库','zhaozhao01','从采购单入库：单人办公椅','2026-02-08 22:37:04','2026-02-08 22:37:04',0),(625,289,1,'总公司',12,'管理部','admin','zhaozhao01',4,1,'2026-02-08','采购入库','zhaozhao01','从采购单入库：单人办公椅','2026-02-08 22:37:04','2026-02-08 22:37:04',0),(626,290,1,'总公司',12,'管理部','admin','zhaozhao01',4,1,'2026-02-08','采购入库','zhaozhao01','从采购单入库：单人办公椅','2026-02-08 22:37:04','2026-02-08 22:37:04',0),(627,291,1,'总公司',12,'管理部','admin','zhaozhao01',4,1,'2026-02-08','采购入库','zhaozhao01','从采购单入库：单人办公椅','2026-02-08 22:37:04','2026-02-08 22:37:04',0),(628,292,1,'总公司',12,'管理部','admin','zhaozhao01',4,1,'2026-02-08','采购入库','zhaozhao01','从采购单入库：单人办公椅','2026-02-08 22:37:04','2026-02-08 22:37:04',0),(629,293,1,'总公司',12,'管理部','admin','zhaozhao01',4,1,'2026-02-08','采购入库','zhaozhao01','从采购单入库：单人办公椅','2026-02-08 22:37:04','2026-02-08 22:37:04',0),(630,294,1,'总公司',12,'管理部','admin','zhaozhao01',4,1,'2026-02-08','采购入库','zhaozhao01','从采购单入库：单人办公椅','2026-02-08 22:37:04','2026-02-08 22:37:04',0),(631,295,1,'总公司',12,'管理部','admin','zhaozhao01',4,1,'2026-02-08','采购入库','zhaozhao01','从采购单入库：单人办公椅','2026-02-08 22:37:05','2026-02-08 22:37:05',0),(632,296,1,'总公司',12,'管理部','admin','zhaozhao01',4,1,'2026-02-08','采购入库','zhaozhao01','从采购单入库：单人办公椅','2026-02-08 22:37:05','2026-02-08 22:37:05',0),(633,297,1,'总公司',12,'管理部','admin','zhaozhao01',4,1,'2026-02-08','采购入库','zhaozhao01','从采购单入库：单人办公椅','2026-02-08 22:37:05','2026-02-08 22:37:05',0),(634,298,1,'总公司',12,'管理部','admin','zhaozhao01',4,1,'2026-02-08','采购入库','zhaozhao01','从采购单入库：单人办公椅','2026-02-08 22:37:05','2026-02-08 22:37:05',0),(635,299,1,'总公司',12,'管理部','admin','zhaozhao01',4,1,'2026-02-08','采购入库','zhaozhao01','从采购单入库：单人办公椅','2026-02-08 22:37:05','2026-02-08 22:37:05',0),(636,300,1,'总公司',12,'管理部','admin','zhaozhao01',4,1,'2026-02-08','采购入库','zhaozhao01','从采购单入库：单人办公椅','2026-02-08 22:37:05','2026-02-08 22:37:05',0),(637,301,1,'总公司',12,'管理部','admin','zhaozhao01',4,1,'2026-02-08','采购入库','zhaozhao01','从采购单入库：单人办公椅','2026-02-08 22:37:05','2026-02-08 22:37:05',0),(638,302,1,'总公司',12,'管理部','admin','zhaozhao01',4,1,'2026-02-08','采购入库','zhaozhao01','从采购单入库：单人办公椅','2026-02-08 22:37:05','2026-02-08 22:37:05',0),(639,303,1,'总公司',12,'管理部','admin','zhaozhao01',4,1,'2026-02-08','采购入库','zhaozhao01','从采购单入库：单人办公椅','2026-02-08 22:37:05','2026-02-08 22:37:05',0),(640,304,1,'总公司',12,'管理部','admin','zhaozhao01',4,1,'2026-02-08','采购入库','zhaozhao01','从采购单入库：单人办公椅','2026-02-08 22:37:05','2026-02-08 22:37:05',0),(641,305,1,'总公司',12,'管理部','admin','zhaozhao01',4,1,'2026-02-08','采购入库','zhaozhao01','从采购单入库：单人办公椅','2026-02-08 22:37:05','2026-02-08 22:37:05',0),(642,306,1,'总公司',12,'管理部','admin','zhaozhao01',4,1,'2026-02-08','采购入库','zhaozhao01','从采购单入库：单人办公椅','2026-02-08 22:37:05','2026-02-08 22:37:05',0),(643,307,1,'总公司',12,'管理部','admin','zhaozhao01',4,1,'2026-02-08','采购入库','zhaozhao01','从采购单入库：单人办公椅','2026-02-08 22:37:05','2026-02-08 22:37:05',0),(644,308,1,'总公司',12,'管理部','admin','zhaozhao01',4,1,'2026-02-08','采购入库','zhaozhao01','从采购单入库：单人办公椅','2026-02-08 22:37:05','2026-02-08 22:37:05',0),(645,309,1,'总公司',12,'管理部','admin','zhaozhao01',4,1,'2026-02-08','采购入库','zhaozhao01','从采购单入库：单人办公椅','2026-02-08 22:37:05','2026-02-08 22:37:05',0),(646,310,1,'总公司',12,'管理部','admin','zhaozhao01',4,1,'2026-02-08','采购入库','zhaozhao01','从采购单入库：单人办公椅','2026-02-08 22:37:05','2026-02-08 22:37:05',0),(647,311,1,'总公司',12,'管理部','admin','zhaozhao01',4,1,'2026-02-08','采购入库','zhaozhao01','从采购单入库：单人办公椅','2026-02-08 22:37:05','2026-02-08 22:37:05',0),(648,312,1,'总公司',12,'管理部','admin','zhaozhao01',4,1,'2026-02-08','采购入库','zhaozhao01','从采购单入库：单人办公椅','2026-02-08 22:37:05','2026-02-08 22:37:05',0),(649,313,1,'总公司',12,'管理部','admin','zhaozhao01',4,1,'2026-02-08','采购入库','zhaozhao01','从采购单入库：单人办公椅','2026-02-08 22:37:05','2026-02-08 22:37:05',0),(650,314,1,'总公司',12,'管理部','admin','zhaozhao01',4,1,'2026-02-08','采购入库','zhaozhao01','从采购单入库：单人办公椅','2026-02-08 22:37:05','2026-02-08 22:37:05',0),(651,315,1,'总公司',12,'管理部','admin','zhaozhao01',4,1,'2026-02-08','采购入库','zhaozhao01','从采购单入库：单人办公椅','2026-02-08 22:37:05','2026-02-08 22:37:05',0),(652,316,1,'总公司',12,'管理部','admin','zhaozhao01',4,1,'2026-02-08','采购入库','zhaozhao01','从采购单入库：单人办公椅','2026-02-08 22:37:05','2026-02-08 22:37:05',0),(653,317,1,'总公司',12,'管理部','admin','zhaozhao01',4,1,'2026-02-08','采购入库','zhaozhao01','从采购单入库：单人办公椅','2026-02-08 22:37:05','2026-02-08 22:37:05',0),(654,318,1,'总公司',12,'管理部','admin','zhaozhao01',4,1,'2026-02-08','采购入库','zhaozhao01','从采购单入库：单人办公椅','2026-02-08 22:37:05','2026-02-08 22:37:05',0),(655,319,1,'总公司',12,'管理部','admin','zhaozhao01',4,1,'2026-02-08','采购入库','zhaozhao01','从采购单入库：单人办公椅','2026-02-08 22:37:05','2026-02-08 22:37:05',0),(656,320,1,'总公司',12,'管理部','admin','zhaozhao01',4,1,'2026-02-08','采购入库','zhaozhao01','从采购单入库：单人办公椅','2026-02-08 22:37:05','2026-02-08 22:37:05',0),(657,321,1,'总公司',12,'管理部','admin','zhaozhao01',4,1,'2026-02-08','采购入库','zhaozhao01','从采购单入库：单人办公椅','2026-02-08 22:37:05','2026-02-08 22:37:05',0),(658,322,1,'总公司',12,'管理部','admin','zhaozhao01',4,1,'2026-02-08','采购入库','zhaozhao01','从采购单入库：单人办公椅','2026-02-08 22:37:05','2026-02-08 22:37:05',0),(659,323,1,'总公司',12,'管理部','admin','zhaozhao01',4,1,'2026-02-08','采购入库','zhaozhao01','从采购单入库：单人办公椅','2026-02-08 22:37:05','2026-02-08 22:37:05',0),(660,324,1,'总公司',12,'管理部','admin','zhaozhao01',4,1,'2026-02-08','采购入库','zhaozhao01','从采购单入库：单人办公椅','2026-02-08 22:37:05','2026-02-08 22:37:05',0),(661,325,1,'总公司',12,'管理部','admin','zhaozhao01',4,1,'2026-02-08','采购入库','zhaozhao01','从采购单入库：单人办公椅','2026-02-08 22:37:05','2026-02-08 22:37:05',0),(662,326,1,'总公司',12,'管理部','admin','zhaozhao01',4,1,'2026-02-08','采购入库','zhaozhao01','从采购单入库：单人办公椅','2026-02-08 22:37:05','2026-02-08 22:37:05',0),(663,315,12,'管理部',5,'开发平台','zhaozhao01','lisi01',2,4,'2026-02-08','资产分配','zhaozhao01','','2026-02-08 22:37:50','2026-02-08 22:37:50',0),(664,303,12,'管理部',5,'开发平台','zhaozhao01','lisi01',2,4,'2026-02-08','资产分配','zhaozhao01','','2026-02-08 22:37:50','2026-02-08 22:37:50',0),(665,304,12,'管理部',5,'开发平台','zhaozhao01','lisi01',2,4,'2026-02-08','资产分配','zhaozhao01','','2026-02-08 22:37:50','2026-02-08 22:37:50',0),(666,305,12,'管理部',5,'开发平台','zhaozhao01','lisi01',2,4,'2026-02-08','资产分配','zhaozhao01','','2026-02-08 22:37:50','2026-02-08 22:37:50',0),(667,306,12,'管理部',5,'开发平台','zhaozhao01','lisi01',2,4,'2026-02-08','资产分配','zhaozhao01','','2026-02-08 22:37:50','2026-02-08 22:37:50',0),(668,307,12,'管理部',5,'开发平台','zhaozhao01','lisi01',2,4,'2026-02-08','资产分配','zhaozhao01','','2026-02-08 22:37:50','2026-02-08 22:37:50',0),(669,308,12,'管理部',5,'开发平台','zhaozhao01','lisi01',2,4,'2026-02-08','资产分配','zhaozhao01','','2026-02-08 22:37:50','2026-02-08 22:37:50',0),(670,309,12,'管理部',5,'开发平台','zhaozhao01','lisi01',2,4,'2026-02-08','资产分配','zhaozhao01','','2026-02-08 22:37:50','2026-02-08 22:37:50',0),(671,310,12,'管理部',5,'开发平台','zhaozhao01','lisi01',2,4,'2026-02-08','资产分配','zhaozhao01','','2026-02-08 22:37:50','2026-02-08 22:37:50',0),(672,311,12,'管理部',5,'开发平台','zhaozhao01','lisi01',2,4,'2026-02-08','资产分配','zhaozhao01','','2026-02-08 22:37:50','2026-02-08 22:37:50',0),(673,312,12,'管理部',5,'开发平台','zhaozhao01','lisi01',2,4,'2026-02-08','资产分配','zhaozhao01','','2026-02-08 22:37:50','2026-02-08 22:37:50',0),(674,313,12,'管理部',5,'开发平台','zhaozhao01','lisi01',2,4,'2026-02-08','资产分配','zhaozhao01','','2026-02-08 22:37:50','2026-02-08 22:37:50',0),(675,314,12,'管理部',5,'开发平台','zhaozhao01','lisi01',2,4,'2026-02-08','资产分配','zhaozhao01','','2026-02-08 22:37:50','2026-02-08 22:37:50',0),(676,302,12,'管理部',5,'开发平台','zhaozhao01','lisi01',2,4,'2026-02-08','资产分配','zhaozhao01','','2026-02-08 22:37:50','2026-02-08 22:37:50',0),(677,316,12,'管理部',5,'开发平台','zhaozhao01','lisi01',2,4,'2026-02-08','资产分配','zhaozhao01','','2026-02-08 22:37:51','2026-02-08 22:37:51',0),(678,317,12,'管理部',5,'开发平台','zhaozhao01','lisi01',2,4,'2026-02-08','资产分配','zhaozhao01','','2026-02-08 22:37:51','2026-02-08 22:37:51',0),(679,318,12,'管理部',5,'开发平台','zhaozhao01','lisi01',2,4,'2026-02-08','资产分配','zhaozhao01','','2026-02-08 22:37:51','2026-02-08 22:37:51',0),(680,319,12,'管理部',5,'开发平台','zhaozhao01','lisi01',2,4,'2026-02-08','资产分配','zhaozhao01','','2026-02-08 22:37:51','2026-02-08 22:37:51',0),(681,320,12,'管理部',5,'开发平台','zhaozhao01','lisi01',2,4,'2026-02-08','资产分配','zhaozhao01','','2026-02-08 22:37:51','2026-02-08 22:37:51',0),(682,321,12,'管理部',5,'开发平台','zhaozhao01','lisi01',2,4,'2026-02-08','资产分配','zhaozhao01','','2026-02-08 22:37:51','2026-02-08 22:37:51',0),(683,322,12,'管理部',5,'开发平台','zhaozhao01','lisi01',2,4,'2026-02-08','资产分配','zhaozhao01','','2026-02-08 22:37:51','2026-02-08 22:37:51',0),(684,323,12,'管理部',5,'开发平台','zhaozhao01','lisi01',2,4,'2026-02-08','资产分配','zhaozhao01','','2026-02-08 22:37:51','2026-02-08 22:37:51',0),(685,324,12,'管理部',5,'开发平台','zhaozhao01','lisi01',2,4,'2026-02-08','资产分配','zhaozhao01','','2026-02-08 22:37:51','2026-02-08 22:37:51',0),(686,325,12,'管理部',5,'开发平台','zhaozhao01','lisi01',2,4,'2026-02-08','资产分配','zhaozhao01','','2026-02-08 22:37:51','2026-02-08 22:37:51',0),(687,326,12,'管理部',5,'开发平台','zhaozhao01','lisi01',2,4,'2026-02-08','资产分配','zhaozhao01','','2026-02-08 22:37:51','2026-02-08 22:37:51',0),(688,301,12,'管理部',5,'开发平台','zhaozhao01','lisi01',2,4,'2026-02-08','资产分配','zhaozhao01','','2026-02-08 22:37:51','2026-02-08 22:37:51',0),(689,300,12,'管理部',5,'开发平台','zhaozhao01','lisi01',2,4,'2026-02-08','资产分配','zhaozhao01','','2026-02-08 22:37:51','2026-02-08 22:37:51',0),(690,299,12,'管理部',5,'开发平台','zhaozhao01','lisi01',2,4,'2026-02-08','资产分配','zhaozhao01','','2026-02-08 22:37:51','2026-02-08 22:37:51',0),(691,298,12,'管理部',5,'开发平台','zhaozhao01','lisi01',2,4,'2026-02-08','资产分配','zhaozhao01','','2026-02-08 22:37:51','2026-02-08 22:37:51',0),(692,297,12,'管理部',5,'开发平台','zhaozhao01','lisi01',2,4,'2026-02-08','资产分配','zhaozhao01','','2026-02-08 22:37:51','2026-02-08 22:37:51',0),(693,278,12,'管理部',5,'开发平台','zhaozhao01','lisi01',2,4,'2026-02-08','资产分配','zhaozhao01','','2026-02-08 22:37:52','2026-02-08 22:37:52',0),(694,277,12,'管理部',5,'开发平台','zhaozhao01','lisi01',2,4,'2026-02-08','资产分配','zhaozhao01','','2026-02-08 22:37:52','2026-02-08 22:37:52',0),(695,279,12,'管理部',5,'开发平台','zhaozhao01','lisi01',2,4,'2026-02-08','资产分配','zhaozhao01','','2026-02-08 22:37:52','2026-02-08 22:37:52',0),(696,280,12,'管理部',5,'开发平台','zhaozhao01','lisi01',2,4,'2026-02-08','资产分配','zhaozhao01','','2026-02-08 22:37:52','2026-02-08 22:37:52',0),(697,281,12,'管理部',5,'开发平台','zhaozhao01','lisi01',2,4,'2026-02-08','资产分配','zhaozhao01','','2026-02-08 22:37:52','2026-02-08 22:37:52',0),(698,282,12,'管理部',5,'开发平台','zhaozhao01','lisi01',2,4,'2026-02-08','资产分配','zhaozhao01','','2026-02-08 22:37:52','2026-02-08 22:37:52',0),(699,283,12,'管理部',5,'开发平台','zhaozhao01','lisi01',2,4,'2026-02-08','资产分配','zhaozhao01','','2026-02-08 22:37:52','2026-02-08 22:37:52',0),(700,284,12,'管理部',5,'开发平台','zhaozhao01','lisi01',2,4,'2026-02-08','资产分配','zhaozhao01','','2026-02-08 22:37:52','2026-02-08 22:37:52',0),(701,285,12,'管理部',5,'开发平台','zhaozhao01','lisi01',2,4,'2026-02-08','资产分配','zhaozhao01','','2026-02-08 22:37:52','2026-02-08 22:37:52',0),(702,286,12,'管理部',5,'开发平台','zhaozhao01','lisi01',2,4,'2026-02-08','资产分配','zhaozhao01','','2026-02-08 22:37:52','2026-02-08 22:37:52',0),(703,287,12,'管理部',5,'开发平台','zhaozhao01','lisi01',2,4,'2026-02-08','资产分配','zhaozhao01','','2026-02-08 22:37:52','2026-02-08 22:37:52',0),(704,288,12,'管理部',5,'开发平台','zhaozhao01','lisi01',2,4,'2026-02-08','资产分配','zhaozhao01','','2026-02-08 22:37:52','2026-02-08 22:37:52',0),(705,289,12,'管理部',5,'开发平台','zhaozhao01','lisi01',2,4,'2026-02-08','资产分配','zhaozhao01','','2026-02-08 22:37:52','2026-02-08 22:37:52',0),(706,290,12,'管理部',5,'开发平台','zhaozhao01','lisi01',2,4,'2026-02-08','资产分配','zhaozhao01','','2026-02-08 22:37:52','2026-02-08 22:37:52',0),(707,291,12,'管理部',5,'开发平台','zhaozhao01','lisi01',2,4,'2026-02-08','资产分配','zhaozhao01','','2026-02-08 22:37:52','2026-02-08 22:37:52',0),(708,292,12,'管理部',5,'开发平台','zhaozhao01','lisi01',2,4,'2026-02-08','资产分配','zhaozhao01','','2026-02-08 22:37:52','2026-02-08 22:37:52',0),(709,293,12,'管理部',5,'开发平台','zhaozhao01','lisi01',2,4,'2026-02-08','资产分配','zhaozhao01','','2026-02-08 22:37:53','2026-02-08 22:37:53',0),(710,294,12,'管理部',5,'开发平台','zhaozhao01','lisi01',2,4,'2026-02-08','资产分配','zhaozhao01','','2026-02-08 22:37:53','2026-02-08 22:37:53',0),(711,295,12,'管理部',5,'开发平台','zhaozhao01','lisi01',2,4,'2026-02-08','资产分配','zhaozhao01','','2026-02-08 22:37:53','2026-02-08 22:37:53',0),(712,296,12,'管理部',5,'开发平台','zhaozhao01','lisi01',2,4,'2026-02-08','资产分配','zhaozhao01','','2026-02-08 22:37:53','2026-02-08 22:37:53',0),(713,77,1,'总公司',12,'管理部','admin','zhaozhao01',4,1,'2026-02-08','采购入库','zhaozhao01','从采购单入库：单人办公桌','2026-02-08 22:38:08','2026-02-08 22:38:08',0),(714,78,1,'总公司',12,'管理部','admin','zhaozhao01',4,1,'2026-02-08','采购入库','zhaozhao01','从采购单入库：单人办公桌','2026-02-08 22:38:08','2026-02-08 22:38:08',0),(715,79,1,'总公司',12,'管理部','admin','zhaozhao01',4,1,'2026-02-08','采购入库','zhaozhao01','从采购单入库：单人办公桌','2026-02-08 22:38:08','2026-02-08 22:38:08',0),(716,80,1,'总公司',12,'管理部','admin','zhaozhao01',4,1,'2026-02-08','采购入库','zhaozhao01','从采购单入库：单人办公桌','2026-02-08 22:38:09','2026-02-08 22:38:09',0),(717,81,1,'总公司',12,'管理部','admin','zhaozhao01',4,1,'2026-02-08','采购入库','zhaozhao01','从采购单入库：单人办公桌','2026-02-08 22:38:09','2026-02-08 22:38:09',0),(718,82,1,'总公司',12,'管理部','admin','zhaozhao01',4,1,'2026-02-08','采购入库','zhaozhao01','从采购单入库：单人办公桌','2026-02-08 22:38:09','2026-02-08 22:38:09',0),(719,83,1,'总公司',12,'管理部','admin','zhaozhao01',4,1,'2026-02-08','采购入库','zhaozhao01','从采购单入库：单人办公桌','2026-02-08 22:38:09','2026-02-08 22:38:09',0),(720,84,1,'总公司',12,'管理部','admin','zhaozhao01',4,1,'2026-02-08','采购入库','zhaozhao01','从采购单入库：单人办公桌','2026-02-08 22:38:09','2026-02-08 22:38:09',0),(721,85,1,'总公司',12,'管理部','admin','zhaozhao01',4,1,'2026-02-08','采购入库','zhaozhao01','从采购单入库：单人办公桌','2026-02-08 22:38:09','2026-02-08 22:38:09',0),(722,86,1,'总公司',12,'管理部','admin','zhaozhao01',4,1,'2026-02-08','采购入库','zhaozhao01','从采购单入库：单人办公桌','2026-02-08 22:38:09','2026-02-08 22:38:09',0),(723,87,1,'总公司',12,'管理部','admin','zhaozhao01',4,1,'2026-02-08','采购入库','zhaozhao01','从采购单入库：单人办公桌','2026-02-08 22:38:09','2026-02-08 22:38:09',0),(724,88,1,'总公司',12,'管理部','admin','zhaozhao01',4,1,'2026-02-08','采购入库','zhaozhao01','从采购单入库：单人办公桌','2026-02-08 22:38:09','2026-02-08 22:38:09',0),(725,89,1,'总公司',12,'管理部','admin','zhaozhao01',4,1,'2026-02-08','采购入库','zhaozhao01','从采购单入库：单人办公桌','2026-02-08 22:38:09','2026-02-08 22:38:09',0),(726,90,1,'总公司',12,'管理部','admin','zhaozhao01',4,1,'2026-02-08','采购入库','zhaozhao01','从采购单入库：单人办公桌','2026-02-08 22:38:09','2026-02-08 22:38:09',0),(727,91,1,'总公司',12,'管理部','admin','zhaozhao01',4,1,'2026-02-08','采购入库','zhaozhao01','从采购单入库：单人办公桌','2026-02-08 22:38:09','2026-02-08 22:38:09',0),(728,92,1,'总公司',12,'管理部','admin','zhaozhao01',4,1,'2026-02-08','采购入库','zhaozhao01','从采购单入库：单人办公桌','2026-02-08 22:38:09','2026-02-08 22:38:09',0),(729,93,1,'总公司',12,'管理部','admin','zhaozhao01',4,1,'2026-02-08','采购入库','zhaozhao01','从采购单入库：单人办公桌','2026-02-08 22:38:09','2026-02-08 22:38:09',0),(730,94,1,'总公司',12,'管理部','admin','zhaozhao01',4,1,'2026-02-08','采购入库','zhaozhao01','从采购单入库：单人办公桌','2026-02-08 22:38:09','2026-02-08 22:38:09',0),(731,95,1,'总公司',12,'管理部','admin','zhaozhao01',4,1,'2026-02-08','采购入库','zhaozhao01','从采购单入库：单人办公桌','2026-02-08 22:38:09','2026-02-08 22:38:09',0),(732,96,1,'总公司',12,'管理部','admin','zhaozhao01',4,1,'2026-02-08','采购入库','zhaozhao01','从采购单入库：单人办公桌','2026-02-08 22:38:09','2026-02-08 22:38:09',0),(733,97,1,'总公司',12,'管理部','admin','zhaozhao01',4,1,'2026-02-08','采购入库','zhaozhao01','从采购单入库：单人办公桌','2026-02-08 22:38:09','2026-02-08 22:38:09',0),(734,98,1,'总公司',12,'管理部','admin','zhaozhao01',4,1,'2026-02-08','采购入库','zhaozhao01','从采购单入库：单人办公桌','2026-02-08 22:38:09','2026-02-08 22:38:09',0),(735,99,1,'总公司',12,'管理部','admin','zhaozhao01',4,1,'2026-02-08','采购入库','zhaozhao01','从采购单入库：单人办公桌','2026-02-08 22:38:09','2026-02-08 22:38:09',0),(736,100,1,'总公司',12,'管理部','admin','zhaozhao01',4,1,'2026-02-08','采购入库','zhaozhao01','从采购单入库：单人办公桌','2026-02-08 22:38:09','2026-02-08 22:38:09',0),(737,101,1,'总公司',12,'管理部','admin','zhaozhao01',4,1,'2026-02-08','采购入库','zhaozhao01','从采购单入库：单人办公桌','2026-02-08 22:38:09','2026-02-08 22:38:09',0),(738,102,1,'总公司',12,'管理部','admin','zhaozhao01',4,1,'2026-02-08','采购入库','zhaozhao01','从采购单入库：单人办公桌','2026-02-08 22:38:09','2026-02-08 22:38:09',0),(739,103,1,'总公司',12,'管理部','admin','zhaozhao01',4,1,'2026-02-08','采购入库','zhaozhao01','从采购单入库：单人办公桌','2026-02-08 22:38:09','2026-02-08 22:38:09',0),(740,104,1,'总公司',12,'管理部','admin','zhaozhao01',4,1,'2026-02-08','采购入库','zhaozhao01','从采购单入库：单人办公桌','2026-02-08 22:38:09','2026-02-08 22:38:09',0),(741,105,1,'总公司',12,'管理部','admin','zhaozhao01',4,1,'2026-02-08','采购入库','zhaozhao01','从采购单入库：单人办公桌','2026-02-08 22:38:09','2026-02-08 22:38:09',0),(742,106,1,'总公司',12,'管理部','admin','zhaozhao01',4,1,'2026-02-08','采购入库','zhaozhao01','从采购单入库：单人办公桌','2026-02-08 22:38:09','2026-02-08 22:38:09',0),(743,107,1,'总公司',12,'管理部','admin','zhaozhao01',4,1,'2026-02-08','采购入库','zhaozhao01','从采购单入库：单人办公桌','2026-02-08 22:38:09','2026-02-08 22:38:09',0),(744,108,1,'总公司',12,'管理部','admin','zhaozhao01',4,1,'2026-02-08','采购入库','zhaozhao01','从采购单入库：单人办公桌','2026-02-08 22:38:09','2026-02-08 22:38:09',0),(745,109,1,'总公司',12,'管理部','admin','zhaozhao01',4,1,'2026-02-08','采购入库','zhaozhao01','从采购单入库：单人办公桌','2026-02-08 22:38:09','2026-02-08 22:38:09',0),(746,110,1,'总公司',12,'管理部','admin','zhaozhao01',4,1,'2026-02-08','采购入库','zhaozhao01','从采购单入库：单人办公桌','2026-02-08 22:38:09','2026-02-08 22:38:09',0),(747,111,1,'总公司',12,'管理部','admin','zhaozhao01',4,1,'2026-02-08','采购入库','zhaozhao01','从采购单入库：单人办公桌','2026-02-08 22:38:09','2026-02-08 22:38:09',0),(748,112,1,'总公司',12,'管理部','admin','zhaozhao01',4,1,'2026-02-08','采购入库','zhaozhao01','从采购单入库：单人办公桌','2026-02-08 22:38:09','2026-02-08 22:38:09',0),(749,113,1,'总公司',12,'管理部','admin','zhaozhao01',4,1,'2026-02-08','采购入库','zhaozhao01','从采购单入库：单人办公桌','2026-02-08 22:38:09','2026-02-08 22:38:09',0),(750,114,1,'总公司',12,'管理部','admin','zhaozhao01',4,1,'2026-02-08','采购入库','zhaozhao01','从采购单入库：单人办公桌','2026-02-08 22:38:09','2026-02-08 22:38:09',0),(751,115,1,'总公司',12,'管理部','admin','zhaozhao01',4,1,'2026-02-08','采购入库','zhaozhao01','从采购单入库：单人办公桌','2026-02-08 22:38:09','2026-02-08 22:38:09',0),(752,116,1,'总公司',12,'管理部','admin','zhaozhao01',4,1,'2026-02-08','采购入库','zhaozhao01','从采购单入库：单人办公桌','2026-02-08 22:38:09','2026-02-08 22:38:09',0),(753,117,1,'总公司',12,'管理部','admin','zhaozhao01',4,1,'2026-02-08','采购入库','zhaozhao01','从采购单入库：单人办公桌','2026-02-08 22:38:09','2026-02-08 22:38:09',0),(754,118,1,'总公司',12,'管理部','admin','zhaozhao01',4,1,'2026-02-08','采购入库','zhaozhao01','从采购单入库：单人办公桌','2026-02-08 22:38:09','2026-02-08 22:38:09',0),(755,119,1,'总公司',12,'管理部','admin','zhaozhao01',4,1,'2026-02-08','采购入库','zhaozhao01','从采购单入库：单人办公桌','2026-02-08 22:38:09','2026-02-08 22:38:09',0),(756,120,1,'总公司',12,'管理部','admin','zhaozhao01',4,1,'2026-02-08','采购入库','zhaozhao01','从采购单入库：单人办公桌','2026-02-08 22:38:09','2026-02-08 22:38:09',0),(757,121,1,'总公司',12,'管理部','admin','zhaozhao01',4,1,'2026-02-08','采购入库','zhaozhao01','从采购单入库：单人办公桌','2026-02-08 22:38:09','2026-02-08 22:38:09',0),(758,122,1,'总公司',12,'管理部','admin','zhaozhao01',4,1,'2026-02-08','采购入库','zhaozhao01','从采购单入库：单人办公桌','2026-02-08 22:38:09','2026-02-08 22:38:09',0),(759,123,1,'总公司',12,'管理部','admin','zhaozhao01',4,1,'2026-02-08','采购入库','zhaozhao01','从采购单入库：单人办公桌','2026-02-08 22:38:09','2026-02-08 22:38:09',0),(760,124,1,'总公司',12,'管理部','admin','zhaozhao01',4,1,'2026-02-08','采购入库','zhaozhao01','从采购单入库：单人办公桌','2026-02-08 22:38:09','2026-02-08 22:38:09',0),(761,125,1,'总公司',12,'管理部','admin','zhaozhao01',4,1,'2026-02-08','采购入库','zhaozhao01','从采购单入库：单人办公桌','2026-02-08 22:38:09','2026-02-08 22:38:09',0),(762,126,1,'总公司',12,'管理部','admin','zhaozhao01',4,1,'2026-02-08','采购入库','zhaozhao01','从采购单入库：单人办公桌','2026-02-08 22:38:09','2026-02-08 22:38:09',0),(763,18,1,'总公司',12,'管理部','admin','zhaozhao01',4,1,'2026-02-08','采购入库','zhaozhao01','从采购单入库：联想台式电脑','2026-02-08 22:38:09','2026-02-08 22:38:09',0),(764,19,1,'总公司',12,'管理部','admin','zhaozhao01',4,1,'2026-02-08','采购入库','zhaozhao01','从采购单入库：联想台式电脑','2026-02-08 22:38:09','2026-02-08 22:38:09',0),(765,20,1,'总公司',12,'管理部','admin','zhaozhao01',4,1,'2026-02-08','采购入库','zhaozhao01','从采购单入库：联想台式电脑','2026-02-08 22:38:09','2026-02-08 22:38:09',0),(766,21,1,'总公司',12,'管理部','admin','zhaozhao01',4,1,'2026-02-08','采购入库','zhaozhao01','从采购单入库：联想台式电脑','2026-02-08 22:38:09','2026-02-08 22:38:09',0),(767,22,1,'总公司',12,'管理部','admin','zhaozhao01',4,1,'2026-02-08','采购入库','zhaozhao01','从采购单入库：联想台式电脑','2026-02-08 22:38:09','2026-02-08 22:38:09',0),(768,48,1,'总公司',12,'管理部','admin','zhaozhao01',4,1,'2026-02-08','采购入库','zhaozhao01','从采购单入库：联想笔记本电脑','2026-02-08 22:38:09','2026-02-08 22:38:09',0),(769,49,1,'总公司',12,'管理部','admin','zhaozhao01',4,1,'2026-02-08','采购入库','zhaozhao01','从采购单入库：联想笔记本电脑','2026-02-08 22:38:09','2026-02-08 22:38:09',0),(770,50,1,'总公司',12,'管理部','admin','zhaozhao01',4,1,'2026-02-08','采购入库','zhaozhao01','从采购单入库：联想笔记本电脑','2026-02-08 22:38:09','2026-02-08 22:38:09',0),(771,115,12,'管理部',7,'财务部','zhaozhao01','zhangsan01',2,4,'2026-02-08','资产分配','zhaozhao01','','2026-02-08 22:38:48','2026-02-08 22:38:48',0),(772,103,12,'管理部',7,'财务部','zhaozhao01','zhangsan01',2,4,'2026-02-08','资产分配','zhaozhao01','','2026-02-08 22:38:48','2026-02-08 22:38:48',0),(773,104,12,'管理部',7,'财务部','zhaozhao01','zhangsan01',2,4,'2026-02-08','资产分配','zhaozhao01','','2026-02-08 22:38:48','2026-02-08 22:38:48',0),(774,105,12,'管理部',7,'财务部','zhaozhao01','zhangsan01',2,4,'2026-02-08','资产分配','zhaozhao01','','2026-02-08 22:38:48','2026-02-08 22:38:48',0),(775,106,12,'管理部',7,'财务部','zhaozhao01','zhangsan01',2,4,'2026-02-08','资产分配','zhaozhao01','','2026-02-08 22:38:48','2026-02-08 22:38:48',0),(776,107,12,'管理部',7,'财务部','zhaozhao01','zhangsan01',2,4,'2026-02-08','资产分配','zhaozhao01','','2026-02-08 22:38:48','2026-02-08 22:38:48',0),(777,108,12,'管理部',7,'财务部','zhaozhao01','zhangsan01',2,4,'2026-02-08','资产分配','zhaozhao01','','2026-02-08 22:38:48','2026-02-08 22:38:48',0),(778,109,12,'管理部',7,'财务部','zhaozhao01','zhangsan01',2,4,'2026-02-08','资产分配','zhaozhao01','','2026-02-08 22:38:48','2026-02-08 22:38:48',0),(779,110,12,'管理部',7,'财务部','zhaozhao01','zhangsan01',2,4,'2026-02-08','资产分配','zhaozhao01','','2026-02-08 22:38:48','2026-02-08 22:38:48',0),(780,111,12,'管理部',7,'财务部','zhaozhao01','zhangsan01',2,4,'2026-02-08','资产分配','zhaozhao01','','2026-02-08 22:38:48','2026-02-08 22:38:48',0),(781,112,12,'管理部',7,'财务部','zhaozhao01','zhangsan01',2,4,'2026-02-08','资产分配','zhaozhao01','','2026-02-08 22:38:48','2026-02-08 22:38:48',0),(782,113,12,'管理部',7,'财务部','zhaozhao01','zhangsan01',2,4,'2026-02-08','资产分配','zhaozhao01','','2026-02-08 22:38:48','2026-02-08 22:38:48',0),(783,114,12,'管理部',7,'财务部','zhaozhao01','zhangsan01',2,4,'2026-02-08','资产分配','zhaozhao01','','2026-02-08 22:38:48','2026-02-08 22:38:48',0),(784,102,12,'管理部',7,'财务部','zhaozhao01','zhangsan01',2,4,'2026-02-08','资产分配','zhaozhao01','','2026-02-08 22:38:49','2026-02-08 22:38:49',0),(785,116,12,'管理部',7,'财务部','zhaozhao01','zhangsan01',2,4,'2026-02-08','资产分配','zhaozhao01','','2026-02-08 22:38:49','2026-02-08 22:38:49',0),(786,117,12,'管理部',7,'财务部','zhaozhao01','zhangsan01',2,4,'2026-02-08','资产分配','zhaozhao01','','2026-02-08 22:38:49','2026-02-08 22:38:49',0),(787,118,12,'管理部',7,'财务部','zhaozhao01','zhangsan01',2,4,'2026-02-08','资产分配','zhaozhao01','','2026-02-08 22:38:49','2026-02-08 22:38:49',0),(788,119,12,'管理部',7,'财务部','zhaozhao01','zhangsan01',2,4,'2026-02-08','资产分配','zhaozhao01','','2026-02-08 22:38:49','2026-02-08 22:38:49',0),(789,120,12,'管理部',7,'财务部','zhaozhao01','zhangsan01',2,4,'2026-02-08','资产分配','zhaozhao01','','2026-02-08 22:38:49','2026-02-08 22:38:49',0),(790,121,12,'管理部',7,'财务部','zhaozhao01','zhangsan01',2,4,'2026-02-08','资产分配','zhaozhao01','','2026-02-08 22:38:49','2026-02-08 22:38:49',0),(791,122,12,'管理部',7,'财务部','zhaozhao01','zhangsan01',2,4,'2026-02-08','资产分配','zhaozhao01','','2026-02-08 22:38:49','2026-02-08 22:38:49',0),(792,123,12,'管理部',7,'财务部','zhaozhao01','zhangsan01',2,4,'2026-02-08','资产分配','zhaozhao01','','2026-02-08 22:38:49','2026-02-08 22:38:49',0),(793,124,12,'管理部',7,'财务部','zhaozhao01','zhangsan01',2,4,'2026-02-08','资产分配','zhaozhao01','','2026-02-08 22:38:49','2026-02-08 22:38:49',0),(794,125,12,'管理部',7,'财务部','zhaozhao01','zhangsan01',2,4,'2026-02-08','资产分配','zhaozhao01','','2026-02-08 22:38:49','2026-02-08 22:38:49',0),(795,126,12,'管理部',7,'财务部','zhaozhao01','zhangsan01',2,4,'2026-02-08','资产分配','zhaozhao01','','2026-02-08 22:38:49','2026-02-08 22:38:49',0),(796,90,12,'管理部',7,'财务部','zhaozhao01','zhangsan01',2,4,'2026-02-08','资产分配','zhaozhao01','','2026-02-08 22:38:49','2026-02-08 22:38:49',0),(797,78,12,'管理部',7,'财务部','zhaozhao01','zhangsan01',2,4,'2026-02-08','资产分配','zhaozhao01','','2026-02-08 22:38:49','2026-02-08 22:38:49',0),(798,79,12,'管理部',7,'财务部','zhaozhao01','zhangsan01',2,4,'2026-02-08','资产分配','zhaozhao01','','2026-02-08 22:38:49','2026-02-08 22:38:49',0),(799,80,12,'管理部',7,'财务部','zhaozhao01','zhangsan01',2,4,'2026-02-08','资产分配','zhaozhao01','','2026-02-08 22:38:49','2026-02-08 22:38:49',0),(800,81,12,'管理部',7,'财务部','zhaozhao01','zhangsan01',2,4,'2026-02-08','资产分配','zhaozhao01','','2026-02-08 22:38:50','2026-02-08 22:38:50',0),(801,82,12,'管理部',7,'财务部','zhaozhao01','zhangsan01',2,4,'2026-02-08','资产分配','zhaozhao01','','2026-02-08 22:38:50','2026-02-08 22:38:50',0),(802,83,12,'管理部',7,'财务部','zhaozhao01','zhangsan01',2,4,'2026-02-08','资产分配','zhaozhao01','','2026-02-08 22:38:50','2026-02-08 22:38:50',0),(803,84,12,'管理部',7,'财务部','zhaozhao01','zhangsan01',2,4,'2026-02-08','资产分配','zhaozhao01','','2026-02-08 22:38:50','2026-02-08 22:38:50',0),(804,85,12,'管理部',7,'财务部','zhaozhao01','zhangsan01',2,4,'2026-02-08','资产分配','zhaozhao01','','2026-02-08 22:38:50','2026-02-08 22:38:50',0),(805,86,12,'管理部',7,'财务部','zhaozhao01','zhangsan01',2,4,'2026-02-08','资产分配','zhaozhao01','','2026-02-08 22:38:50','2026-02-08 22:38:50',0),(806,87,12,'管理部',7,'财务部','zhaozhao01','zhangsan01',2,4,'2026-02-08','资产分配','zhaozhao01','','2026-02-08 22:38:50','2026-02-08 22:38:50',0),(807,88,12,'管理部',7,'财务部','zhaozhao01','zhangsan01',2,4,'2026-02-08','资产分配','zhaozhao01','','2026-02-08 22:38:50','2026-02-08 22:38:50',0),(808,89,12,'管理部',7,'财务部','zhaozhao01','zhangsan01',2,4,'2026-02-08','资产分配','zhaozhao01','','2026-02-08 22:38:50','2026-02-08 22:38:50',0),(809,91,12,'管理部',7,'财务部','zhaozhao01','zhangsan01',2,4,'2026-02-08','资产分配','zhaozhao01','','2026-02-08 22:38:50','2026-02-08 22:38:50',0),(810,92,12,'管理部',7,'财务部','zhaozhao01','zhangsan01',2,4,'2026-02-08','资产分配','zhaozhao01','','2026-02-08 22:38:50','2026-02-08 22:38:50',0),(811,93,12,'管理部',7,'财务部','zhaozhao01','zhangsan01',2,4,'2026-02-08','资产分配','zhaozhao01','','2026-02-08 22:38:50','2026-02-08 22:38:50',0),(812,94,12,'管理部',7,'财务部','zhaozhao01','zhangsan01',2,4,'2026-02-08','资产分配','zhaozhao01','','2026-02-08 22:38:50','2026-02-08 22:38:50',0),(813,95,12,'管理部',7,'财务部','zhaozhao01','zhangsan01',2,4,'2026-02-08','资产分配','zhaozhao01','','2026-02-08 22:38:50','2026-02-08 22:38:50',0),(814,96,12,'管理部',7,'财务部','zhaozhao01','zhangsan01',2,4,'2026-02-08','资产分配','zhaozhao01','','2026-02-08 22:38:50','2026-02-08 22:38:50',0),(815,97,12,'管理部',7,'财务部','zhaozhao01','zhangsan01',2,4,'2026-02-08','资产分配','zhaozhao01','','2026-02-08 22:38:51','2026-02-08 22:38:51',0),(816,98,12,'管理部',7,'财务部','zhaozhao01','zhangsan01',2,4,'2026-02-08','资产分配','zhaozhao01','','2026-02-08 22:38:51','2026-02-08 22:38:51',0),(817,99,12,'管理部',7,'财务部','zhaozhao01','zhangsan01',2,4,'2026-02-08','资产分配','zhaozhao01','','2026-02-08 22:38:51','2026-02-08 22:38:51',0),(818,100,12,'管理部',7,'财务部','zhaozhao01','zhangsan01',2,4,'2026-02-08','资产分配','zhaozhao01','','2026-02-08 22:38:51','2026-02-08 22:38:51',0),(819,101,12,'管理部',7,'财务部','zhaozhao01','zhangsan01',2,4,'2026-02-08','资产分配','zhaozhao01','','2026-02-08 22:38:51','2026-02-08 22:38:51',0),(820,77,12,'管理部',7,'财务部','zhaozhao01','zhangsan01',2,4,'2026-02-08','资产分配','zhaozhao01','','2026-02-08 22:38:51','2026-02-08 22:38:51',0),(821,23,1,'总公司',12,'管理部','admin','zhaozhao01',4,1,'2026-02-08','采购入库','zhaozhao01','从采购单入库：联想台式电脑','2026-02-08 22:39:10','2026-02-08 22:39:10',0),(822,24,1,'总公司',12,'管理部','admin','zhaozhao01',4,1,'2026-02-08','采购入库','zhaozhao01','从采购单入库：联想台式电脑','2026-02-08 22:39:10','2026-02-08 22:39:10',0),(823,25,1,'总公司',12,'管理部','admin','zhaozhao01',4,1,'2026-02-08','采购入库','zhaozhao01','从采购单入库：联想台式电脑','2026-02-08 22:39:10','2026-02-08 22:39:10',0),(824,26,1,'总公司',12,'管理部','admin','zhaozhao01',4,1,'2026-02-08','采购入库','zhaozhao01','从采购单入库：联想台式电脑','2026-02-08 22:39:10','2026-02-08 22:39:10',0),(825,27,1,'总公司',12,'管理部','admin','zhaozhao01',4,1,'2026-02-08','采购入库','zhaozhao01','从采购单入库：联想台式电脑','2026-02-08 22:39:10','2026-02-08 22:39:10',0),(826,127,1,'总公司',12,'管理部','admin','zhaozhao01',4,1,'2026-02-08','采购入库','zhaozhao01','从采购单入库：单人办公桌','2026-02-08 22:39:10','2026-02-08 22:39:10',0),(827,128,1,'总公司',12,'管理部','admin','zhaozhao01',4,1,'2026-02-08','采购入库','zhaozhao01','从采购单入库：单人办公桌','2026-02-08 22:39:10','2026-02-08 22:39:10',0),(828,129,1,'总公司',12,'管理部','admin','zhaozhao01',4,1,'2026-02-08','采购入库','zhaozhao01','从采购单入库：单人办公桌','2026-02-08 22:39:10','2026-02-08 22:39:10',0),(829,130,1,'总公司',12,'管理部','admin','zhaozhao01',4,1,'2026-02-08','采购入库','zhaozhao01','从采购单入库：单人办公桌','2026-02-08 22:39:10','2026-02-08 22:39:10',0),(830,131,1,'总公司',12,'管理部','admin','zhaozhao01',4,1,'2026-02-08','采购入库','zhaozhao01','从采购单入库：单人办公桌','2026-02-08 22:39:10','2026-02-08 22:39:10',0),(831,132,1,'总公司',12,'管理部','admin','zhaozhao01',4,1,'2026-02-08','采购入库','zhaozhao01','从采购单入库：单人办公桌','2026-02-08 22:39:10','2026-02-08 22:39:10',0),(832,133,1,'总公司',12,'管理部','admin','zhaozhao01',4,1,'2026-02-08','采购入库','zhaozhao01','从采购单入库：单人办公桌','2026-02-08 22:39:10','2026-02-08 22:39:10',0),(833,134,1,'总公司',12,'管理部','admin','zhaozhao01',4,1,'2026-02-08','采购入库','zhaozhao01','从采购单入库：单人办公桌','2026-02-08 22:39:10','2026-02-08 22:39:10',0),(834,135,1,'总公司',12,'管理部','admin','zhaozhao01',4,1,'2026-02-08','采购入库','zhaozhao01','从采购单入库：单人办公桌','2026-02-08 22:39:10','2026-02-08 22:39:10',0),(835,136,1,'总公司',12,'管理部','admin','zhaozhao01',4,1,'2026-02-08','采购入库','zhaozhao01','从采购单入库：单人办公桌','2026-02-08 22:39:10','2026-02-08 22:39:10',0),(836,137,1,'总公司',12,'管理部','admin','zhaozhao01',4,1,'2026-02-08','采购入库','zhaozhao01','从采购单入库：单人办公桌','2026-02-08 22:39:10','2026-02-08 22:39:10',0),(837,138,1,'总公司',12,'管理部','admin','zhaozhao01',4,1,'2026-02-08','采购入库','zhaozhao01','从采购单入库：单人办公桌','2026-02-08 22:39:10','2026-02-08 22:39:10',0),(838,139,1,'总公司',12,'管理部','admin','zhaozhao01',4,1,'2026-02-08','采购入库','zhaozhao01','从采购单入库：单人办公桌','2026-02-08 22:39:10','2026-02-08 22:39:10',0),(839,140,1,'总公司',12,'管理部','admin','zhaozhao01',4,1,'2026-02-08','采购入库','zhaozhao01','从采购单入库：单人办公桌','2026-02-08 22:39:10','2026-02-08 22:39:10',0),(840,141,1,'总公司',12,'管理部','admin','zhaozhao01',4,1,'2026-02-08','采购入库','zhaozhao01','从采购单入库：单人办公桌','2026-02-08 22:39:10','2026-02-08 22:39:10',0),(841,142,1,'总公司',12,'管理部','admin','zhaozhao01',4,1,'2026-02-08','采购入库','zhaozhao01','从采购单入库：单人办公桌','2026-02-08 22:39:10','2026-02-08 22:39:10',0),(842,143,1,'总公司',12,'管理部','admin','zhaozhao01',4,1,'2026-02-08','采购入库','zhaozhao01','从采购单入库：单人办公桌','2026-02-08 22:39:10','2026-02-08 22:39:10',0),(843,144,1,'总公司',12,'管理部','admin','zhaozhao01',4,1,'2026-02-08','采购入库','zhaozhao01','从采购单入库：单人办公桌','2026-02-08 22:39:10','2026-02-08 22:39:10',0),(844,145,1,'总公司',12,'管理部','admin','zhaozhao01',4,1,'2026-02-08','采购入库','zhaozhao01','从采购单入库：单人办公桌','2026-02-08 22:39:10','2026-02-08 22:39:10',0),(845,146,1,'总公司',12,'管理部','admin','zhaozhao01',4,1,'2026-02-08','采购入库','zhaozhao01','从采购单入库：单人办公桌','2026-02-08 22:39:10','2026-02-08 22:39:10',0),(846,147,1,'总公司',12,'管理部','admin','zhaozhao01',4,1,'2026-02-08','采购入库','zhaozhao01','从采购单入库：单人办公桌','2026-02-08 22:39:10','2026-02-08 22:39:10',0),(847,148,1,'总公司',12,'管理部','admin','zhaozhao01',4,1,'2026-02-08','采购入库','zhaozhao01','从采购单入库：单人办公桌','2026-02-08 22:39:10','2026-02-08 22:39:10',0),(848,149,1,'总公司',12,'管理部','admin','zhaozhao01',4,1,'2026-02-08','采购入库','zhaozhao01','从采购单入库：单人办公桌','2026-02-08 22:39:10','2026-02-08 22:39:10',0),(849,150,1,'总公司',12,'管理部','admin','zhaozhao01',4,1,'2026-02-08','采购入库','zhaozhao01','从采购单入库：单人办公桌','2026-02-08 22:39:10','2026-02-08 22:39:10',0),(850,151,1,'总公司',12,'管理部','admin','zhaozhao01',4,1,'2026-02-08','采购入库','zhaozhao01','从采购单入库：单人办公桌','2026-02-08 22:39:10','2026-02-08 22:39:10',0),(851,152,1,'总公司',12,'管理部','admin','zhaozhao01',4,1,'2026-02-08','采购入库','zhaozhao01','从采购单入库：单人办公桌','2026-02-08 22:39:10','2026-02-08 22:39:10',0),(852,153,1,'总公司',12,'管理部','admin','zhaozhao01',4,1,'2026-02-08','采购入库','zhaozhao01','从采购单入库：单人办公桌','2026-02-08 22:39:10','2026-02-08 22:39:10',0),(853,154,1,'总公司',12,'管理部','admin','zhaozhao01',4,1,'2026-02-08','采购入库','zhaozhao01','从采购单入库：单人办公桌','2026-02-08 22:39:10','2026-02-08 22:39:10',0),(854,155,1,'总公司',12,'管理部','admin','zhaozhao01',4,1,'2026-02-08','采购入库','zhaozhao01','从采购单入库：单人办公桌','2026-02-08 22:39:10','2026-02-08 22:39:10',0),(855,156,1,'总公司',12,'管理部','admin','zhaozhao01',4,1,'2026-02-08','采购入库','zhaozhao01','从采购单入库：单人办公桌','2026-02-08 22:39:10','2026-02-08 22:39:10',0),(856,156,12,'管理部',11,'维修部','zhaozhao01','zhouzhou01',2,4,'2026-02-08','资产分配','zhaozhao01','','2026-02-08 22:39:18','2026-02-08 22:39:18',0),(857,155,12,'管理部',11,'维修部','zhaozhao01','zhouzhou01',2,4,'2026-02-08','资产分配','zhaozhao01','','2026-02-08 22:39:18','2026-02-08 22:39:18',0),(858,154,12,'管理部',11,'维修部','zhaozhao01','zhouzhou01',2,4,'2026-02-08','资产分配','zhaozhao01','','2026-02-08 22:39:18','2026-02-08 22:39:18',0),(859,153,12,'管理部',11,'维修部','zhaozhao01','zhouzhou01',2,4,'2026-02-08','资产分配','zhaozhao01','','2026-02-08 22:39:18','2026-02-08 22:39:18',0),(860,152,12,'管理部',11,'维修部','zhaozhao01','zhouzhou01',2,4,'2026-02-08','资产分配','zhaozhao01','','2026-02-08 22:39:18','2026-02-08 22:39:18',0),(861,151,12,'管理部',11,'维修部','zhaozhao01','zhouzhou01',2,4,'2026-02-08','资产分配','zhaozhao01','','2026-02-08 22:39:18','2026-02-08 22:39:18',0),(862,142,12,'管理部',11,'维修部','zhaozhao01','zhouzhou01',2,4,'2026-02-08','资产分配','zhaozhao01','','2026-02-08 22:39:18','2026-02-08 22:39:18',0),(863,150,12,'管理部',11,'维修部','zhaozhao01','zhouzhou01',2,4,'2026-02-08','资产分配','zhaozhao01','','2026-02-08 22:39:18','2026-02-08 22:39:18',0),(864,149,12,'管理部',11,'维修部','zhaozhao01','zhouzhou01',2,4,'2026-02-08','资产分配','zhaozhao01','','2026-02-08 22:39:18','2026-02-08 22:39:18',0),(865,148,12,'管理部',11,'维修部','zhaozhao01','zhouzhou01',2,4,'2026-02-08','资产分配','zhaozhao01','','2026-02-08 22:39:18','2026-02-08 22:39:18',0),(866,147,12,'管理部',11,'维修部','zhaozhao01','zhouzhou01',2,4,'2026-02-08','资产分配','zhaozhao01','','2026-02-08 22:39:18','2026-02-08 22:39:18',0),(867,146,12,'管理部',11,'维修部','zhaozhao01','zhouzhou01',2,4,'2026-02-08','资产分配','zhaozhao01','','2026-02-08 22:39:18','2026-02-08 22:39:18',0),(868,145,12,'管理部',11,'维修部','zhaozhao01','zhouzhou01',2,4,'2026-02-08','资产分配','zhaozhao01','','2026-02-08 22:39:18','2026-02-08 22:39:18',0),(869,144,12,'管理部',11,'维修部','zhaozhao01','zhouzhou01',2,4,'2026-02-08','资产分配','zhaozhao01','','2026-02-08 22:39:19','2026-02-08 22:39:19',0),(870,143,12,'管理部',11,'维修部','zhaozhao01','zhouzhou01',2,4,'2026-02-08','资产分配','zhaozhao01','','2026-02-08 22:39:19','2026-02-08 22:39:19',0),(871,127,12,'管理部',11,'维修部','zhaozhao01','zhouzhou01',2,4,'2026-02-08','资产分配','zhaozhao01','','2026-02-08 22:39:19','2026-02-08 22:39:19',0),(872,141,12,'管理部',11,'维修部','zhaozhao01','zhouzhou01',2,4,'2026-02-08','资产分配','zhaozhao01','','2026-02-08 22:39:19','2026-02-08 22:39:19',0),(873,140,12,'管理部',11,'维修部','zhaozhao01','zhouzhou01',2,4,'2026-02-08','资产分配','zhaozhao01','','2026-02-08 22:39:19','2026-02-08 22:39:19',0),(874,139,12,'管理部',11,'维修部','zhaozhao01','zhouzhou01',2,4,'2026-02-08','资产分配','zhaozhao01','','2026-02-08 22:39:19','2026-02-08 22:39:19',0),(875,138,12,'管理部',11,'维修部','zhaozhao01','zhouzhou01',2,4,'2026-02-08','资产分配','zhaozhao01','','2026-02-08 22:39:19','2026-02-08 22:39:19',0),(876,137,12,'管理部',11,'维修部','zhaozhao01','zhouzhou01',2,4,'2026-02-08','资产分配','zhaozhao01','','2026-02-08 22:39:19','2026-02-08 22:39:19',0),(877,136,12,'管理部',11,'维修部','zhaozhao01','zhouzhou01',2,4,'2026-02-08','资产分配','zhaozhao01','','2026-02-08 22:39:19','2026-02-08 22:39:19',0),(878,135,12,'管理部',11,'维修部','zhaozhao01','zhouzhou01',2,4,'2026-02-08','资产分配','zhaozhao01','','2026-02-08 22:39:19','2026-02-08 22:39:19',0),(879,134,12,'管理部',11,'维修部','zhaozhao01','zhouzhou01',2,4,'2026-02-08','资产分配','zhaozhao01','','2026-02-08 22:39:19','2026-02-08 22:39:19',0),(880,133,12,'管理部',11,'维修部','zhaozhao01','zhouzhou01',2,4,'2026-02-08','资产分配','zhaozhao01','','2026-02-08 22:39:19','2026-02-08 22:39:19',0),(881,132,12,'管理部',11,'维修部','zhaozhao01','zhouzhou01',2,4,'2026-02-08','资产分配','zhaozhao01','','2026-02-08 22:39:19','2026-02-08 22:39:19',0),(882,131,12,'管理部',11,'维修部','zhaozhao01','zhouzhou01',2,4,'2026-02-08','资产分配','zhaozhao01','','2026-02-08 22:39:19','2026-02-08 22:39:19',0),(883,130,12,'管理部',11,'维修部','zhaozhao01','zhouzhou01',2,4,'2026-02-08','资产分配','zhaozhao01','','2026-02-08 22:39:19','2026-02-08 22:39:19',0),(884,129,12,'管理部',11,'维修部','zhaozhao01','zhouzhou01',2,4,'2026-02-08','资产分配','zhaozhao01','','2026-02-08 22:39:20','2026-02-08 22:39:20',0),(885,128,12,'管理部',11,'维修部','zhaozhao01','zhouzhou01',2,4,'2026-02-08','资产分配','zhaozhao01','','2026-02-08 22:39:20','2026-02-08 22:39:20',0);
/*!40000 ALTER TABLE `asset_lifecycle` ENABLE KEYS */;
UNLOCK TABLES;

--
-- Table structure for table `asset_number_sequence`
--

DROP TABLE IF EXISTS `asset_number_sequence`;
/*!40101 SET @saved_cs_client     = @@character_set_client */;
/*!50503 SET character_set_client = utf8mb4 */;
CREATE TABLE `asset_number_sequence` (
  `id` bigint NOT NULL AUTO_INCREMENT COMMENT '序列ID',
  `prefix` varchar(20) NOT NULL COMMENT '编号前缀',
  `current_number` int NOT NULL DEFAULT '0' COMMENT '当前序号',
  `date_part` varchar(10) DEFAULT NULL COMMENT '日期部分（可选）',
  `create_time` datetime NOT NULL DEFAULT CURRENT_TIMESTAMP COMMENT '创建时间',
  `update_time` datetime NOT NULL DEFAULT CURRENT_TIMESTAMP ON UPDATE CURRENT_TIMESTAMP COMMENT '更新时间',
  PRIMARY KEY (`id`),
  UNIQUE KEY `uk_prefix_date` (`prefix`,`date_part`)
) ENGINE=InnoDB AUTO_INCREMENT=351 DEFAULT CHARSET=utf8mb4 COLLATE=utf8mb4_0900_ai_ci COMMENT='资产编号序列表';
/*!40101 SET character_set_client = @saved_cs_client */;

--
-- Dumping data for table `asset_number_sequence`
--

LOCK TABLES `asset_number_sequence` WRITE;
/*!40000 ALTER TABLE `asset_number_sequence` DISABLE KEYS */;
INSERT INTO `asset_number_sequence` VALUES (1,'PKC',3,'20260208','2026-02-08 22:04:36','2026-02-08 22:04:36'),(4,'JC',5,'20260208','2026-02-08 22:04:36','2026-02-08 22:04:36'),(9,'LSXJQ',2,'20260208','2026-02-08 22:06:30','2026-02-08 22:06:30'),(11,'JSJ',40,'20260208','2026-02-08 22:08:28','2026-02-08 22:08:29'),(51,'ZZ',150,'20260208','2026-02-08 22:10:21','2026-02-08 22:10:23'),(201,'YZ',150,'20260208','2026-02-08 22:10:23','2026-02-08 22:10:25');
/*!40000 ALTER TABLE `asset_number_sequence` ENABLE KEYS */;
UNLOCK TABLES;

--
-- Table structure for table `asset_purchase_detail`
--

DROP TABLE IF EXISTS `asset_purchase_detail`;
/*!40101 SET @saved_cs_client     = @@character_set_client */;
/*!50503 SET character_set_client = utf8mb4 */;
CREATE TABLE `asset_purchase_detail` (
  `id` bigint NOT NULL AUTO_INCREMENT COMMENT '明细ID',
  `purchase_id` bigint NOT NULL COMMENT '采购单ID',
  `asset_name` varchar(200) NOT NULL COMMENT '资产名称',
  `category_id` bigint DEFAULT NULL COMMENT '分类ID',
  `specifications` varchar(500) DEFAULT NULL COMMENT '规格型号',
  `manufacturer` varchar(200) DEFAULT NULL COMMENT '生产厂商',
  `unit_price` decimal(15,2) DEFAULT NULL COMMENT '单价',
  `quantity` int DEFAULT '1' COMMENT '采购数量',
  `inbound_quantity` int DEFAULT '0' COMMENT '已入库数量',
  `total_amount` decimal(15,2) DEFAULT NULL COMMENT '小计金额',
  `expected_life` int DEFAULT NULL COMMENT '预计使用年限',
  `remark` varchar(500) DEFAULT NULL COMMENT '备注',
  `detail_status` int DEFAULT '1' COMMENT '明细状态：1-待入库，2-已入库',
  `create_time` datetime DEFAULT CURRENT_TIMESTAMP COMMENT '创建时间',
  `update_time` datetime DEFAULT CURRENT_TIMESTAMP ON UPDATE CURRENT_TIMESTAMP COMMENT '更新时间',
  PRIMARY KEY (`id`),
  KEY `idx_purchase_id` (`purchase_id`),
  KEY `idx_detail_status` (`detail_status`)
) ENGINE=InnoDB AUTO_INCREMENT=8 DEFAULT CHARSET=utf8mb4 COLLATE=utf8mb4_0900_ai_ci COMMENT='资产采购明细表';
/*!40101 SET character_set_client = @saved_cs_client */;

--
-- Dumping data for table `asset_purchase_detail`
--

LOCK TABLES `asset_purchase_detail` WRITE;
/*!40000 ALTER TABLE `asset_purchase_detail` DISABLE KEYS */;
INSERT INTO `asset_purchase_detail` VALUES (1,1,'长城牌皮卡车',7,'长城跑','长城汽车',200000.00,3,3,600000.00,10,NULL,2,'2026-02-08 22:04:34','2026-02-08 22:04:34'),(2,1,'奥迪牌轿车',6,'A6 45TFSI','奥迪汽车',500000.00,5,2,2500000.00,10,NULL,1,'2026-02-08 22:04:34','2026-02-08 22:04:34'),(3,2,'贴片机',5,'65SX-PRO','B厂',4500000.00,2,2,9000000.00,15,NULL,2,'2026-02-08 22:06:28','2026-02-08 22:06:28'),(4,3,'联想台式电脑',9,'i7-3050-16-500','联想电脑',7000.00,30,17,210000.00,7,NULL,1,'2026-02-08 22:08:27','2026-02-08 22:08:27'),(5,3,'联想笔记本电脑',9,'i7-16-500','联想电脑',6500.00,10,10,65000.00,4,NULL,2,'2026-02-08 22:08:27','2026-02-08 22:08:27'),(6,4,'单人办公桌',10,'1人用','萨蒂家具',700.00,150,106,105000.00,10,NULL,1,'2026-02-08 22:10:19','2026-02-08 22:10:19'),(7,4,'单人办公椅',11,'1人用','萨蒂家具',180.00,150,126,27000.00,10,NULL,1,'2026-02-08 22:10:21','2026-02-08 22:10:21');
/*!40000 ALTER TABLE `asset_purchase_detail` ENABLE KEYS */;
UNLOCK TABLES;

--
-- Table structure for table `asset_purchase_order`
--

DROP TABLE IF EXISTS `asset_purchase_order`;
/*!40101 SET @saved_cs_client     = @@character_set_client */;
/*!50503 SET character_set_client = utf8mb4 */;
CREATE TABLE `asset_purchase_order` (
  `id` bigint NOT NULL AUTO_INCREMENT COMMENT '采购单ID',
  `purchase_number` varchar(50) NOT NULL COMMENT '采购单号',
  `purchase_date` date NOT NULL COMMENT '采购日期',
  `supplier` varchar(200) DEFAULT NULL COMMENT '供应商',
  `total_amount` decimal(15,2) DEFAULT '0.00' COMMENT '采购总金额',
  `purchase_status` int DEFAULT '1' COMMENT '采购状态：1-待入库，2-部分入库，3-已入库，4-已取消',
  `applicant_id` bigint DEFAULT NULL COMMENT '申请人用户ID',
  `approver` varchar(100) DEFAULT NULL COMMENT '审批人',
  `approve_time` datetime DEFAULT NULL COMMENT '审批时间',
  `remark` text COMMENT '备注',
  `deleted` tinyint(1) DEFAULT '0' COMMENT '删除标记',
  `create_time` datetime DEFAULT CURRENT_TIMESTAMP COMMENT '创建时间',
  `update_time` datetime DEFAULT CURRENT_TIMESTAMP ON UPDATE CURRENT_TIMESTAMP COMMENT '更新时间',
  PRIMARY KEY (`id`),
  UNIQUE KEY `purchase_number` (`purchase_number`),
  KEY `idx_purchase_number` (`purchase_number`),
  KEY `idx_purchase_status` (`purchase_status`),
  KEY `idx_purchase_date` (`purchase_date`),
  KEY `idx_purchase_applicant` (`applicant_id`)
) ENGINE=InnoDB AUTO_INCREMENT=5 DEFAULT CHARSET=utf8mb4 COLLATE=utf8mb4_0900_ai_ci COMMENT='资产采购单表';
/*!40101 SET character_set_client = @saved_cs_client */;

--
-- Dumping data for table `asset_purchase_order`
--

LOCK TABLES `asset_purchase_order` WRITE;
/*!40000 ALTER TABLE `asset_purchase_order` DISABLE KEYS */;
INSERT INTO `asset_purchase_order` VALUES (1,'PUR-20260208-0001','2026-02-08','AA汽车销售',3100000.00,2,1,NULL,NULL,'采购汽车',0,'2026-02-08 22:04:34','2026-02-08 22:04:34'),(2,'PUR-20260208-0002','2026-02-08','B厂',9000000.00,3,1,NULL,NULL,'流水线电子器件贴片机采购',0,'2026-02-08 22:06:28','2026-02-08 22:06:28'),(3,'PUR-20260208-0003','2026-02-08','东风电脑',275000.00,2,1,NULL,NULL,'电脑采购',0,'2026-02-08 22:08:27','2026-02-08 22:08:27'),(4,'PUR-20260208-0004','2026-02-08','萨蒂家具',132000.00,2,1,NULL,NULL,'办公设备',0,'2026-02-08 22:10:19','2026-02-08 22:10:19');
/*!40000 ALTER TABLE `asset_purchase_order` ENABLE KEYS */;
UNLOCK TABLES;

--
-- Table structure for table `asset_record`
--

DROP TABLE IF EXISTS `asset_record`;
/*!40101 SET @saved_cs_client     = @@character_set_client */;
/*!50503 SET character_set_client = utf8mb4 */;
CREATE TABLE `asset_record` (
  `id` bigint NOT NULL AUTO_INCREMENT COMMENT '记录ID',
  `asset_id` bigint NOT NULL COMMENT '资产ID',
  `record_type` tinyint NOT NULL COMMENT '记录类型：1-入库，2-分配，3-调拨，4-归还，5-报废，6-送修，7-维修完成，8-报修拒绝',
  `from_department_id` bigint DEFAULT NULL COMMENT '原部门ID',
  `from_department` varchar(100) DEFAULT NULL COMMENT '原部门名称',
  `to_department_id` bigint DEFAULT NULL COMMENT '目标部门ID',
  `to_department` varchar(100) DEFAULT NULL COMMENT '目标部门名称',
  `from_custodian` varchar(50) DEFAULT NULL COMMENT '原责任人',
  `to_custodian` varchar(50) DEFAULT NULL COMMENT '目标责任人',
  `old_status` tinyint DEFAULT NULL COMMENT '原状态',
  `new_status` tinyint DEFAULT NULL COMMENT '新状态',
  `remark` text COMMENT '备注',
  `operator` varchar(50) NOT NULL COMMENT '操作人',
  `operate_time` datetime NOT NULL DEFAULT CURRENT_TIMESTAMP COMMENT '操作时间',
  `deleted` tinyint NOT NULL DEFAULT '0' COMMENT '删除标记：0-未删除，1-已删除',
  `create_time` datetime NOT NULL DEFAULT CURRENT_TIMESTAMP COMMENT '创建时间',
  `update_time` datetime NOT NULL DEFAULT CURRENT_TIMESTAMP ON UPDATE CURRENT_TIMESTAMP COMMENT '更新时间',
  PRIMARY KEY (`id`),
  KEY `idx_asset_id` (`asset_id`),
  KEY `idx_record_type` (`record_type`),
  KEY `idx_operate_time` (`operate_time`)
) ENGINE=InnoDB AUTO_INCREMENT=268 DEFAULT CHARSET=utf8mb4 COLLATE=utf8mb4_0900_ai_ci COMMENT='资产流转记录表';
/*!40101 SET character_set_client = @saved_cs_client */;

--
-- Dumping data for table `asset_record`
--

LOCK TABLES `asset_record` WRITE;
/*!40000 ALTER TABLE `asset_record` DISABLE KEYS */;
INSERT INTO `asset_record` VALUES (1,201,2,1,'总公司',7,'财务部','admin','zhangsan01',1,2,'','admin','2026-02-08 22:14:29',0,'2026-02-08 22:14:29','2026-02-08 22:14:29'),(2,51,2,1,'总公司',7,'财务部','admin','zhangsan01',1,2,'','admin','2026-02-08 22:14:29',0,'2026-02-08 22:14:29','2026-02-08 22:14:29'),(3,11,2,1,'总公司',7,'财务部','admin','zhangsan01',1,2,'','admin','2026-02-08 22:14:29',0,'2026-02-08 22:14:29','2026-02-08 22:14:29'),(4,41,2,1,'总公司',7,'财务部','admin','zhangsan01',1,2,'','admin','2026-02-08 22:14:29',0,'2026-02-08 22:14:29','2026-02-08 22:14:29'),(5,9,2,1,'总公司',7,'财务部','admin','zhangsan01',1,2,'','admin','2026-02-08 22:14:29',0,'2026-02-08 22:14:29','2026-02-08 22:14:29'),(6,10,2,1,'总公司',7,'财务部','admin','zhangsan01',1,2,'','admin','2026-02-08 22:14:30',0,'2026-02-08 22:14:30','2026-02-08 22:14:30'),(7,1,2,1,'总公司',7,'财务部','admin','zhangsan01',1,2,'','admin','2026-02-08 22:14:30',0,'2026-02-08 22:14:30','2026-02-08 22:14:30'),(8,9,4,7,'财务部',NULL,NULL,'zhangsan01','zhangsan01',2,1,'','zhangsan01','2026-02-08 22:27:27',0,'2026-02-08 22:27:27','2026-02-08 22:27:27'),(9,10,6,7,'财务部',7,'财务部','zhangsan01','zhangsan01',2,3,'','zhangsan01','2026-02-08 22:27:51',0,'2026-02-08 22:27:51','2026-02-08 22:27:51'),(10,201,6,7,'财务部',7,'财务部','zhangsan01','zhangsan01',2,3,'','zhangsan01','2026-02-08 22:30:01',0,'2026-02-08 22:30:01','2026-02-08 22:30:01'),(11,201,8,7,'财务部',7,'财务部','zhangsan01','zhangsan01',3,2,'报修拒绝','wangwu01','2026-02-08 22:30:14',0,'2026-02-08 22:30:14','2026-02-08 22:30:14'),(12,10,7,7,'财务部',7,'财务部','zhangsan01','zhangsan01',3,2,'维修完成','zhouzhou01','2026-02-08 22:30:34',0,'2026-02-08 22:30:34','2026-02-08 22:30:34'),(13,201,3,7,'财务部',5,'开发平台','zhangsan01','lisi01',2,2,'','wangwu01','2026-02-08 22:31:25',0,'2026-02-08 22:31:25','2026-02-08 22:31:25'),(14,51,3,7,'财务部',5,'开发平台','zhangsan01','lisi01',2,2,'','wangwu01','2026-02-08 22:31:25',0,'2026-02-08 22:31:25','2026-02-08 22:31:25'),(15,11,3,7,'财务部',5,'开发平台','zhangsan01','lisi01',2,2,'','wangwu01','2026-02-08 22:31:25',0,'2026-02-08 22:31:25','2026-02-08 22:31:25'),(16,201,3,5,'开发平台',7,'财务部','lisi01','zhangsan01',2,2,'借用归还','wangwu01','2026-02-08 22:31:37',0,'2026-02-08 22:31:37','2026-02-08 22:31:37'),(17,51,3,5,'开发平台',7,'财务部','lisi01','zhangsan01',2,2,'借用归还','wangwu01','2026-02-08 22:31:37',0,'2026-02-08 22:31:37','2026-02-08 22:31:37'),(18,11,3,5,'开发平台',7,'财务部','lisi01','zhangsan01',2,2,'借用归还','wangwu01','2026-02-08 22:31:37',0,'2026-02-08 22:31:37','2026-02-08 22:31:37'),(19,1,4,7,'财务部',NULL,NULL,'zhangsan01','wangwu01',2,1,'使用结束','wangwu01','2026-02-08 22:31:54',0,'2026-02-08 22:31:54','2026-02-08 22:31:54'),(20,1,5,7,'财务部',NULL,NULL,'wangwu01','wangwu01',1,4,'','wangwu01','2026-02-08 22:32:15',0,'2026-02-08 22:32:15','2026-02-08 22:32:15'),(21,9,5,7,'财务部',NULL,NULL,'zhangsan01','wangwu01',1,4,'','wangwu01','2026-02-08 22:32:19',0,'2026-02-08 22:32:19','2026-02-08 22:32:19'),(22,251,2,12,'管理部',7,'财务部','zhaozhao01','zhangsan01',1,2,'','zhaozhao01','2026-02-08 22:35:40',0,'2026-02-08 22:35:40','2026-02-08 22:35:40'),(23,229,2,12,'管理部',7,'财务部','zhaozhao01','zhangsan01',1,2,'','zhaozhao01','2026-02-08 22:35:40',0,'2026-02-08 22:35:40','2026-02-08 22:35:40'),(24,230,2,12,'管理部',7,'财务部','zhaozhao01','zhangsan01',1,2,'','zhaozhao01','2026-02-08 22:35:40',0,'2026-02-08 22:35:40','2026-02-08 22:35:40'),(25,231,2,12,'管理部',7,'财务部','zhaozhao01','zhangsan01',1,2,'','zhaozhao01','2026-02-08 22:35:40',0,'2026-02-08 22:35:40','2026-02-08 22:35:40'),(26,232,2,12,'管理部',7,'财务部','zhaozhao01','zhangsan01',1,2,'','zhaozhao01','2026-02-08 22:35:40',0,'2026-02-08 22:35:40','2026-02-08 22:35:40'),(27,233,2,12,'管理部',7,'财务部','zhaozhao01','zhangsan01',1,2,'','zhaozhao01','2026-02-08 22:35:40',0,'2026-02-08 22:35:40','2026-02-08 22:35:40'),(28,234,2,12,'管理部',7,'财务部','zhaozhao01','zhangsan01',1,2,'','zhaozhao01','2026-02-08 22:35:40',0,'2026-02-08 22:35:40','2026-02-08 22:35:40'),(29,235,2,12,'管理部',7,'财务部','zhaozhao01','zhangsan01',1,2,'','zhaozhao01','2026-02-08 22:35:40',0,'2026-02-08 22:35:40','2026-02-08 22:35:40'),(30,236,2,12,'管理部',7,'财务部','zhaozhao01','zhangsan01',1,2,'','zhaozhao01','2026-02-08 22:35:41',0,'2026-02-08 22:35:41','2026-02-08 22:35:41'),(31,237,2,12,'管理部',7,'财务部','zhaozhao01','zhangsan01',1,2,'','zhaozhao01','2026-02-08 22:35:41',0,'2026-02-08 22:35:41','2026-02-08 22:35:41'),(32,238,2,12,'管理部',7,'财务部','zhaozhao01','zhangsan01',1,2,'','zhaozhao01','2026-02-08 22:35:41',0,'2026-02-08 22:35:41','2026-02-08 22:35:41'),(33,239,2,12,'管理部',7,'财务部','zhaozhao01','zhangsan01',1,2,'','zhaozhao01','2026-02-08 22:35:41',0,'2026-02-08 22:35:41','2026-02-08 22:35:41'),(34,240,2,12,'管理部',7,'财务部','zhaozhao01','zhangsan01',1,2,'','zhaozhao01','2026-02-08 22:35:41',0,'2026-02-08 22:35:41','2026-02-08 22:35:41'),(35,241,2,12,'管理部',7,'财务部','zhaozhao01','zhangsan01',1,2,'','zhaozhao01','2026-02-08 22:35:41',0,'2026-02-08 22:35:41','2026-02-08 22:35:41'),(36,242,2,12,'管理部',7,'财务部','zhaozhao01','zhangsan01',1,2,'','zhaozhao01','2026-02-08 22:35:41',0,'2026-02-08 22:35:41','2026-02-08 22:35:41'),(37,243,2,12,'管理部',7,'财务部','zhaozhao01','zhangsan01',1,2,'','zhaozhao01','2026-02-08 22:35:41',0,'2026-02-08 22:35:41','2026-02-08 22:35:41'),(38,244,2,12,'管理部',7,'财务部','zhaozhao01','zhangsan01',1,2,'','zhaozhao01','2026-02-08 22:35:41',0,'2026-02-08 22:35:41','2026-02-08 22:35:41'),(39,245,2,12,'管理部',7,'财务部','zhaozhao01','zhangsan01',1,2,'','zhaozhao01','2026-02-08 22:35:41',0,'2026-02-08 22:35:41','2026-02-08 22:35:41'),(40,246,2,12,'管理部',7,'财务部','zhaozhao01','zhangsan01',1,2,'','zhaozhao01','2026-02-08 22:35:41',0,'2026-02-08 22:35:41','2026-02-08 22:35:41'),(41,247,2,12,'管理部',7,'财务部','zhaozhao01','zhangsan01',1,2,'','zhaozhao01','2026-02-08 22:35:41',0,'2026-02-08 22:35:41','2026-02-08 22:35:41'),(42,248,2,12,'管理部',7,'财务部','zhaozhao01','zhangsan01',1,2,'','zhaozhao01','2026-02-08 22:35:41',0,'2026-02-08 22:35:41','2026-02-08 22:35:41'),(43,249,2,12,'管理部',7,'财务部','zhaozhao01','zhangsan01',1,2,'','zhaozhao01','2026-02-08 22:35:41',0,'2026-02-08 22:35:41','2026-02-08 22:35:41'),(44,250,2,12,'管理部',7,'财务部','zhaozhao01','zhangsan01',1,2,'','zhaozhao01','2026-02-08 22:35:41',0,'2026-02-08 22:35:41','2026-02-08 22:35:41'),(45,227,2,12,'管理部',7,'财务部','zhaozhao01','zhangsan01',1,2,'','zhaozhao01','2026-02-08 22:35:42',0,'2026-02-08 22:35:42','2026-02-08 22:35:42'),(46,228,2,12,'管理部',7,'财务部','zhaozhao01','zhangsan01',1,2,'','zhaozhao01','2026-02-08 22:35:42',0,'2026-02-08 22:35:42','2026-02-08 22:35:42'),(47,215,2,12,'管理部',7,'财务部','zhaozhao01','zhangsan01',1,2,'','zhaozhao01','2026-02-08 22:35:42',0,'2026-02-08 22:35:42','2026-02-08 22:35:42'),(48,203,2,12,'管理部',7,'财务部','zhaozhao01','zhangsan01',1,2,'','zhaozhao01','2026-02-08 22:35:42',0,'2026-02-08 22:35:42','2026-02-08 22:35:42'),(49,204,2,12,'管理部',7,'财务部','zhaozhao01','zhangsan01',1,2,'','zhaozhao01','2026-02-08 22:35:42',0,'2026-02-08 22:35:42','2026-02-08 22:35:42'),(50,205,2,12,'管理部',7,'财务部','zhaozhao01','zhangsan01',1,2,'','zhaozhao01','2026-02-08 22:35:42',0,'2026-02-08 22:35:42','2026-02-08 22:35:42'),(51,206,2,12,'管理部',7,'财务部','zhaozhao01','zhangsan01',1,2,'','zhaozhao01','2026-02-08 22:35:42',0,'2026-02-08 22:35:42','2026-02-08 22:35:42'),(52,207,2,12,'管理部',7,'财务部','zhaozhao01','zhangsan01',1,2,'','zhaozhao01','2026-02-08 22:35:42',0,'2026-02-08 22:35:42','2026-02-08 22:35:42'),(53,208,2,12,'管理部',7,'财务部','zhaozhao01','zhangsan01',1,2,'','zhaozhao01','2026-02-08 22:35:42',0,'2026-02-08 22:35:42','2026-02-08 22:35:42'),(54,209,2,12,'管理部',7,'财务部','zhaozhao01','zhangsan01',1,2,'','zhaozhao01','2026-02-08 22:35:42',0,'2026-02-08 22:35:42','2026-02-08 22:35:42'),(55,210,2,12,'管理部',7,'财务部','zhaozhao01','zhangsan01',1,2,'','zhaozhao01','2026-02-08 22:35:42',0,'2026-02-08 22:35:42','2026-02-08 22:35:42'),(56,211,2,12,'管理部',7,'财务部','zhaozhao01','zhangsan01',1,2,'','zhaozhao01','2026-02-08 22:35:42',0,'2026-02-08 22:35:42','2026-02-08 22:35:42'),(57,212,2,12,'管理部',7,'财务部','zhaozhao01','zhangsan01',1,2,'','zhaozhao01','2026-02-08 22:35:42',0,'2026-02-08 22:35:42','2026-02-08 22:35:42'),(58,213,2,12,'管理部',7,'财务部','zhaozhao01','zhangsan01',1,2,'','zhaozhao01','2026-02-08 22:35:42',0,'2026-02-08 22:35:42','2026-02-08 22:35:42'),(59,214,2,12,'管理部',7,'财务部','zhaozhao01','zhangsan01',1,2,'','zhaozhao01','2026-02-08 22:35:42',0,'2026-02-08 22:35:42','2026-02-08 22:35:42'),(60,202,2,12,'管理部',7,'财务部','zhaozhao01','zhangsan01',1,2,'','zhaozhao01','2026-02-08 22:35:43',0,'2026-02-08 22:35:43','2026-02-08 22:35:43'),(61,216,2,12,'管理部',7,'财务部','zhaozhao01','zhangsan01',1,2,'','zhaozhao01','2026-02-08 22:35:43',0,'2026-02-08 22:35:43','2026-02-08 22:35:43'),(62,217,2,12,'管理部',7,'财务部','zhaozhao01','zhangsan01',1,2,'','zhaozhao01','2026-02-08 22:35:43',0,'2026-02-08 22:35:43','2026-02-08 22:35:43'),(63,218,2,12,'管理部',7,'财务部','zhaozhao01','zhangsan01',1,2,'','zhaozhao01','2026-02-08 22:35:43',0,'2026-02-08 22:35:43','2026-02-08 22:35:43'),(64,219,2,12,'管理部',7,'财务部','zhaozhao01','zhangsan01',1,2,'','zhaozhao01','2026-02-08 22:35:43',0,'2026-02-08 22:35:43','2026-02-08 22:35:43'),(65,220,2,12,'管理部',7,'财务部','zhaozhao01','zhangsan01',1,2,'','zhaozhao01','2026-02-08 22:35:43',0,'2026-02-08 22:35:43','2026-02-08 22:35:43'),(66,221,2,12,'管理部',7,'财务部','zhaozhao01','zhangsan01',1,2,'','zhaozhao01','2026-02-08 22:35:43',0,'2026-02-08 22:35:43','2026-02-08 22:35:43'),(67,222,2,12,'管理部',7,'财务部','zhaozhao01','zhangsan01',1,2,'','zhaozhao01','2026-02-08 22:35:43',0,'2026-02-08 22:35:43','2026-02-08 22:35:43'),(68,223,2,12,'管理部',7,'财务部','zhaozhao01','zhangsan01',1,2,'','zhaozhao01','2026-02-08 22:35:43',0,'2026-02-08 22:35:43','2026-02-08 22:35:43'),(69,224,2,12,'管理部',7,'财务部','zhaozhao01','zhangsan01',1,2,'','zhaozhao01','2026-02-08 22:35:43',0,'2026-02-08 22:35:43','2026-02-08 22:35:43'),(70,225,2,12,'管理部',7,'财务部','zhaozhao01','zhangsan01',1,2,'','zhaozhao01','2026-02-08 22:35:43',0,'2026-02-08 22:35:43','2026-02-08 22:35:43'),(71,226,2,12,'管理部',7,'财务部','zhaozhao01','zhangsan01',1,2,'','zhaozhao01','2026-02-08 22:35:43',0,'2026-02-08 22:35:43','2026-02-08 22:35:43'),(72,12,2,12,'管理部',7,'财务部','zhaozhao01','zhangsan01',1,2,'','zhaozhao01','2026-02-08 22:36:09',0,'2026-02-08 22:36:09','2026-02-08 22:36:09'),(73,13,2,12,'管理部',7,'财务部','zhaozhao01','zhangsan01',1,2,'','zhaozhao01','2026-02-08 22:36:09',0,'2026-02-08 22:36:09','2026-02-08 22:36:09'),(74,14,2,12,'管理部',7,'财务部','zhaozhao01','zhangsan01',1,2,'','zhaozhao01','2026-02-08 22:36:09',0,'2026-02-08 22:36:09','2026-02-08 22:36:09'),(75,15,2,12,'管理部',7,'财务部','zhaozhao01','zhangsan01',1,2,'','zhaozhao01','2026-02-08 22:36:09',0,'2026-02-08 22:36:09','2026-02-08 22:36:09'),(76,16,2,12,'管理部',7,'财务部','zhaozhao01','zhangsan01',1,2,'','zhaozhao01','2026-02-08 22:36:09',0,'2026-02-08 22:36:09','2026-02-08 22:36:09'),(77,42,2,12,'管理部',7,'财务部','zhaozhao01','zhangsan01',1,2,'','zhaozhao01','2026-02-08 22:36:09',0,'2026-02-08 22:36:09','2026-02-08 22:36:09'),(78,43,2,12,'管理部',7,'财务部','zhaozhao01','zhangsan01',1,2,'','zhaozhao01','2026-02-08 22:36:09',0,'2026-02-08 22:36:09','2026-02-08 22:36:09'),(79,44,2,12,'管理部',7,'财务部','zhaozhao01','zhangsan01',1,2,'','zhaozhao01','2026-02-08 22:36:09',0,'2026-02-08 22:36:09','2026-02-08 22:36:09'),(80,45,2,12,'管理部',7,'财务部','zhaozhao01','zhangsan01',1,2,'','zhaozhao01','2026-02-08 22:36:09',0,'2026-02-08 22:36:09','2026-02-08 22:36:09'),(81,46,2,12,'管理部',7,'财务部','zhaozhao01','zhangsan01',1,2,'','zhaozhao01','2026-02-08 22:36:09',0,'2026-02-08 22:36:09','2026-02-08 22:36:09'),(82,2,2,12,'管理部',7,'财务部','zhaozhao01','zhangsan01',1,2,'','zhaozhao01','2026-02-08 22:36:09',0,'2026-02-08 22:36:09','2026-02-08 22:36:09'),(83,4,2,12,'管理部',7,'财务部','zhaozhao01','zhangsan01',1,2,'','zhaozhao01','2026-02-08 22:36:10',0,'2026-02-08 22:36:10','2026-02-08 22:36:10'),(84,17,2,12,'管理部',11,'维修部','zhaozhao01','zhouzhou01',1,2,'','zhaozhao01','2026-02-08 22:36:24',0,'2026-02-08 22:36:24','2026-02-08 22:36:24'),(85,47,2,12,'管理部',11,'维修部','zhaozhao01','zhouzhou01',1,2,'','zhaozhao01','2026-02-08 22:36:24',0,'2026-02-08 22:36:24','2026-02-08 22:36:24'),(86,3,2,12,'管理部',11,'维修部','zhaozhao01','zhouzhou01',1,2,'','zhaozhao01','2026-02-08 22:36:24',0,'2026-02-08 22:36:24','2026-02-08 22:36:24'),(87,5,2,12,'管理部',11,'维修部','zhaozhao01','zhouzhou01',1,2,'','zhaozhao01','2026-02-08 22:36:24',0,'2026-02-08 22:36:24','2026-02-08 22:36:24'),(88,252,2,12,'管理部',12,'管理部','zhaozhao01','zhaozhao01',1,2,'','zhaozhao01','2026-02-08 22:36:35',0,'2026-02-08 22:36:35','2026-02-08 22:36:35'),(89,253,2,12,'管理部',12,'管理部','zhaozhao01','zhaozhao01',1,2,'','zhaozhao01','2026-02-08 22:36:35',0,'2026-02-08 22:36:35','2026-02-08 22:36:35'),(90,254,2,12,'管理部',12,'管理部','zhaozhao01','zhaozhao01',1,2,'','zhaozhao01','2026-02-08 22:36:35',0,'2026-02-08 22:36:35','2026-02-08 22:36:35'),(91,255,2,12,'管理部',12,'管理部','zhaozhao01','zhaozhao01',1,2,'','zhaozhao01','2026-02-08 22:36:35',0,'2026-02-08 22:36:35','2026-02-08 22:36:35'),(92,256,2,12,'管理部',12,'管理部','zhaozhao01','zhaozhao01',1,2,'','zhaozhao01','2026-02-08 22:36:35',0,'2026-02-08 22:36:35','2026-02-08 22:36:35'),(93,52,2,12,'管理部',12,'管理部','zhaozhao01','zhaozhao01',1,2,'','zhaozhao01','2026-02-08 22:36:35',0,'2026-02-08 22:36:35','2026-02-08 22:36:35'),(94,53,2,12,'管理部',12,'管理部','zhaozhao01','zhaozhao01',1,2,'','zhaozhao01','2026-02-08 22:36:35',0,'2026-02-08 22:36:35','2026-02-08 22:36:35'),(95,54,2,12,'管理部',12,'管理部','zhaozhao01','zhaozhao01',1,2,'','zhaozhao01','2026-02-08 22:36:35',0,'2026-02-08 22:36:35','2026-02-08 22:36:35'),(96,55,2,12,'管理部',12,'管理部','zhaozhao01','zhaozhao01',1,2,'','zhaozhao01','2026-02-08 22:36:35',0,'2026-02-08 22:36:35','2026-02-08 22:36:35'),(97,56,2,12,'管理部',12,'管理部','zhaozhao01','zhaozhao01',1,2,'','zhaozhao01','2026-02-08 22:36:36',0,'2026-02-08 22:36:36','2026-02-08 22:36:36'),(98,267,2,12,'管理部',10,'资产部','zhaozhao01','wangwu01',1,2,'','zhaozhao01','2026-02-08 22:36:54',0,'2026-02-08 22:36:54','2026-02-08 22:36:54'),(99,258,2,12,'管理部',10,'资产部','zhaozhao01','wangwu01',1,2,'','zhaozhao01','2026-02-08 22:36:54',0,'2026-02-08 22:36:54','2026-02-08 22:36:54'),(100,259,2,12,'管理部',10,'资产部','zhaozhao01','wangwu01',1,2,'','zhaozhao01','2026-02-08 22:36:55',0,'2026-02-08 22:36:55','2026-02-08 22:36:55'),(101,260,2,12,'管理部',10,'资产部','zhaozhao01','wangwu01',1,2,'','zhaozhao01','2026-02-08 22:36:55',0,'2026-02-08 22:36:55','2026-02-08 22:36:55'),(102,261,2,12,'管理部',10,'资产部','zhaozhao01','wangwu01',1,2,'','zhaozhao01','2026-02-08 22:36:55',0,'2026-02-08 22:36:55','2026-02-08 22:36:55'),(103,262,2,12,'管理部',10,'资产部','zhaozhao01','wangwu01',1,2,'','zhaozhao01','2026-02-08 22:36:55',0,'2026-02-08 22:36:55','2026-02-08 22:36:55'),(104,263,2,12,'管理部',10,'资产部','zhaozhao01','wangwu01',1,2,'','zhaozhao01','2026-02-08 22:36:55',0,'2026-02-08 22:36:55','2026-02-08 22:36:55'),(105,264,2,12,'管理部',10,'资产部','zhaozhao01','wangwu01',1,2,'','zhaozhao01','2026-02-08 22:36:55',0,'2026-02-08 22:36:55','2026-02-08 22:36:55'),(106,265,2,12,'管理部',10,'资产部','zhaozhao01','wangwu01',1,2,'','zhaozhao01','2026-02-08 22:36:55',0,'2026-02-08 22:36:55','2026-02-08 22:36:55'),(107,266,2,12,'管理部',10,'资产部','zhaozhao01','wangwu01',1,2,'','zhaozhao01','2026-02-08 22:36:55',0,'2026-02-08 22:36:55','2026-02-08 22:36:55'),(108,257,2,12,'管理部',10,'资产部','zhaozhao01','wangwu01',1,2,'','zhaozhao01','2026-02-08 22:36:55',0,'2026-02-08 22:36:55','2026-02-08 22:36:55'),(109,268,2,12,'管理部',10,'资产部','zhaozhao01','wangwu01',1,2,'','zhaozhao01','2026-02-08 22:36:55',0,'2026-02-08 22:36:55','2026-02-08 22:36:55'),(110,269,2,12,'管理部',10,'资产部','zhaozhao01','wangwu01',1,2,'','zhaozhao01','2026-02-08 22:36:55',0,'2026-02-08 22:36:55','2026-02-08 22:36:55'),(111,270,2,12,'管理部',10,'资产部','zhaozhao01','wangwu01',1,2,'','zhaozhao01','2026-02-08 22:36:55',0,'2026-02-08 22:36:55','2026-02-08 22:36:55'),(112,271,2,12,'管理部',10,'资产部','zhaozhao01','wangwu01',1,2,'','zhaozhao01','2026-02-08 22:36:55',0,'2026-02-08 22:36:55','2026-02-08 22:36:55'),(113,272,2,12,'管理部',10,'资产部','zhaozhao01','wangwu01',1,2,'','zhaozhao01','2026-02-08 22:36:55',0,'2026-02-08 22:36:55','2026-02-08 22:36:55'),(114,273,2,12,'管理部',10,'资产部','zhaozhao01','wangwu01',1,2,'','zhaozhao01','2026-02-08 22:36:55',0,'2026-02-08 22:36:55','2026-02-08 22:36:55'),(115,274,2,12,'管理部',10,'资产部','zhaozhao01','wangwu01',1,2,'','zhaozhao01','2026-02-08 22:36:56',0,'2026-02-08 22:36:56','2026-02-08 22:36:56'),(116,275,2,12,'管理部',10,'资产部','zhaozhao01','wangwu01',1,2,'','zhaozhao01','2026-02-08 22:36:56',0,'2026-02-08 22:36:56','2026-02-08 22:36:56'),(117,276,2,12,'管理部',10,'资产部','zhaozhao01','wangwu01',1,2,'','zhaozhao01','2026-02-08 22:36:56',0,'2026-02-08 22:36:56','2026-02-08 22:36:56'),(118,67,2,12,'管理部',10,'资产部','zhaozhao01','wangwu01',1,2,'','zhaozhao01','2026-02-08 22:36:56',0,'2026-02-08 22:36:56','2026-02-08 22:36:56'),(119,58,2,12,'管理部',10,'资产部','zhaozhao01','wangwu01',1,2,'','zhaozhao01','2026-02-08 22:36:56',0,'2026-02-08 22:36:56','2026-02-08 22:36:56'),(120,59,2,12,'管理部',10,'资产部','zhaozhao01','wangwu01',1,2,'','zhaozhao01','2026-02-08 22:36:56',0,'2026-02-08 22:36:56','2026-02-08 22:36:56'),(121,60,2,12,'管理部',10,'资产部','zhaozhao01','wangwu01',1,2,'','zhaozhao01','2026-02-08 22:36:56',0,'2026-02-08 22:36:56','2026-02-08 22:36:56'),(122,61,2,12,'管理部',10,'资产部','zhaozhao01','wangwu01',1,2,'','zhaozhao01','2026-02-08 22:36:56',0,'2026-02-08 22:36:56','2026-02-08 22:36:56'),(123,62,2,12,'管理部',10,'资产部','zhaozhao01','wangwu01',1,2,'','zhaozhao01','2026-02-08 22:36:56',0,'2026-02-08 22:36:56','2026-02-08 22:36:56'),(124,63,2,12,'管理部',10,'资产部','zhaozhao01','wangwu01',1,2,'','zhaozhao01','2026-02-08 22:36:56',0,'2026-02-08 22:36:56','2026-02-08 22:36:56'),(125,64,2,12,'管理部',10,'资产部','zhaozhao01','wangwu01',1,2,'','zhaozhao01','2026-02-08 22:36:56',0,'2026-02-08 22:36:56','2026-02-08 22:36:56'),(126,65,2,12,'管理部',10,'资产部','zhaozhao01','wangwu01',1,2,'','zhaozhao01','2026-02-08 22:36:56',0,'2026-02-08 22:36:56','2026-02-08 22:36:56'),(127,66,2,12,'管理部',10,'资产部','zhaozhao01','wangwu01',1,2,'','zhaozhao01','2026-02-08 22:36:56',0,'2026-02-08 22:36:56','2026-02-08 22:36:56'),(128,57,2,12,'管理部',10,'资产部','zhaozhao01','wangwu01',1,2,'','zhaozhao01','2026-02-08 22:36:56',0,'2026-02-08 22:36:56','2026-02-08 22:36:56'),(129,68,2,12,'管理部',10,'资产部','zhaozhao01','wangwu01',1,2,'','zhaozhao01','2026-02-08 22:36:57',0,'2026-02-08 22:36:57','2026-02-08 22:36:57'),(130,69,2,12,'管理部',10,'资产部','zhaozhao01','wangwu01',1,2,'','zhaozhao01','2026-02-08 22:36:57',0,'2026-02-08 22:36:57','2026-02-08 22:36:57'),(131,70,2,12,'管理部',10,'资产部','zhaozhao01','wangwu01',1,2,'','zhaozhao01','2026-02-08 22:36:57',0,'2026-02-08 22:36:57','2026-02-08 22:36:57'),(132,71,2,12,'管理部',10,'资产部','zhaozhao01','wangwu01',1,2,'','zhaozhao01','2026-02-08 22:36:57',0,'2026-02-08 22:36:57','2026-02-08 22:36:57'),(133,72,2,12,'管理部',10,'资产部','zhaozhao01','wangwu01',1,2,'','zhaozhao01','2026-02-08 22:36:57',0,'2026-02-08 22:36:57','2026-02-08 22:36:57'),(134,73,2,12,'管理部',10,'资产部','zhaozhao01','wangwu01',1,2,'','zhaozhao01','2026-02-08 22:36:57',0,'2026-02-08 22:36:57','2026-02-08 22:36:57'),(135,74,2,12,'管理部',10,'资产部','zhaozhao01','wangwu01',1,2,'','zhaozhao01','2026-02-08 22:36:57',0,'2026-02-08 22:36:57','2026-02-08 22:36:57'),(136,75,2,12,'管理部',10,'资产部','zhaozhao01','wangwu01',1,2,'','zhaozhao01','2026-02-08 22:36:57',0,'2026-02-08 22:36:57','2026-02-08 22:36:57'),(137,76,2,12,'管理部',10,'资产部','zhaozhao01','wangwu01',1,2,'','zhaozhao01','2026-02-08 22:36:57',0,'2026-02-08 22:36:57','2026-02-08 22:36:57'),(138,315,2,12,'管理部',5,'开发平台','zhaozhao01','lisi01',1,2,'','zhaozhao01','2026-02-08 22:37:50',0,'2026-02-08 22:37:50','2026-02-08 22:37:50'),(139,303,2,12,'管理部',5,'开发平台','zhaozhao01','lisi01',1,2,'','zhaozhao01','2026-02-08 22:37:50',0,'2026-02-08 22:37:50','2026-02-08 22:37:50'),(140,304,2,12,'管理部',5,'开发平台','zhaozhao01','lisi01',1,2,'','zhaozhao01','2026-02-08 22:37:50',0,'2026-02-08 22:37:50','2026-02-08 22:37:50'),(141,305,2,12,'管理部',5,'开发平台','zhaozhao01','lisi01',1,2,'','zhaozhao01','2026-02-08 22:37:50',0,'2026-02-08 22:37:50','2026-02-08 22:37:50'),(142,306,2,12,'管理部',5,'开发平台','zhaozhao01','lisi01',1,2,'','zhaozhao01','2026-02-08 22:37:50',0,'2026-02-08 22:37:50','2026-02-08 22:37:50'),(143,307,2,12,'管理部',5,'开发平台','zhaozhao01','lisi01',1,2,'','zhaozhao01','2026-02-08 22:37:50',0,'2026-02-08 22:37:50','2026-02-08 22:37:50'),(144,308,2,12,'管理部',5,'开发平台','zhaozhao01','lisi01',1,2,'','zhaozhao01','2026-02-08 22:37:50',0,'2026-02-08 22:37:50','2026-02-08 22:37:50'),(145,309,2,12,'管理部',5,'开发平台','zhaozhao01','lisi01',1,2,'','zhaozhao01','2026-02-08 22:37:50',0,'2026-02-08 22:37:50','2026-02-08 22:37:50'),(146,310,2,12,'管理部',5,'开发平台','zhaozhao01','lisi01',1,2,'','zhaozhao01','2026-02-08 22:37:50',0,'2026-02-08 22:37:50','2026-02-08 22:37:50'),(147,311,2,12,'管理部',5,'开发平台','zhaozhao01','lisi01',1,2,'','zhaozhao01','2026-02-08 22:37:50',0,'2026-02-08 22:37:50','2026-02-08 22:37:50'),(148,312,2,12,'管理部',5,'开发平台','zhaozhao01','lisi01',1,2,'','zhaozhao01','2026-02-08 22:37:50',0,'2026-02-08 22:37:50','2026-02-08 22:37:50'),(149,313,2,12,'管理部',5,'开发平台','zhaozhao01','lisi01',1,2,'','zhaozhao01','2026-02-08 22:37:50',0,'2026-02-08 22:37:50','2026-02-08 22:37:50'),(150,314,2,12,'管理部',5,'开发平台','zhaozhao01','lisi01',1,2,'','zhaozhao01','2026-02-08 22:37:50',0,'2026-02-08 22:37:50','2026-02-08 22:37:50'),(151,302,2,12,'管理部',5,'开发平台','zhaozhao01','lisi01',1,2,'','zhaozhao01','2026-02-08 22:37:50',0,'2026-02-08 22:37:50','2026-02-08 22:37:50'),(152,316,2,12,'管理部',5,'开发平台','zhaozhao01','lisi01',1,2,'','zhaozhao01','2026-02-08 22:37:51',0,'2026-02-08 22:37:51','2026-02-08 22:37:51'),(153,317,2,12,'管理部',5,'开发平台','zhaozhao01','lisi01',1,2,'','zhaozhao01','2026-02-08 22:37:51',0,'2026-02-08 22:37:51','2026-02-08 22:37:51'),(154,318,2,12,'管理部',5,'开发平台','zhaozhao01','lisi01',1,2,'','zhaozhao01','2026-02-08 22:37:51',0,'2026-02-08 22:37:51','2026-02-08 22:37:51'),(155,319,2,12,'管理部',5,'开发平台','zhaozhao01','lisi01',1,2,'','zhaozhao01','2026-02-08 22:37:51',0,'2026-02-08 22:37:51','2026-02-08 22:37:51'),(156,320,2,12,'管理部',5,'开发平台','zhaozhao01','lisi01',1,2,'','zhaozhao01','2026-02-08 22:37:51',0,'2026-02-08 22:37:51','2026-02-08 22:37:51'),(157,321,2,12,'管理部',5,'开发平台','zhaozhao01','lisi01',1,2,'','zhaozhao01','2026-02-08 22:37:51',0,'2026-02-08 22:37:51','2026-02-08 22:37:51'),(158,322,2,12,'管理部',5,'开发平台','zhaozhao01','lisi01',1,2,'','zhaozhao01','2026-02-08 22:37:51',0,'2026-02-08 22:37:51','2026-02-08 22:37:51'),(159,323,2,12,'管理部',5,'开发平台','zhaozhao01','lisi01',1,2,'','zhaozhao01','2026-02-08 22:37:51',0,'2026-02-08 22:37:51','2026-02-08 22:37:51'),(160,324,2,12,'管理部',5,'开发平台','zhaozhao01','lisi01',1,2,'','zhaozhao01','2026-02-08 22:37:51',0,'2026-02-08 22:37:51','2026-02-08 22:37:51'),(161,325,2,12,'管理部',5,'开发平台','zhaozhao01','lisi01',1,2,'','zhaozhao01','2026-02-08 22:37:51',0,'2026-02-08 22:37:51','2026-02-08 22:37:51'),(162,326,2,12,'管理部',5,'开发平台','zhaozhao01','lisi01',1,2,'','zhaozhao01','2026-02-08 22:37:51',0,'2026-02-08 22:37:51','2026-02-08 22:37:51'),(163,301,2,12,'管理部',5,'开发平台','zhaozhao01','lisi01',1,2,'','zhaozhao01','2026-02-08 22:37:51',0,'2026-02-08 22:37:51','2026-02-08 22:37:51'),(164,300,2,12,'管理部',5,'开发平台','zhaozhao01','lisi01',1,2,'','zhaozhao01','2026-02-08 22:37:51',0,'2026-02-08 22:37:51','2026-02-08 22:37:51'),(165,299,2,12,'管理部',5,'开发平台','zhaozhao01','lisi01',1,2,'','zhaozhao01','2026-02-08 22:37:51',0,'2026-02-08 22:37:51','2026-02-08 22:37:51'),(166,298,2,12,'管理部',5,'开发平台','zhaozhao01','lisi01',1,2,'','zhaozhao01','2026-02-08 22:37:51',0,'2026-02-08 22:37:51','2026-02-08 22:37:51'),(167,297,2,12,'管理部',5,'开发平台','zhaozhao01','lisi01',1,2,'','zhaozhao01','2026-02-08 22:37:51',0,'2026-02-08 22:37:51','2026-02-08 22:37:51'),(168,278,2,12,'管理部',5,'开发平台','zhaozhao01','lisi01',1,2,'','zhaozhao01','2026-02-08 22:37:52',0,'2026-02-08 22:37:52','2026-02-08 22:37:52'),(169,277,2,12,'管理部',5,'开发平台','zhaozhao01','lisi01',1,2,'','zhaozhao01','2026-02-08 22:37:52',0,'2026-02-08 22:37:52','2026-02-08 22:37:52'),(170,279,2,12,'管理部',5,'开发平台','zhaozhao01','lisi01',1,2,'','zhaozhao01','2026-02-08 22:37:52',0,'2026-02-08 22:37:52','2026-02-08 22:37:52'),(171,280,2,12,'管理部',5,'开发平台','zhaozhao01','lisi01',1,2,'','zhaozhao01','2026-02-08 22:37:52',0,'2026-02-08 22:37:52','2026-02-08 22:37:52'),(172,281,2,12,'管理部',5,'开发平台','zhaozhao01','lisi01',1,2,'','zhaozhao01','2026-02-08 22:37:52',0,'2026-02-08 22:37:52','2026-02-08 22:37:52'),(173,282,2,12,'管理部',5,'开发平台','zhaozhao01','lisi01',1,2,'','zhaozhao01','2026-02-08 22:37:52',0,'2026-02-08 22:37:52','2026-02-08 22:37:52'),(174,283,2,12,'管理部',5,'开发平台','zhaozhao01','lisi01',1,2,'','zhaozhao01','2026-02-08 22:37:52',0,'2026-02-08 22:37:52','2026-02-08 22:37:52'),(175,284,2,12,'管理部',5,'开发平台','zhaozhao01','lisi01',1,2,'','zhaozhao01','2026-02-08 22:37:52',0,'2026-02-08 22:37:52','2026-02-08 22:37:52'),(176,285,2,12,'管理部',5,'开发平台','zhaozhao01','lisi01',1,2,'','zhaozhao01','2026-02-08 22:37:52',0,'2026-02-08 22:37:52','2026-02-08 22:37:52'),(177,286,2,12,'管理部',5,'开发平台','zhaozhao01','lisi01',1,2,'','zhaozhao01','2026-02-08 22:37:52',0,'2026-02-08 22:37:52','2026-02-08 22:37:52'),(178,287,2,12,'管理部',5,'开发平台','zhaozhao01','lisi01',1,2,'','zhaozhao01','2026-02-08 22:37:52',0,'2026-02-08 22:37:52','2026-02-08 22:37:52'),(179,288,2,12,'管理部',5,'开发平台','zhaozhao01','lisi01',1,2,'','zhaozhao01','2026-02-08 22:37:52',0,'2026-02-08 22:37:52','2026-02-08 22:37:52'),(180,289,2,12,'管理部',5,'开发平台','zhaozhao01','lisi01',1,2,'','zhaozhao01','2026-02-08 22:37:52',0,'2026-02-08 22:37:52','2026-02-08 22:37:52'),(181,290,2,12,'管理部',5,'开发平台','zhaozhao01','lisi01',1,2,'','zhaozhao01','2026-02-08 22:37:52',0,'2026-02-08 22:37:52','2026-02-08 22:37:52'),(182,291,2,12,'管理部',5,'开发平台','zhaozhao01','lisi01',1,2,'','zhaozhao01','2026-02-08 22:37:52',0,'2026-02-08 22:37:52','2026-02-08 22:37:52'),(183,292,2,12,'管理部',5,'开发平台','zhaozhao01','lisi01',1,2,'','zhaozhao01','2026-02-08 22:37:52',0,'2026-02-08 22:37:52','2026-02-08 22:37:52'),(184,293,2,12,'管理部',5,'开发平台','zhaozhao01','lisi01',1,2,'','zhaozhao01','2026-02-08 22:37:53',0,'2026-02-08 22:37:53','2026-02-08 22:37:53'),(185,294,2,12,'管理部',5,'开发平台','zhaozhao01','lisi01',1,2,'','zhaozhao01','2026-02-08 22:37:53',0,'2026-02-08 22:37:53','2026-02-08 22:37:53'),(186,295,2,12,'管理部',5,'开发平台','zhaozhao01','lisi01',1,2,'','zhaozhao01','2026-02-08 22:37:53',0,'2026-02-08 22:37:53','2026-02-08 22:37:53'),(187,296,2,12,'管理部',5,'开发平台','zhaozhao01','lisi01',1,2,'','zhaozhao01','2026-02-08 22:37:53',0,'2026-02-08 22:37:53','2026-02-08 22:37:53'),(188,115,2,12,'管理部',7,'财务部','zhaozhao01','zhangsan01',1,2,'','zhaozhao01','2026-02-08 22:38:48',0,'2026-02-08 22:38:48','2026-02-08 22:38:48'),(189,103,2,12,'管理部',7,'财务部','zhaozhao01','zhangsan01',1,2,'','zhaozhao01','2026-02-08 22:38:48',0,'2026-02-08 22:38:48','2026-02-08 22:38:48'),(190,104,2,12,'管理部',7,'财务部','zhaozhao01','zhangsan01',1,2,'','zhaozhao01','2026-02-08 22:38:48',0,'2026-02-08 22:38:48','2026-02-08 22:38:48'),(191,105,2,12,'管理部',7,'财务部','zhaozhao01','zhangsan01',1,2,'','zhaozhao01','2026-02-08 22:38:48',0,'2026-02-08 22:38:48','2026-02-08 22:38:48'),(192,106,2,12,'管理部',7,'财务部','zhaozhao01','zhangsan01',1,2,'','zhaozhao01','2026-02-08 22:38:48',0,'2026-02-08 22:38:48','2026-02-08 22:38:48'),(193,107,2,12,'管理部',7,'财务部','zhaozhao01','zhangsan01',1,2,'','zhaozhao01','2026-02-08 22:38:48',0,'2026-02-08 22:38:48','2026-02-08 22:38:48'),(194,108,2,12,'管理部',7,'财务部','zhaozhao01','zhangsan01',1,2,'','zhaozhao01','2026-02-08 22:38:48',0,'2026-02-08 22:38:48','2026-02-08 22:38:48'),(195,109,2,12,'管理部',7,'财务部','zhaozhao01','zhangsan01',1,2,'','zhaozhao01','2026-02-08 22:38:48',0,'2026-02-08 22:38:48','2026-02-08 22:38:48'),(196,110,2,12,'管理部',7,'财务部','zhaozhao01','zhangsan01',1,2,'','zhaozhao01','2026-02-08 22:38:48',0,'2026-02-08 22:38:48','2026-02-08 22:38:48'),(197,111,2,12,'管理部',7,'财务部','zhaozhao01','zhangsan01',1,2,'','zhaozhao01','2026-02-08 22:38:48',0,'2026-02-08 22:38:48','2026-02-08 22:38:48'),(198,112,2,12,'管理部',7,'财务部','zhaozhao01','zhangsan01',1,2,'','zhaozhao01','2026-02-08 22:38:48',0,'2026-02-08 22:38:48','2026-02-08 22:38:48'),(199,113,2,12,'管理部',7,'财务部','zhaozhao01','zhangsan01',1,2,'','zhaozhao01','2026-02-08 22:38:48',0,'2026-02-08 22:38:48','2026-02-08 22:38:48'),(200,114,2,12,'管理部',7,'财务部','zhaozhao01','zhangsan01',1,2,'','zhaozhao01','2026-02-08 22:38:48',0,'2026-02-08 22:38:48','2026-02-08 22:38:48'),(201,102,2,12,'管理部',7,'财务部','zhaozhao01','zhangsan01',1,2,'','zhaozhao01','2026-02-08 22:38:48',0,'2026-02-08 22:38:48','2026-02-08 22:38:48'),(202,116,2,12,'管理部',7,'财务部','zhaozhao01','zhangsan01',1,2,'','zhaozhao01','2026-02-08 22:38:49',0,'2026-02-08 22:38:49','2026-02-08 22:38:49'),(203,117,2,12,'管理部',7,'财务部','zhaozhao01','zhangsan01',1,2,'','zhaozhao01','2026-02-08 22:38:49',0,'2026-02-08 22:38:49','2026-02-08 22:38:49'),(204,118,2,12,'管理部',7,'财务部','zhaozhao01','zhangsan01',1,2,'','zhaozhao01','2026-02-08 22:38:49',0,'2026-02-08 22:38:49','2026-02-08 22:38:49'),(205,119,2,12,'管理部',7,'财务部','zhaozhao01','zhangsan01',1,2,'','zhaozhao01','2026-02-08 22:38:49',0,'2026-02-08 22:38:49','2026-02-08 22:38:49'),(206,120,2,12,'管理部',7,'财务部','zhaozhao01','zhangsan01',1,2,'','zhaozhao01','2026-02-08 22:38:49',0,'2026-02-08 22:38:49','2026-02-08 22:38:49'),(207,121,2,12,'管理部',7,'财务部','zhaozhao01','zhangsan01',1,2,'','zhaozhao01','2026-02-08 22:38:49',0,'2026-02-08 22:38:49','2026-02-08 22:38:49'),(208,122,2,12,'管理部',7,'财务部','zhaozhao01','zhangsan01',1,2,'','zhaozhao01','2026-02-08 22:38:49',0,'2026-02-08 22:38:49','2026-02-08 22:38:49'),(209,123,2,12,'管理部',7,'财务部','zhaozhao01','zhangsan01',1,2,'','zhaozhao01','2026-02-08 22:38:49',0,'2026-02-08 22:38:49','2026-02-08 22:38:49'),(210,124,2,12,'管理部',7,'财务部','zhaozhao01','zhangsan01',1,2,'','zhaozhao01','2026-02-08 22:38:49',0,'2026-02-08 22:38:49','2026-02-08 22:38:49'),(211,125,2,12,'管理部',7,'财务部','zhaozhao01','zhangsan01',1,2,'','zhaozhao01','2026-02-08 22:38:49',0,'2026-02-08 22:38:49','2026-02-08 22:38:49'),(212,126,2,12,'管理部',7,'财务部','zhaozhao01','zhangsan01',1,2,'','zhaozhao01','2026-02-08 22:38:49',0,'2026-02-08 22:38:49','2026-02-08 22:38:49'),(213,90,2,12,'管理部',7,'财务部','zhaozhao01','zhangsan01',1,2,'','zhaozhao01','2026-02-08 22:38:49',0,'2026-02-08 22:38:49','2026-02-08 22:38:49'),(214,78,2,12,'管理部',7,'财务部','zhaozhao01','zhangsan01',1,2,'','zhaozhao01','2026-02-08 22:38:49',0,'2026-02-08 22:38:49','2026-02-08 22:38:49'),(215,79,2,12,'管理部',7,'财务部','zhaozhao01','zhangsan01',1,2,'','zhaozhao01','2026-02-08 22:38:49',0,'2026-02-08 22:38:49','2026-02-08 22:38:49'),(216,80,2,12,'管理部',7,'财务部','zhaozhao01','zhangsan01',1,2,'','zhaozhao01','2026-02-08 22:38:49',0,'2026-02-08 22:38:49','2026-02-08 22:38:49'),(217,81,2,12,'管理部',7,'财务部','zhaozhao01','zhangsan01',1,2,'','zhaozhao01','2026-02-08 22:38:50',0,'2026-02-08 22:38:50','2026-02-08 22:38:50'),(218,82,2,12,'管理部',7,'财务部','zhaozhao01','zhangsan01',1,2,'','zhaozhao01','2026-02-08 22:38:50',0,'2026-02-08 22:38:50','2026-02-08 22:38:50'),(219,83,2,12,'管理部',7,'财务部','zhaozhao01','zhangsan01',1,2,'','zhaozhao01','2026-02-08 22:38:50',0,'2026-02-08 22:38:50','2026-02-08 22:38:50'),(220,84,2,12,'管理部',7,'财务部','zhaozhao01','zhangsan01',1,2,'','zhaozhao01','2026-02-08 22:38:50',0,'2026-02-08 22:38:50','2026-02-08 22:38:50'),(221,85,2,12,'管理部',7,'财务部','zhaozhao01','zhangsan01',1,2,'','zhaozhao01','2026-02-08 22:38:50',0,'2026-02-08 22:38:50','2026-02-08 22:38:50'),(222,86,2,12,'管理部',7,'财务部','zhaozhao01','zhangsan01',1,2,'','zhaozhao01','2026-02-08 22:38:50',0,'2026-02-08 22:38:50','2026-02-08 22:38:50'),(223,87,2,12,'管理部',7,'财务部','zhaozhao01','zhangsan01',1,2,'','zhaozhao01','2026-02-08 22:38:50',0,'2026-02-08 22:38:50','2026-02-08 22:38:50'),(224,88,2,12,'管理部',7,'财务部','zhaozhao01','zhangsan01',1,2,'','zhaozhao01','2026-02-08 22:38:50',0,'2026-02-08 22:38:50','2026-02-08 22:38:50'),(225,89,2,12,'管理部',7,'财务部','zhaozhao01','zhangsan01',1,2,'','zhaozhao01','2026-02-08 22:38:50',0,'2026-02-08 22:38:50','2026-02-08 22:38:50'),(226,91,2,12,'管理部',7,'财务部','zhaozhao01','zhangsan01',1,2,'','zhaozhao01','2026-02-08 22:38:50',0,'2026-02-08 22:38:50','2026-02-08 22:38:50'),(227,92,2,12,'管理部',7,'财务部','zhaozhao01','zhangsan01',1,2,'','zhaozhao01','2026-02-08 22:38:50',0,'2026-02-08 22:38:50','2026-02-08 22:38:50'),(228,93,2,12,'管理部',7,'财务部','zhaozhao01','zhangsan01',1,2,'','zhaozhao01','2026-02-08 22:38:50',0,'2026-02-08 22:38:50','2026-02-08 22:38:50'),(229,94,2,12,'管理部',7,'财务部','zhaozhao01','zhangsan01',1,2,'','zhaozhao01','2026-02-08 22:38:50',0,'2026-02-08 22:38:50','2026-02-08 22:38:50'),(230,95,2,12,'管理部',7,'财务部','zhaozhao01','zhangsan01',1,2,'','zhaozhao01','2026-02-08 22:38:50',0,'2026-02-08 22:38:50','2026-02-08 22:38:50'),(231,96,2,12,'管理部',7,'财务部','zhaozhao01','zhangsan01',1,2,'','zhaozhao01','2026-02-08 22:38:50',0,'2026-02-08 22:38:50','2026-02-08 22:38:50'),(232,97,2,12,'管理部',7,'财务部','zhaozhao01','zhangsan01',1,2,'','zhaozhao01','2026-02-08 22:38:50',0,'2026-02-08 22:38:50','2026-02-08 22:38:50'),(233,98,2,12,'管理部',7,'财务部','zhaozhao01','zhangsan01',1,2,'','zhaozhao01','2026-02-08 22:38:51',0,'2026-02-08 22:38:51','2026-02-08 22:38:51'),(234,99,2,12,'管理部',7,'财务部','zhaozhao01','zhangsan01',1,2,'','zhaozhao01','2026-02-08 22:38:51',0,'2026-02-08 22:38:51','2026-02-08 22:38:51'),(235,100,2,12,'管理部',7,'财务部','zhaozhao01','zhangsan01',1,2,'','zhaozhao01','2026-02-08 22:38:51',0,'2026-02-08 22:38:51','2026-02-08 22:38:51'),(236,101,2,12,'管理部',7,'财务部','zhaozhao01','zhangsan01',1,2,'','zhaozhao01','2026-02-08 22:38:51',0,'2026-02-08 22:38:51','2026-02-08 22:38:51'),(237,77,2,12,'管理部',7,'财务部','zhaozhao01','zhangsan01',1,2,'','zhaozhao01','2026-02-08 22:38:51',0,'2026-02-08 22:38:51','2026-02-08 22:38:51'),(238,156,2,12,'管理部',11,'维修部','zhaozhao01','zhouzhou01',1,2,'','zhaozhao01','2026-02-08 22:39:18',0,'2026-02-08 22:39:18','2026-02-08 22:39:18'),(239,155,2,12,'管理部',11,'维修部','zhaozhao01','zhouzhou01',1,2,'','zhaozhao01','2026-02-08 22:39:18',0,'2026-02-08 22:39:18','2026-02-08 22:39:18'),(240,154,2,12,'管理部',11,'维修部','zhaozhao01','zhouzhou01',1,2,'','zhaozhao01','2026-02-08 22:39:18',0,'2026-02-08 22:39:18','2026-02-08 22:39:18'),(241,153,2,12,'管理部',11,'维修部','zhaozhao01','zhouzhou01',1,2,'','zhaozhao01','2026-02-08 22:39:18',0,'2026-02-08 22:39:18','2026-02-08 22:39:18'),(242,152,2,12,'管理部',11,'维修部','zhaozhao01','zhouzhou01',1,2,'','zhaozhao01','2026-02-08 22:39:18',0,'2026-02-08 22:39:18','2026-02-08 22:39:18'),(243,151,2,12,'管理部',11,'维修部','zhaozhao01','zhouzhou01',1,2,'','zhaozhao01','2026-02-08 22:39:18',0,'2026-02-08 22:39:18','2026-02-08 22:39:18'),(244,142,2,12,'管理部',11,'维修部','zhaozhao01','zhouzhou01',1,2,'','zhaozhao01','2026-02-08 22:39:18',0,'2026-02-08 22:39:18','2026-02-08 22:39:18'),(245,150,2,12,'管理部',11,'维修部','zhaozhao01','zhouzhou01',1,2,'','zhaozhao01','2026-02-08 22:39:18',0,'2026-02-08 22:39:18','2026-02-08 22:39:18'),(246,149,2,12,'管理部',11,'维修部','zhaozhao01','zhouzhou01',1,2,'','zhaozhao01','2026-02-08 22:39:18',0,'2026-02-08 22:39:18','2026-02-08 22:39:18'),(247,148,2,12,'管理部',11,'维修部','zhaozhao01','zhouzhou01',1,2,'','zhaozhao01','2026-02-08 22:39:18',0,'2026-02-08 22:39:18','2026-02-08 22:39:18'),(248,147,2,12,'管理部',11,'维修部','zhaozhao01','zhouzhou01',1,2,'','zhaozhao01','2026-02-08 22:39:18',0,'2026-02-08 22:39:18','2026-02-08 22:39:18'),(249,146,2,12,'管理部',11,'维修部','zhaozhao01','zhouzhou01',1,2,'','zhaozhao01','2026-02-08 22:39:18',0,'2026-02-08 22:39:18','2026-02-08 22:39:18'),(250,145,2,12,'管理部',11,'维修部','zhaozhao01','zhouzhou01',1,2,'','zhaozhao01','2026-02-08 22:39:18',0,'2026-02-08 22:39:18','2026-02-08 22:39:18'),(251,144,2,12,'管理部',11,'维修部','zhaozhao01','zhouzhou01',1,2,'','zhaozhao01','2026-02-08 22:39:19',0,'2026-02-08 22:39:19','2026-02-08 22:39:19'),(252,143,2,12,'管理部',11,'维修部','zhaozhao01','zhouzhou01',1,2,'','zhaozhao01','2026-02-08 22:39:19',0,'2026-02-08 22:39:19','2026-02-08 22:39:19'),(253,127,2,12,'管理部',11,'维修部','zhaozhao01','zhouzhou01',1,2,'','zhaozhao01','2026-02-08 22:39:19',0,'2026-02-08 22:39:19','2026-02-08 22:39:19'),(254,141,2,12,'管理部',11,'维修部','zhaozhao01','zhouzhou01',1,2,'','zhaozhao01','2026-02-08 22:39:19',0,'2026-02-08 22:39:19','2026-02-08 22:39:19'),(255,140,2,12,'管理部',11,'维修部','zhaozhao01','zhouzhou01',1,2,'','zhaozhao01','2026-02-08 22:39:19',0,'2026-02-08 22:39:19','2026-02-08 22:39:19'),(256,139,2,12,'管理部',11,'维修部','zhaozhao01','zhouzhou01',1,2,'','zhaozhao01','2026-02-08 22:39:19',0,'2026-02-08 22:39:19','2026-02-08 22:39:19'),(257,138,2,12,'管理部',11,'维修部','zhaozhao01','zhouzhou01',1,2,'','zhaozhao01','2026-02-08 22:39:19',0,'2026-02-08 22:39:19','2026-02-08 22:39:19'),(258,137,2,12,'管理部',11,'维修部','zhaozhao01','zhouzhou01',1,2,'','zhaozhao01','2026-02-08 22:39:19',0,'2026-02-08 22:39:19','2026-02-08 22:39:19'),(259,136,2,12,'管理部',11,'维修部','zhaozhao01','zhouzhou01',1,2,'','zhaozhao01','2026-02-08 22:39:19',0,'2026-02-08 22:39:19','2026-02-08 22:39:19'),(260,135,2,12,'管理部',11,'维修部','zhaozhao01','zhouzhou01',1,2,'','zhaozhao01','2026-02-08 22:39:19',0,'2026-02-08 22:39:19','2026-02-08 22:39:19'),(261,134,2,12,'管理部',11,'维修部','zhaozhao01','zhouzhou01',1,2,'','zhaozhao01','2026-02-08 22:39:19',0,'2026-02-08 22:39:19','2026-02-08 22:39:19'),(262,133,2,12,'管理部',11,'维修部','zhaozhao01','zhouzhou01',1,2,'','zhaozhao01','2026-02-08 22:39:19',0,'2026-02-08 22:39:19','2026-02-08 22:39:19'),(263,132,2,12,'管理部',11,'维修部','zhaozhao01','zhouzhou01',1,2,'','zhaozhao01','2026-02-08 22:39:19',0,'2026-02-08 22:39:19','2026-02-08 22:39:19'),(264,131,2,12,'管理部',11,'维修部','zhaozhao01','zhouzhou01',1,2,'','zhaozhao01','2026-02-08 22:39:19',0,'2026-02-08 22:39:19','2026-02-08 22:39:19'),(265,130,2,12,'管理部',11,'维修部','zhaozhao01','zhouzhou01',1,2,'','zhaozhao01','2026-02-08 22:39:19',0,'2026-02-08 22:39:19','2026-02-08 22:39:19'),(266,129,2,12,'管理部',11,'维修部','zhaozhao01','zhouzhou01',1,2,'','zhaozhao01','2026-02-08 22:39:20',0,'2026-02-08 22:39:20','2026-02-08 22:39:20'),(267,128,2,12,'管理部',11,'维修部','zhaozhao01','zhouzhou01',1,2,'','zhaozhao01','2026-02-08 22:39:20',0,'2026-02-08 22:39:20','2026-02-08 22:39:20');
/*!40000 ALTER TABLE `asset_record` ENABLE KEYS */;
UNLOCK TABLES;

--
-- Table structure for table `asset_repair`
--

DROP TABLE IF EXISTS `asset_repair`;
/*!40101 SET @saved_cs_client     = @@character_set_client */;
/*!50503 SET character_set_client = utf8mb4 */;
CREATE TABLE `asset_repair` (
  `id` bigint NOT NULL AUTO_INCREMENT COMMENT '主键ID',
  `repair_number` varchar(50) NOT NULL COMMENT '报修编号',
  `asset_id` bigint NOT NULL COMMENT '资产ID',
  `asset_number` varchar(50) NOT NULL COMMENT '资产编号',
  `asset_name` varchar(100) NOT NULL COMMENT '资产名称',
  `fault_description` varchar(1000) NOT NULL COMMENT '故障描述',
  `repair_type` int NOT NULL COMMENT '报修类型：1-日常维修 2-故障维修 3-预防性维修',
  `repair_priority` int NOT NULL DEFAULT '2' COMMENT '优先级：1-紧急 2-普通 3-低',
  `reporter` varchar(50) NOT NULL COMMENT '报修人',
  `report_time` datetime NOT NULL COMMENT '报修时间',
  `repair_status` int NOT NULL DEFAULT '1' COMMENT '报修状态：1-待审批 2-已审批 3-维修中 4-已完成 5-已拒绝',
  `original_status` tinyint DEFAULT NULL COMMENT '报修前资产状态',
  `approver` varchar(50) DEFAULT NULL COMMENT '审批人',
  `approval_time` datetime DEFAULT NULL COMMENT '审批时间',
  `repair_person` varchar(50) DEFAULT NULL COMMENT '维修人',
  `repair_start_time` datetime DEFAULT NULL COMMENT '维修开始时间',
  `repair_end_time` datetime DEFAULT NULL COMMENT '维修完成时间',
  `repair_cost` decimal(10,2) DEFAULT '0.00' COMMENT '维修费用',
  `repair_result` varchar(500) DEFAULT NULL COMMENT '维修结果',
  `remark` varchar(500) DEFAULT NULL COMMENT '备注',
  `create_time` datetime NOT NULL DEFAULT CURRENT_TIMESTAMP COMMENT '创建时间',
  `update_time` datetime NOT NULL DEFAULT CURRENT_TIMESTAMP ON UPDATE CURRENT_TIMESTAMP COMMENT '更新时间',
  `deleted` tinyint NOT NULL DEFAULT '0' COMMENT '逻辑删除：0-未删除 1-已删除',
  PRIMARY KEY (`id`),
  UNIQUE KEY `uk_repair_number` (`repair_number`),
  KEY `idx_asset_id` (`asset_id`),
  KEY `idx_repair_status` (`repair_status`),
  KEY `idx_report_time` (`report_time`)
) ENGINE=InnoDB AUTO_INCREMENT=3 DEFAULT CHARSET=utf8mb4 COLLATE=utf8mb4_0900_ai_ci COMMENT='资产报修记录表';
/*!40101 SET character_set_client = @saved_cs_client */;

--
-- Dumping data for table `asset_repair`
--

LOCK TABLES `asset_repair` WRITE;
/*!40000 ALTER TABLE `asset_repair` DISABLE KEYS */;
INSERT INTO `asset_repair` VALUES (1,'REP-20260208-028',10,'LSXJQ-20260208-0002','贴片机','损坏需维修',2,1,'zhangsan01','2026-02-08 22:27:51',4,2,'wangwu01','2026-02-08 22:30:12','zhouzhou01','2026-02-08 22:30:25','2026-02-08 22:30:34',800.00,'维修完成','','2026-02-08 22:27:51','2026-02-08 22:27:51',0),(2,'REP-20260208-613',201,'YZ-20260208-0001','单人办公椅','常规维护',1,3,'zhangsan01','2026-02-08 22:30:01',5,2,'wangwu01','2026-02-08 22:30:14',NULL,NULL,NULL,0.00,NULL,'','2026-02-08 22:30:01','2026-02-08 22:30:01',0);
/*!40000 ALTER TABLE `asset_repair` ENABLE KEYS */;
UNLOCK TABLES;

--
-- Table structure for table `sys_dept`
--

DROP TABLE IF EXISTS `sys_dept`;
/*!40101 SET @saved_cs_client     = @@character_set_client */;
/*!50503 SET character_set_client = utf8mb4 */;
CREATE TABLE `sys_dept` (
  `id` bigint NOT NULL AUTO_INCREMENT COMMENT '部门ID',
  `parent_id` bigint DEFAULT '0' COMMENT '父部门ID，0表示顶级部门',
  `dept_name` varchar(50) NOT NULL COMMENT '部门名称',
  `dept_code` varchar(50) DEFAULT NULL COMMENT '部门编码',
  `leader` varchar(50) DEFAULT NULL COMMENT '负责人',
  `phone` varchar(20) DEFAULT NULL COMMENT '联系电话',
  `email` varchar(100) DEFAULT NULL COMMENT '邮箱',
  `sort_order` int DEFAULT '0' COMMENT '显示顺序',
  `status` tinyint DEFAULT '1' COMMENT '状态：1-正常，0-停用',
  `remark` varchar(500) DEFAULT NULL COMMENT '备注',
  `deleted` tinyint NOT NULL DEFAULT '0' COMMENT '删除标记：0-未删除，1-已删除',
  `create_time` datetime NOT NULL DEFAULT CURRENT_TIMESTAMP COMMENT '创建时间',
  `update_time` datetime NOT NULL DEFAULT CURRENT_TIMESTAMP ON UPDATE CURRENT_TIMESTAMP COMMENT '更新时间',
  PRIMARY KEY (`id`),
  KEY `idx_parent_id` (`parent_id`),
  KEY `idx_dept_code` (`dept_code`)
) ENGINE=InnoDB AUTO_INCREMENT=13 DEFAULT CHARSET=utf8mb4 COLLATE=utf8mb4_0900_ai_ci COMMENT='部门表';
/*!40101 SET character_set_client = @saved_cs_client */;

--
-- Dumping data for table `sys_dept`
--

LOCK TABLES `sys_dept` WRITE;
/*!40000 ALTER TABLE `sys_dept` DISABLE KEYS */;
INSERT INTO `sys_dept` VALUES (1,0,'总公司','ZGS','','','',0,1,'',0,'2026-02-08 21:56:19','2026-02-08 21:56:19'),(2,1,'财务部','CWB','','','',0,1,'',0,'2026-02-08 22:10:51','2026-02-08 22:10:51'),(3,1,'在线科技','ZXKJ','','','',1,1,'',0,'2026-02-08 22:11:06','2026-02-08 22:11:06'),(4,3,'财务部','CWB-ZX','','','',0,1,'',0,'2026-02-08 22:11:31','2026-02-08 22:11:31'),(5,3,'开发平台','KFPT','','','',0,1,'',0,'2026-02-08 22:11:49','2026-02-08 22:11:49'),(6,1,'电子厂','DZC','','','',2,1,'',0,'2026-02-08 22:12:23','2026-02-08 22:12:23'),(7,6,'财务部','CWB-DZ','','','',0,1,'',0,'2026-02-08 22:12:39','2026-02-08 22:12:39'),(8,1,'人事部','RSB','','','',0,1,'',0,'2026-02-08 22:13:05','2026-02-08 22:13:05'),(9,3,'人事部','RSB-ZX','','','',0,1,'',0,'2026-02-08 22:13:35','2026-02-08 22:13:35'),(10,1,'资产部','ZCB','','','',0,1,'',0,'2026-02-08 22:16:40','2026-02-08 22:16:40'),(11,1,'维修部','WXB','','','',0,1,'',0,'2026-02-08 22:16:48','2026-02-08 22:16:48'),(12,1,'管理部','GLB','','','',0,1,'',0,'2026-02-08 22:18:02','2026-02-08 22:18:02');
/*!40000 ALTER TABLE `sys_dept` ENABLE KEYS */;
UNLOCK TABLES;

--
-- Table structure for table `sys_menu`
--

DROP TABLE IF EXISTS `sys_menu`;
/*!40101 SET @saved_cs_client     = @@character_set_client */;
/*!50503 SET character_set_client = utf8mb4 */;
CREATE TABLE `sys_menu` (
  `id` bigint NOT NULL AUTO_INCREMENT COMMENT '菜单ID',
  `parent_id` bigint DEFAULT '0' COMMENT '父菜单ID，0表示顶级菜单',
  `menu_name` varchar(100) NOT NULL COMMENT '菜单名称',
  `menu_type` varchar(20) NOT NULL COMMENT '菜单类型：DIR-目录，MENU-菜单，BUTTON-按钮',
  `permission_code` varchar(200) DEFAULT NULL COMMENT '权限标识（如：system:user:add）',
  `path` varchar(200) DEFAULT NULL COMMENT '路由路径',
  `component` varchar(200) DEFAULT NULL COMMENT '组件路径',
  `icon` varchar(100) DEFAULT NULL COMMENT '菜单图标',
  `sort_order` int DEFAULT '0' COMMENT '排序号',
  `status` tinyint(1) DEFAULT '1' COMMENT '状态：1-启用，0-禁用',
  `visible` tinyint(1) DEFAULT '1' COMMENT '是否可见：1-可见，0-隐藏',
  `remark` varchar(500) DEFAULT NULL COMMENT '备注',
  `deleted` tinyint(1) DEFAULT '0' COMMENT '删除标记：0-未删除，1-已删除',
  `create_time` datetime DEFAULT CURRENT_TIMESTAMP COMMENT '创建时间',
  `update_time` datetime DEFAULT CURRENT_TIMESTAMP ON UPDATE CURRENT_TIMESTAMP COMMENT '更新时间',
  PRIMARY KEY (`id`),
  KEY `idx_parent_id` (`parent_id`),
  KEY `idx_menu_type` (`menu_type`),
  KEY `idx_status` (`status`)
) ENGINE=InnoDB AUTO_INCREMENT=95 DEFAULT CHARSET=utf8mb4 COLLATE=utf8mb4_0900_ai_ci COMMENT='菜单权限表';
/*!40101 SET character_set_client = @saved_cs_client */;

--
-- Dumping data for table `sys_menu`
--

LOCK TABLES `sys_menu` WRITE;
/*!40000 ALTER TABLE `sys_menu` DISABLE KEYS */;
INSERT INTO `sys_menu` VALUES (1,0,'仪表盘','MENU','dashboard:view','/dashboard','Dashboard','DataLine',1,1,1,NULL,0,'2026-02-08 21:46:36','2026-02-08 21:46:36'),(2,0,'系统管理','DIR',NULL,'/system',NULL,'Setting',2,1,1,NULL,0,'2026-02-08 21:46:36','2026-02-08 21:46:36'),(3,0,'资产管理','DIR',NULL,'/asset',NULL,'Grid',3,1,1,NULL,0,'2026-02-08 21:46:36','2026-02-08 21:46:36'),(4,0,'采购管理','MENU','purchase:list','/purchase','PurchaseManagement','ShoppingCart',4,1,1,NULL,0,'2026-02-08 21:46:36','2026-02-08 21:46:36'),(5,0,'人员管理','DIR',NULL,'/personnel',NULL,'User',5,0,1,NULL,0,'2026-02-08 21:46:36','2026-02-08 21:46:36'),(6,0,'生命周期与盘点','DIR',NULL,'/lifecycle',NULL,'Refresh',6,1,1,NULL,0,'2026-02-08 21:46:36','2026-02-08 21:46:36'),(8,2,'角色管理','MENU','system:role:list','/role','RoleManagement','UserFilled',1,1,1,NULL,0,'2026-02-08 21:46:36','2026-02-08 21:46:36'),(9,2,'用户管理','MENU','system:user:list','/','UserManagement','User',3,1,1,NULL,0,'2026-02-08 21:46:36','2026-02-08 21:46:36'),(10,2,'部门管理','MENU','system:department:list','/departments','DepartmentManagement','OfficeBuilding',0,1,1,NULL,0,'2026-02-08 21:46:36','2026-02-08 21:46:36'),(11,2,'菜单管理','MENU','system:permission:list','/permissions','PermissionManagement','Key',2,1,1,NULL,0,'2026-02-08 21:46:36','2026-02-08 21:46:36'),(13,3,'资产信息管理','MENU','asset:info:list','/assets','AssetManagement','List',1,1,1,NULL,0,'2026-02-08 21:46:36','2026-02-08 21:46:36'),(14,3,'资产分类管理','MENU','asset:category:list','/categories','CategoryManagement','Files',2,1,1,NULL,0,'2026-02-08 21:46:36','2026-02-08 21:46:36'),(15,3,'流转记录','MENU','asset:record:list','/records','RecordManagement','Document',3,1,1,NULL,0,'2026-02-08 21:46:36','2026-02-08 21:46:36'),(16,6,'生命周期管理','MENU','lifecycle:list','/lifecycle','LifecycleManagement','Clock',1,1,1,NULL,0,'2026-02-08 21:46:36','2026-02-08 21:46:36'),(17,6,'盘点管理','MENU','inventory:list','/inventory','InventoryManagement','Checked',2,1,1,NULL,0,'2026-02-08 21:46:36','2026-02-08 21:46:36'),(18,0,'报修管理','MENU','repair:list','/repair','RepairManagement','Tools',3,1,1,NULL,0,'2026-02-08 21:46:36','2026-02-08 21:46:36'),(20,8,'新增角色','BUTTON','system:role:add',NULL,NULL,NULL,1,1,1,NULL,0,'2026-02-08 21:46:36','2026-02-08 21:46:36'),(21,8,'编辑角色','BUTTON','system:role:edit',NULL,NULL,NULL,2,1,1,NULL,0,'2026-02-08 21:46:36','2026-02-08 21:46:36'),(22,8,'删除角色','BUTTON','system:role:delete',NULL,NULL,NULL,3,1,1,NULL,0,'2026-02-08 21:46:36','2026-02-08 21:46:36'),(23,8,'分配权限','BUTTON','system:role:permission',NULL,NULL,NULL,4,1,1,NULL,0,'2026-02-08 21:46:36','2026-02-08 21:46:36'),(24,8,'查看角色','BUTTON','system:role:view',NULL,NULL,NULL,5,1,1,NULL,0,'2026-02-08 21:46:36','2026-02-08 21:46:36'),(25,8,'更新状态','BUTTON','system:role:status',NULL,NULL,NULL,6,1,1,NULL,0,'2026-02-08 21:46:36','2026-02-08 21:46:36'),(26,9,'新增用户','BUTTON','system:user:add',NULL,NULL,NULL,1,1,1,NULL,0,'2026-02-08 21:46:36','2026-02-08 21:46:36'),(27,9,'编辑用户','BUTTON','system:user:edit',NULL,NULL,NULL,2,1,1,NULL,0,'2026-02-08 21:46:36','2026-02-08 21:46:36'),(28,9,'删除用户','BUTTON','system:user:delete',NULL,NULL,NULL,3,1,1,NULL,0,'2026-02-08 21:46:36','2026-02-08 21:46:36'),(29,9,'分配角色','BUTTON','system:user:assign',NULL,NULL,NULL,4,1,1,NULL,0,'2026-02-08 21:46:36','2026-02-08 21:46:36'),(30,9,'查看用户','BUTTON','system:user:view',NULL,NULL,NULL,5,1,1,NULL,0,'2026-02-08 21:46:36','2026-02-08 21:46:36'),(31,9,'更新状态','BUTTON','system:user:status',NULL,NULL,NULL,6,1,1,NULL,0,'2026-02-08 21:46:36','2026-02-08 21:46:36'),(32,9,'重置密码','BUTTON','system:user:reset',NULL,NULL,NULL,7,1,1,NULL,0,'2026-02-08 21:46:36','2026-02-08 21:46:36'),(33,10,'新增部门','BUTTON','system:department:add',NULL,NULL,NULL,1,1,1,NULL,0,'2026-02-08 21:46:36','2026-02-08 21:46:36'),(34,10,'编辑部门','BUTTON','system:department:edit',NULL,NULL,NULL,2,1,1,NULL,0,'2026-02-08 21:46:36','2026-02-08 21:46:36'),(35,10,'删除部门','BUTTON','system:department:delete',NULL,NULL,NULL,3,1,1,NULL,0,'2026-02-08 21:46:36','2026-02-08 21:46:36'),(36,10,'查看部门','BUTTON','system:department:view',NULL,NULL,NULL,4,1,1,NULL,0,'2026-02-08 21:46:36','2026-02-08 21:46:36'),(37,11,'新增权限','BUTTON','system:permission:add',NULL,NULL,NULL,1,1,1,NULL,0,'2026-02-08 21:46:36','2026-02-08 21:46:36'),(38,11,'编辑权限','BUTTON','system:permission:edit',NULL,NULL,NULL,2,1,1,NULL,0,'2026-02-08 21:46:36','2026-02-08 21:46:36'),(39,11,'删除权限','BUTTON','system:permission:delete',NULL,NULL,NULL,3,1,1,NULL,0,'2026-02-08 21:46:36','2026-02-08 21:46:36'),(47,13,'编辑资产','BUTTON','asset:info:edit',NULL,NULL,NULL,2,1,1,NULL,0,'2026-02-08 21:46:36','2026-02-08 21:46:36'),(49,13,'查看资产','BUTTON','asset:info:view',NULL,NULL,NULL,4,1,1,NULL,0,'2026-02-08 21:46:36','2026-02-08 21:46:36'),(51,13,'资产入库','BUTTON','asset:record:in',NULL,NULL,NULL,6,1,1,NULL,0,'2026-02-08 21:46:36','2026-02-08 21:46:36'),(52,13,'分配资产','BUTTON','asset:record:allocate',NULL,NULL,NULL,7,1,1,NULL,0,'2026-02-08 21:46:36','2026-02-08 21:46:36'),(53,13,'调拨资产','BUTTON','asset:record:transfer',NULL,NULL,NULL,8,1,1,NULL,0,'2026-02-08 21:46:36','2026-02-08 21:46:36'),(54,13,'归还资产','BUTTON','asset:record:return',NULL,NULL,NULL,9,1,1,NULL,0,'2026-02-08 21:46:36','2026-02-08 21:46:36'),(55,13,'报废资产','BUTTON','asset:record:scrap',NULL,NULL,NULL,10,1,1,NULL,0,'2026-02-08 21:46:36','2026-02-08 21:46:36'),(56,13,'送修资产','BUTTON','asset:record:repair',NULL,NULL,NULL,11,1,1,NULL,0,'2026-02-08 21:46:36','2026-02-08 21:46:36'),(58,13,'查看流转历史','BUTTON','asset:record:history',NULL,NULL,NULL,13,1,1,NULL,0,'2026-02-08 21:46:36','2026-02-08 21:46:36'),(59,14,'新增分类','BUTTON','asset:category:add',NULL,NULL,NULL,1,1,1,NULL,0,'2026-02-08 21:46:36','2026-02-08 21:46:36'),(60,14,'编辑分类','BUTTON','asset:category:edit',NULL,NULL,NULL,2,1,1,NULL,0,'2026-02-08 21:46:36','2026-02-08 21:46:36'),(61,14,'删除分类','BUTTON','asset:category:delete',NULL,NULL,NULL,3,1,1,NULL,0,'2026-02-08 21:46:36','2026-02-08 21:46:36'),(62,14,'查看分类','BUTTON','asset:category:view',NULL,NULL,NULL,4,1,1,NULL,0,'2026-02-08 21:46:36','2026-02-08 21:46:36'),(63,16,'创建生命周期','BUTTON','lifecycle:create',NULL,NULL,NULL,1,1,1,NULL,0,'2026-02-08 21:46:36','2026-02-08 21:46:36'),(64,16,'查询历史','BUTTON','lifecycle:history',NULL,NULL,NULL,2,1,1,NULL,0,'2026-02-08 21:46:36','2026-02-08 21:46:36'),(65,16,'当前阶段','BUTTON','lifecycle:current',NULL,NULL,NULL,3,1,1,NULL,0,'2026-02-08 21:46:36','2026-02-08 21:46:36'),(67,17,'创建盘点','BUTTON','inventory:create',NULL,NULL,NULL,1,1,1,NULL,0,'2026-02-08 21:46:36','2026-02-08 21:46:36'),(68,17,'开始盘点','BUTTON','inventory:start',NULL,NULL,NULL,2,1,1,NULL,0,'2026-02-08 21:46:36','2026-02-08 21:46:36'),(69,17,'执行盘点','BUTTON','inventory:execute',NULL,NULL,NULL,3,1,1,NULL,0,'2026-02-08 21:46:36','2026-02-08 21:46:36'),(70,17,'完成盘点','BUTTON','inventory:complete',NULL,NULL,NULL,4,1,1,NULL,0,'2026-02-08 21:46:36','2026-02-08 21:46:36'),(71,17,'取消盘点','BUTTON','inventory:cancel',NULL,NULL,NULL,5,1,1,NULL,0,'2026-02-08 21:46:36','2026-02-08 21:46:36'),(72,17,'查看盘点','BUTTON','inventory:view',NULL,NULL,NULL,6,1,1,NULL,0,'2026-02-08 21:46:36','2026-02-08 21:46:36'),(73,18,'创建报修','BUTTON','repair:create',NULL,NULL,NULL,1,1,1,NULL,0,'2026-02-08 21:46:36','2026-02-08 21:46:36'),(74,18,'审批报修','BUTTON','repair:approve',NULL,NULL,NULL,2,1,1,NULL,0,'2026-02-08 21:46:36','2026-02-08 21:46:36'),(75,18,'开始维修','BUTTON','repair:start',NULL,NULL,NULL,3,1,1,NULL,0,'2026-02-08 21:46:36','2026-02-08 21:46:36'),(76,18,'完成维修','BUTTON','repair:complete',NULL,NULL,NULL,4,1,1,NULL,0,'2026-02-08 21:46:36','2026-02-08 21:46:36'),(77,18,'查看报修','BUTTON','repair:view',NULL,NULL,NULL,5,1,1,NULL,0,'2026-02-08 21:46:36','2026-02-08 21:46:36'),(78,4,'新建采购','BUTTON','purchase:create',NULL,NULL,NULL,1,1,1,NULL,0,'2026-02-08 21:46:36','2026-02-08 21:46:36'),(79,4,'查看采购','BUTTON','purchase:view',NULL,NULL,NULL,2,1,1,NULL,0,'2026-02-08 21:46:36','2026-02-08 21:46:36'),(80,4,'取消采购','BUTTON','purchase:cancel',NULL,NULL,NULL,3,1,1,NULL,0,'2026-02-08 21:46:36','2026-02-08 21:46:36'),(89,4,'账单列表','BUTTON','finance:bill:list',NULL,NULL,NULL,6,1,1,NULL,0,'2026-02-08 21:46:36','2026-02-08 21:46:36'),(90,4,'生成账单','BUTTON','finance:bill:generate',NULL,NULL,NULL,7,1,1,NULL,0,'2026-02-08 21:46:36','2026-02-08 21:46:36'),(91,4,'确认账单','BUTTON','finance:bill:confirm',NULL,NULL,NULL,8,1,1,NULL,0,'2026-02-08 21:46:36','2026-02-08 21:46:36'),(92,4,'删除账单','BUTTON','finance:bill:delete',NULL,NULL,NULL,9,1,1,NULL,0,'2026-02-08 21:46:36','2026-02-08 21:46:36'),(93,4,'查看账单','BUTTON','finance:bill:view',NULL,NULL,NULL,10,1,1,NULL,0,'2026-02-08 21:46:36','2026-02-08 21:46:36'),(94,4,'资金统计','BUTTON','finance:statistics:view',NULL,NULL,NULL,11,1,1,NULL,0,'2026-02-08 21:46:36','2026-02-08 21:46:36');
/*!40000 ALTER TABLE `sys_menu` ENABLE KEYS */;
UNLOCK TABLES;

--
-- Table structure for table `sys_role`
--

DROP TABLE IF EXISTS `sys_role`;
/*!40101 SET @saved_cs_client     = @@character_set_client */;
/*!50503 SET character_set_client = utf8mb4 */;
CREATE TABLE `sys_role` (
  `id` bigint NOT NULL AUTO_INCREMENT COMMENT '角色ID',
  `role_code` varchar(50) NOT NULL COMMENT '角色编码（唯一）',
  `role_name` varchar(100) NOT NULL COMMENT '角色名称',
  `status` tinyint(1) DEFAULT '1' COMMENT '状态：1-启用，0-禁用',
  `remark` varchar(500) DEFAULT NULL COMMENT '备注说明',
  `deleted` tinyint(1) DEFAULT '0' COMMENT '删除标记：0-未删除，1-已删除',
  `create_time` datetime DEFAULT CURRENT_TIMESTAMP COMMENT '创建时间',
  `update_time` datetime DEFAULT CURRENT_TIMESTAMP ON UPDATE CURRENT_TIMESTAMP COMMENT '更新时间',
  PRIMARY KEY (`id`),
  UNIQUE KEY `role_code` (`role_code`),
  KEY `idx_role_code` (`role_code`),
  KEY `idx_status` (`status`)
) ENGINE=InnoDB AUTO_INCREMENT=6 DEFAULT CHARSET=utf8mb4 COLLATE=utf8mb4_0900_ai_ci COMMENT='系统角色表';
/*!40101 SET character_set_client = @saved_cs_client */;

--
-- Dumping data for table `sys_role`
--

LOCK TABLES `sys_role` WRITE;
/*!40000 ALTER TABLE `sys_role` DISABLE KEYS */;
INSERT INTO `sys_role` VALUES (1,'ADMIN','系统超级管理员',1,'拥有系统所有权限',0,'2026-02-08 21:46:36','2026-02-08 21:46:36'),(2,'USER','普通用户',1,'普通业务用户',0,'2026-02-08 21:46:36','2026-02-08 21:46:36'),(3,'ASSET_MANAGER','资产管理员',1,'负责资产管理相关功能',0,'2026-02-08 21:46:36','2026-02-08 21:46:36'),(4,'ADMIN-SYS','系统管理员',1,'',0,'2026-02-08 22:19:12','2026-02-08 22:19:12'),(5,'ADMIN_REPAIR','维修管理员',1,'',0,'2026-02-08 22:26:31','2026-02-08 22:26:31');
/*!40000 ALTER TABLE `sys_role` ENABLE KEYS */;
UNLOCK TABLES;

--
-- Table structure for table `sys_role_menu`
--

DROP TABLE IF EXISTS `sys_role_menu`;
/*!40101 SET @saved_cs_client     = @@character_set_client */;
/*!50503 SET character_set_client = utf8mb4 */;
CREATE TABLE `sys_role_menu` (
  `id` bigint NOT NULL AUTO_INCREMENT COMMENT '主键ID',
  `role_id` bigint NOT NULL COMMENT '角色ID',
  `menu_id` bigint NOT NULL COMMENT '菜单ID',
  `create_time` datetime DEFAULT CURRENT_TIMESTAMP COMMENT '创建时间',
  PRIMARY KEY (`id`),
  UNIQUE KEY `uk_role_menu` (`role_id`,`menu_id`),
  KEY `idx_role_id` (`role_id`),
  KEY `idx_menu_id` (`menu_id`)
) ENGINE=InnoDB AUTO_INCREMENT=282 DEFAULT CHARSET=utf8mb4 COLLATE=utf8mb4_0900_ai_ci COMMENT='角色菜单关联表';
/*!40101 SET character_set_client = @saved_cs_client */;

--
-- Dumping data for table `sys_role_menu`
--

LOCK TABLES `sys_role_menu` WRITE;
/*!40000 ALTER TABLE `sys_role_menu` DISABLE KEYS */;
INSERT INTO `sys_role_menu` VALUES (1,1,1,'2026-02-08 21:46:36'),(2,1,2,'2026-02-08 21:46:36'),(3,1,3,'2026-02-08 21:46:36'),(4,1,4,'2026-02-08 21:46:36'),(5,1,5,'2026-02-08 21:46:36'),(6,1,6,'2026-02-08 21:46:36'),(7,1,8,'2026-02-08 21:46:36'),(8,1,9,'2026-02-08 21:46:36'),(9,1,10,'2026-02-08 21:46:36'),(10,1,11,'2026-02-08 21:46:36'),(11,1,13,'2026-02-08 21:46:36'),(12,1,14,'2026-02-08 21:46:36'),(13,1,15,'2026-02-08 21:46:36'),(14,1,16,'2026-02-08 21:46:36'),(15,1,17,'2026-02-08 21:46:36'),(16,1,18,'2026-02-08 21:46:36'),(17,1,20,'2026-02-08 21:46:36'),(18,1,21,'2026-02-08 21:46:36'),(19,1,22,'2026-02-08 21:46:36'),(20,1,23,'2026-02-08 21:46:36'),(21,1,24,'2026-02-08 21:46:36'),(22,1,25,'2026-02-08 21:46:36'),(23,1,26,'2026-02-08 21:46:36'),(24,1,27,'2026-02-08 21:46:36'),(25,1,28,'2026-02-08 21:46:36'),(26,1,29,'2026-02-08 21:46:36'),(27,1,30,'2026-02-08 21:46:36'),(28,1,31,'2026-02-08 21:46:36'),(29,1,32,'2026-02-08 21:46:36'),(30,1,33,'2026-02-08 21:46:36'),(31,1,34,'2026-02-08 21:46:36'),(32,1,35,'2026-02-08 21:46:36'),(33,1,36,'2026-02-08 21:46:36'),(34,1,37,'2026-02-08 21:46:36'),(35,1,38,'2026-02-08 21:46:36'),(36,1,39,'2026-02-08 21:46:36'),(37,1,47,'2026-02-08 21:46:36'),(38,1,49,'2026-02-08 21:46:36'),(39,1,51,'2026-02-08 21:46:36'),(40,1,52,'2026-02-08 21:46:36'),(41,1,53,'2026-02-08 21:46:36'),(42,1,54,'2026-02-08 21:46:36'),(43,1,55,'2026-02-08 21:46:36'),(44,1,56,'2026-02-08 21:46:36'),(45,1,58,'2026-02-08 21:46:36'),(46,1,59,'2026-02-08 21:46:36'),(47,1,60,'2026-02-08 21:46:36'),(48,1,61,'2026-02-08 21:46:36'),(49,1,62,'2026-02-08 21:46:36'),(50,1,63,'2026-02-08 21:46:36'),(51,1,64,'2026-02-08 21:46:36'),(52,1,65,'2026-02-08 21:46:36'),(53,1,67,'2026-02-08 21:46:36'),(54,1,68,'2026-02-08 21:46:36'),(55,1,69,'2026-02-08 21:46:36'),(56,1,70,'2026-02-08 21:46:36'),(57,1,71,'2026-02-08 21:46:36'),(58,1,72,'2026-02-08 21:46:36'),(59,1,73,'2026-02-08 21:46:36'),(60,1,74,'2026-02-08 21:46:36'),(61,1,75,'2026-02-08 21:46:36'),(62,1,76,'2026-02-08 21:46:36'),(63,1,77,'2026-02-08 21:46:36'),(64,1,78,'2026-02-08 21:46:36'),(65,1,79,'2026-02-08 21:46:36'),(66,1,80,'2026-02-08 21:46:36'),(67,1,89,'2026-02-08 21:46:36'),(68,1,90,'2026-02-08 21:46:36'),(69,1,91,'2026-02-08 21:46:36'),(70,1,92,'2026-02-08 21:46:36'),(71,1,93,'2026-02-08 21:46:36'),(72,1,94,'2026-02-08 21:46:36'),(129,4,1,'2026-02-08 22:22:37'),(130,4,36,'2026-02-08 22:22:37'),(131,4,24,'2026-02-08 22:22:37'),(132,4,29,'2026-02-08 22:22:37'),(133,4,30,'2026-02-08 22:22:37'),(134,4,3,'2026-02-08 22:22:37'),(135,4,13,'2026-02-08 22:22:37'),(136,4,47,'2026-02-08 22:22:37'),(137,4,49,'2026-02-08 22:22:37'),(138,4,51,'2026-02-08 22:22:37'),(139,4,52,'2026-02-08 22:22:37'),(140,4,53,'2026-02-08 22:22:37'),(141,4,54,'2026-02-08 22:22:37'),(142,4,55,'2026-02-08 22:22:37'),(143,4,56,'2026-02-08 22:22:37'),(144,4,58,'2026-02-08 22:22:37'),(145,4,14,'2026-02-08 22:22:37'),(146,4,59,'2026-02-08 22:22:37'),(147,4,60,'2026-02-08 22:22:37'),(148,4,61,'2026-02-08 22:22:37'),(149,4,62,'2026-02-08 22:22:37'),(150,4,15,'2026-02-08 22:22:37'),(151,4,18,'2026-02-08 22:22:37'),(152,4,73,'2026-02-08 22:22:37'),(153,4,74,'2026-02-08 22:22:37'),(154,4,75,'2026-02-08 22:22:37'),(155,4,76,'2026-02-08 22:22:37'),(156,4,77,'2026-02-08 22:22:37'),(157,4,4,'2026-02-08 22:22:37'),(158,4,78,'2026-02-08 22:22:37'),(159,4,79,'2026-02-08 22:22:37'),(160,4,80,'2026-02-08 22:22:37'),(161,4,89,'2026-02-08 22:22:37'),(162,4,90,'2026-02-08 22:22:37'),(163,4,91,'2026-02-08 22:22:37'),(164,4,92,'2026-02-08 22:22:37'),(165,4,93,'2026-02-08 22:22:37'),(166,4,94,'2026-02-08 22:22:37'),(167,4,6,'2026-02-08 22:22:37'),(168,4,16,'2026-02-08 22:22:37'),(169,4,63,'2026-02-08 22:22:37'),(170,4,64,'2026-02-08 22:22:37'),(171,4,65,'2026-02-08 22:22:37'),(172,4,17,'2026-02-08 22:22:37'),(173,4,67,'2026-02-08 22:22:37'),(174,4,68,'2026-02-08 22:22:37'),(175,4,69,'2026-02-08 22:22:37'),(176,4,70,'2026-02-08 22:22:37'),(177,4,71,'2026-02-08 22:22:37'),(178,4,72,'2026-02-08 22:22:37'),(179,4,2,'2026-02-08 22:22:37'),(180,4,10,'2026-02-08 22:22:37'),(181,4,8,'2026-02-08 22:22:37'),(182,4,9,'2026-02-08 22:22:37'),(183,2,36,'2026-02-08 22:23:53'),(184,2,49,'2026-02-08 22:23:53'),(185,2,54,'2026-02-08 22:23:53'),(186,2,56,'2026-02-08 22:23:53'),(187,2,77,'2026-02-08 22:23:53'),(188,2,2,'2026-02-08 22:23:53'),(189,2,10,'2026-02-08 22:23:53'),(190,2,3,'2026-02-08 22:23:53'),(191,2,13,'2026-02-08 22:23:53'),(192,2,18,'2026-02-08 22:23:53'),(235,5,75,'2026-02-08 22:27:01'),(236,5,76,'2026-02-08 22:27:01'),(237,5,77,'2026-02-08 22:27:01'),(238,5,18,'2026-02-08 22:27:01'),(239,3,1,'2026-02-08 22:29:40'),(240,3,36,'2026-02-08 22:29:40'),(241,3,30,'2026-02-08 22:29:40'),(242,3,3,'2026-02-08 22:29:40'),(243,3,13,'2026-02-08 22:29:40'),(244,3,47,'2026-02-08 22:29:40'),(245,3,49,'2026-02-08 22:29:40'),(246,3,51,'2026-02-08 22:29:40'),(247,3,52,'2026-02-08 22:29:40'),(248,3,53,'2026-02-08 22:29:40'),(249,3,54,'2026-02-08 22:29:40'),(250,3,55,'2026-02-08 22:29:40'),(251,3,56,'2026-02-08 22:29:40'),(252,3,58,'2026-02-08 22:29:40'),(253,3,14,'2026-02-08 22:29:40'),(254,3,59,'2026-02-08 22:29:40'),(255,3,60,'2026-02-08 22:29:40'),(256,3,61,'2026-02-08 22:29:40'),(257,3,62,'2026-02-08 22:29:40'),(258,3,15,'2026-02-08 22:29:40'),(259,3,73,'2026-02-08 22:29:40'),(260,3,74,'2026-02-08 22:29:40'),(261,3,77,'2026-02-08 22:29:40'),(262,3,78,'2026-02-08 22:29:40'),(263,3,79,'2026-02-08 22:29:40'),(264,3,80,'2026-02-08 22:29:40'),(265,3,6,'2026-02-08 22:29:40'),(266,3,16,'2026-02-08 22:29:40'),(267,3,63,'2026-02-08 22:29:40'),(268,3,64,'2026-02-08 22:29:40'),(269,3,65,'2026-02-08 22:29:40'),(270,3,17,'2026-02-08 22:29:40'),(271,3,67,'2026-02-08 22:29:40'),(272,3,68,'2026-02-08 22:29:40'),(273,3,69,'2026-02-08 22:29:40'),(274,3,70,'2026-02-08 22:29:40'),(275,3,71,'2026-02-08 22:29:40'),(276,3,72,'2026-02-08 22:29:40'),(277,3,2,'2026-02-08 22:29:40'),(278,3,10,'2026-02-08 22:29:40'),(279,3,9,'2026-02-08 22:29:40'),(280,3,18,'2026-02-08 22:29:40'),(281,3,4,'2026-02-08 22:29:40');
/*!40000 ALTER TABLE `sys_role_menu` ENABLE KEYS */;
UNLOCK TABLES;

--
-- Table structure for table `sys_user`
--

DROP TABLE IF EXISTS `sys_user`;
/*!40101 SET @saved_cs_client     = @@character_set_client */;
/*!50503 SET character_set_client = utf8mb4 */;
CREATE TABLE `sys_user` (
  `id` bigint NOT NULL AUTO_INCREMENT COMMENT '用户ID',
  `username` varchar(50) NOT NULL COMMENT '工号',
  `password` varchar(100) NOT NULL COMMENT '密码（BCrypt加密）',
  `nickname` varchar(50) DEFAULT NULL COMMENT '姓名',
  `email` varchar(100) DEFAULT NULL COMMENT '邮箱',
  `phone` varchar(20) DEFAULT NULL COMMENT '手机号',
  `avatar` varchar(255) DEFAULT NULL COMMENT '头像URL',
  `department_id` bigint DEFAULT NULL COMMENT '所属部门ID',
  `status` tinyint NOT NULL DEFAULT '1' COMMENT '状态：0-禁用，1-正常',
  `deleted` tinyint NOT NULL DEFAULT '0' COMMENT '删除标记：0-未删除，1-已删除',
  `create_time` datetime NOT NULL DEFAULT CURRENT_TIMESTAMP COMMENT '创建时间',
  `update_time` datetime NOT NULL DEFAULT CURRENT_TIMESTAMP ON UPDATE CURRENT_TIMESTAMP COMMENT '更新时间',
  PRIMARY KEY (`id`),
  UNIQUE KEY `uk_username` (`username`),
  KEY `idx_department_id` (`department_id`),
  KEY `idx_status` (`status`)
) ENGINE=InnoDB AUTO_INCREMENT=7 DEFAULT CHARSET=utf8mb4 COLLATE=utf8mb4_0900_ai_ci COMMENT='系统用户表';
/*!40101 SET character_set_client = @saved_cs_client */;

--
-- Dumping data for table `sys_user`
--

LOCK TABLES `sys_user` WRITE;
/*!40000 ALTER TABLE `sys_user` DISABLE KEYS */;
INSERT INTO `sys_user` VALUES (1,'admin','$2a$10$N.zmdr9k7uOCQb376NoUnuTJ8iAt6Z5EHsM8lE9lBOsl7iKTVKIUi','系统管理员','admin@eams.com','13800138000',NULL,1,1,0,'2026-01-03 14:04:56','2026-02-08 21:55:57'),(2,'zhangsan01','$2a$10$PoYejCtg70xh6b4CIPOXiu4eTWZFE.0gvoIG.ucGL1NDwcWlhPMGO','张三','','15512345678',NULL,7,1,0,'2026-02-08 21:57:32','2026-02-08 21:57:32'),(3,'lisi01','$2a$10$G9J/JCV4RpXxciKKNnR4beJgVwRwUE1LAu1lYBir3YlDFBGvZl7am','李四','','15525852333',NULL,5,1,0,'2026-02-08 22:15:39','2026-02-08 22:15:39'),(4,'wangwu01','$2a$10$fjzlLh1OcPtcRydDV7Jwt.vlB1rDB0SpL29sbhL4ItUUgbjKe1lGO','王五','','15547877878',NULL,10,1,0,'2026-02-08 22:17:16','2026-02-08 22:17:16'),(5,'zhouzhou01','$2a$10$AUdxs7K6ALcmcB8hUGTsI.nY00uCT0FwEX1nn6eMep4/uaoD/Htiy','周舟','','15545674568',NULL,11,1,0,'2026-02-08 22:17:41','2026-02-08 22:17:41'),(6,'zhaozhao01','$2a$10$oA04ooNDZz6k0oHYFVMpoeJyi2UFLKEWJRCDRcJW9SuwXn7oYk.Ii','赵照','','15565466546',NULL,12,1,0,'2026-02-08 22:18:33','2026-02-08 22:18:33');
/*!40000 ALTER TABLE `sys_user` ENABLE KEYS */;
UNLOCK TABLES;

--
-- Table structure for table `sys_user_role`
--

DROP TABLE IF EXISTS `sys_user_role`;
/*!40101 SET @saved_cs_client     = @@character_set_client */;
/*!50503 SET character_set_client = utf8mb4 */;
CREATE TABLE `sys_user_role` (
  `id` bigint NOT NULL AUTO_INCREMENT COMMENT '主键ID',
  `user_id` bigint NOT NULL COMMENT '用户ID',
  `role_id` bigint NOT NULL COMMENT '角色ID',
  `create_time` datetime DEFAULT CURRENT_TIMESTAMP COMMENT '创建时间',
  PRIMARY KEY (`id`),
  UNIQUE KEY `uk_user_role` (`user_id`,`role_id`),
  KEY `idx_user_id` (`user_id`),
  KEY `idx_role_id` (`role_id`)
) ENGINE=InnoDB AUTO_INCREMENT=8 DEFAULT CHARSET=utf8mb4 COLLATE=utf8mb4_0900_ai_ci COMMENT='用户角色关联表';
/*!40101 SET character_set_client = @saved_cs_client */;

--
-- Dumping data for table `sys_user_role`
--

LOCK TABLES `sys_user_role` WRITE;
/*!40000 ALTER TABLE `sys_user_role` DISABLE KEYS */;
INSERT INTO `sys_user_role` VALUES (1,1,1,'2026-02-08 21:46:36'),(3,6,4,'2026-02-08 22:22:47'),(4,2,2,'2026-02-08 22:24:09'),(5,3,2,'2026-02-08 22:24:11'),(6,5,5,'2026-02-08 22:28:14'),(7,4,3,'2026-02-08 22:28:18');
/*!40000 ALTER TABLE `sys_user_role` ENABLE KEYS */;
UNLOCK TABLES;
/*!40103 SET TIME_ZONE=@OLD_TIME_ZONE */;

/*!40101 SET SQL_MODE=@OLD_SQL_MODE */;
/*!40014 SET FOREIGN_KEY_CHECKS=@OLD_FOREIGN_KEY_CHECKS */;
/*!40014 SET UNIQUE_CHECKS=@OLD_UNIQUE_CHECKS */;
/*!40101 SET CHARACTER_SET_CLIENT=@OLD_CHARACTER_SET_CLIENT */;
/*!40101 SET CHARACTER_SET_RESULTS=@OLD_CHARACTER_SET_RESULTS */;
/*!40101 SET COLLATION_CONNECTION=@OLD_COLLATION_CONNECTION */;
/*!40111 SET SQL_NOTES=@OLD_SQL_NOTES */;

-- Dump completed on 2026-02-10 19:49:39
